Id,AvailableCredit,BookingIndex,BookingNumber,BookingProducts,BookingVisitors,CancelIfNotCheckedIn,CancelIfNotPaid,ChargeNow,ChargedExtraServices,CheckedInAt,CoworkerBillingName,CoworkerCheckedInAt,CoworkerCheckedOutAt,CoworkerCompanyName,CoworkerCoworkerType,CoworkerExtraServiceChargePeriod,CoworkerExtraServiceCurrencyCode,CoworkerExtraServiceIds,CoworkerExtraServicePrice,CoworkerExtraServiceTotalUses,CoworkerFullName,CoworkerId,CoworkerInvoiceCreditNote,CoworkerInvoiceDraft,CoworkerInvoiceId,CoworkerInvoiceNumber,CoworkerInvoicePaid,CoworkerInvoiceVoid,CoworkerLandLine,CoworkerMobilePhone,CoworkerTeamNames,CreatedOn,CustomFields,DisableConfirmation,DiscountAmount,DiscountCode,DoNotUseBookingCredit,DynamicPriceAdjustment,EstimagedCost,EstimatedCost,EstimatedCostWithProducts,EstimatedExtraService,EstimatedProductCost,ExtraServiceId,ExtraServiceName,FloorPlanDeskId,FloorPlanDeskName,FromTime,IncludeZoomInvite,InternalNotes,Invoice,InvoiceDate,InvoiceNow,InvoiceThisCoworker,Invoiced,IsEvent,IsNew,IsTour,LastMinutePriceAdjustment,LocalizationDetails,MaxOccupancy,MinutesToStart,Notes,Online,OverridePrice,OverrideResourceLimits,PriceFactorDemand,PriceFactorLastMinute,PurchaseOrder,RepeatBooking,RepeatEvery,RepeatOnFridays,RepeatOnMondays,RepeatOnSaturdays,RepeatOnSundays,RepeatOnThursdays,RepeatOnTuesdays,RepeatOnWednesdays,RepeatSeriesUniqueId,RepeatUntil,Repeats,ResourceAllocation,ResourceHideInCalendar,ResourceId,ResourceName,ResourceNoReturnPolicy,ResourceNoReturnPolicyAllResources,ResourceNoReturnPolicyAllUsers,ResourceResourceTypeId,ResourceResourceTypeName,SkipGoogleCalendarUpdate,SystemId,TariffAtTheTimeOfBooking,TeamsAtTheTimeOfBooking,Tentative,ToCancel,ToStringText,ToTime,UniqueId,UpdatedBy,UpdatedOn,WhichBookingsToUpdate
1455637322,0.0,1,26,"[{'BookingId': 1455637322, 'ProductId': 1415477143, 'ProductName': 'Catering - Tea/Coffee', 'ProductPrice': 5.0, 'ProductCurrencyCode': 'EUR', 'InvoiceInMinutes': False, 'Quantity': 1, 'Id': 1417183698, 'UpdatedOn': '2026-08-25T19:19:26.3607511Z', 'CreatedOn': '2026-08-25T19:19:26.3607511Z', 'UniqueId': 'd092e714-9b6c-42b1-8b9e-bc43d1ab65a6', 'UpdatedBy': 'Olena+e2@nexudus.com', 'IsNew': False, 'SystemId': None, 'ToStringText': 'Catering - Tea/Coffee', 'LocalizationDetails': None, 'CustomFields': None}]",[],False,False,False,,,,,,,Individual,,,,,,Mary Higgins,1423807131,False,False,,,False,False,,,CloudNine Labs,2026-08-25T19:19:26.3607511Z,,False,,,False,,5.0,5.0,,,,,,,,2026-06-21T09:00:00Z,False,,,,False,True,False,False,False,False,,,,-94219,,False,,True,,,,True,1,False,False,False,False,False,False,False,d2666533-2329-472e-8125-cd50e26af90d,2026-12-23T00:00:00Z,2,,False,1415381597,Meeting Room Gamma,,,,1415379774,Meeting Room,False,,Private Office Annual,CloudNine Labs,False,False,Meeting Room Gamma (#26),2026-06-21T09:30:00Z,bfe8f129-92a4-4259-b4cb-b2347a9d07c7,Olena+e2@nexudus.com,2026-08-25T19:19:26.3607511Z,1
1455637339,0.0,2,43,[],[],False,False,False,,,,,,,Individual,,,,,,Ryan Nelson,1423807154,False,False,,,False,False,,,,2026-08-25T19:19:31.2977654Z,,False,,,False,,0.0,0.0,,,,,,,,2026-07-07T13:00:00Z,False,,,,False,True,False,False,False,False,,,,-70939,,False,,True,,,,True,1,False,False,False,False,False,False,False,243fac04-3cc8-4d2f-990a-a1394f4c77ff,2026-10-31T00:00:00Z,2,,False,1415381595,Boardroom Alpha,,,,1415379774,Meeting Room,False,,"Dedicated Desk Monthly, Private Office Small, Hot Desk Quarterly",,False,False,Boardroom Alpha (#43),2026-07-07T14:00:00Z,b25b1dae-6d23-4531-bf13-fa6b496d88f7,Olena+e2@nexudus.com,2026-08-25T19:19:31.2977654Z,1
1455636828,0.0,3,67,[],[],False,False,False,,,,,,,Individual,,,,,,Irene Wilson,1423807143,False,False,,,False,False,,,Bright Studio,2026-08-25T19:19:38.7859281Z,,False,,,False,,0.0,0.0,,,,,,,,2026-06-18T11:00:00Z,False,,,,False,True,False,False,False,False,,,,-98419,,False,,True,,,,True,1,False,False,False,False,False,False,False,e0a0e31f-e39d-453d-85c2-18235809baf3,2026-11-27T00:00:00Z,2,,False,1415381595,Boardroom Alpha,,,,1415379774,Meeting Room,False,,"Hot Desk Monthly, Private Office Annual",Bright Studio,False,False,Boardroom Alpha (#67),2026-06-18T12:00:00Z,6ceefdd7-91fe-4f4a-82f0-c047e6870f37,Olena+e2@nexudus.com,2026-08-25T19:19:38.7859281Z,1
1455638570,0.0,4,86,"[{'BookingId': 1455638570, 'ProductId': 1415477144, 'ProductName': 'AV Equipment', 'ProductPrice': 25.0, 'ProductCurrencyCode': 'EUR', 'InvoiceInMinutes': False, 'Quantity': 1, 'Id': 1417183717, 'UpdatedOn': '2026-08-25T19:19:46.0021965Z', 'CreatedOn': '2026-08-25T19:19:46.0021965Z', 'UniqueId': 'e672a43e-9a72-44e9-b0f5-4417b739ee34', 'UpdatedBy': 'Olena+e2@nexudus.com', 'IsNew': False, 'SystemId': None, 'ToStringText': 'AV Equipment', 'LocalizationDetails': None, 'CustomFields': None}]",[],False,False,False,,,,,,,Individual,,,,,,Jacqueline Wilson,1423807153,False,False,,,False,False,,,,2026-08-25T19:19:46.0021965Z,,False,,,False,,25.0,25.0,,,,,,,,2026-07-26T11:00:00Z,False,,,,False,True,False,False,False,False,,,,-43699,,False,,True,,,,True,1,False,False,False,False,False,False,False,4b449eb3-65af-408d-803a-d6995aeb1279,2026-12-02T00:00:00Z,2,,False,1415381692,Meeting Room Zeta,,,,1415379774,Meeting Room,False,,"Private Office Large, Flex Fortnightly, Hot Desk Monthly",,False,False,Meeting Room Zeta (#86),2026-07-26T11:30:00Z,4e6aafdb-3eb5-4819-8558-1852a9dcf6fa,Olena+e2@nexudus.com,2026-08-25T19:19:46.0021965Z,1
1455638591,0.0,5,107,[],[],False,False,False,,,,,,,Individual,,,,,,Glen Hawkins,1423807157,False,False,,,False,False,,,,2026-08-25T19:19:51.1623729Z,,False,,,False,,0.0,0.0,,,,,,,,2026-06-23T12:00:00Z,False,,,,False,True,False,False,False,False,,,,-91159,,False,,True,,,,True,1,False,False,False,False,False,False,False,d808816a-96ca-49c7-b8fb-d563795d603e,2026-11-16T00:00:00Z,2,,False,1415381596,Meeting Room Beta,,,,1415379774,Meeting Room,False,,"Flex Weekly, Dedicated Desk Monthly",,False,False,Meeting Room Beta (#107),2026-06-23T13:00:00Z,b71134c9-4cf9-486d-bb98-197082e5e767,Olena+e2@nexudus.com,2026-08-25T19:19:51.1623729Z,1
1455638613,0.0,6,129,[],[],False,False,False,,,,,,,Individual,,,,,,Ryan Nelson,1423807154,False,False,,,False,False,,,,2026-08-25T19:19:55.6874425Z,,False,,,False,,0.0,0.0,,,,,,,,2026-06-16T17:00:00Z,False,,,,False,True,False,False,False,False,,,,-100939,,False,,True,,,,True,1,False,False,False,False,False,False,False,2911764e-e16a-4f9f-98ca-5ae7b207a1d3,2026-11-17T00:00:00Z,2,,False,1415381695,Hot Desk Area D,,,,1415379775,Hot Desk,False,,"Dedicated Desk Monthly, Private Office Small, Hot Desk Quarterly",,False,False,Hot Desk Area D (#129),2026-06-16T17:30:00Z,5f260171-2e8f-4dde-8652-9739b4f24a16,Olena+e2@nexudus.com,2026-08-25T19:19:55.6874425Z,1
1455638636,0.0,7,151,[],[],False,False,False,,,,,,,Individual,,,,,,Leslie Warner,1423807137,False,False,,,False,False,,,Bright Studio,2026-08-25T19:20:02.5922332Z,,False,,,False,,0.0,0.0,,,,,,,,2026-07-11T14:00:00Z,False,,,,False,True,False,False,False,False,,,,-65120,,False,,True,,,,True,1,False,False,False,False,False,False,False,5a5f5738-8190-462a-a652-91d75521d46a,2026-12-09T00:00:00Z,2,,False,1415381694,Hot Desk Area C,,,,1415379775,Hot Desk,False,,Flex Fortnightly,Bright Studio,False,False,Hot Desk Area C (#151),2026-07-11T14:30:00Z,4e7aa5da-f467-4797-a367-ebe86706e9f0,Olena+e2@nexudus.com,2026-08-25T19:20:02.5922332Z,1
1455638674,0.0,8,178,[],[],False,False,False,,,,,,,Individual,,,,,,Colin Lloyd,1423807132,False,False,,,False,False,,,Delta Ventures,2026-08-25T19:20:11.2624421Z,,False,,,False,,0.0,0.0,,,,,,,,2026-06-04T10:00:00Z,False,,,,False,True,False,False,False,False,,,,-118640,,False,,True,,,,True,1,False,False,False,False,False,False,False,17f92a68-5af8-457a-9b88-0fbb19e02a18,2026-12-04T00:00:00Z,2,,False,1415381600,Hot Desk Area B,,,,1415379775,Hot Desk,False,,Flex Fortnightly,Delta Ventures,False,False,Hot Desk Area B (#178),2026-06-04T11:00:00Z,5d1665e3-8887-447a-8ea7-557c2bcb2670,Olena+e2@nexudus.com,2026-08-25T19:20:11.2624421Z,1
1455638641,0.0,9,183,[],[],False,False,False,,,,,,,Individual,,,,,,Jessica Dixon,1423807150,False,False,,,False,False,,,,2026-08-25T19:20:15.3283425Z,,False,,,False,,0.0,0.0,,,,,,,,2026-06-05T13:00:00Z,False,,,,False,True,False,False,False,False,,,,-117020,,False,,True,,,,True,1,False,False,False,False,False,False,False,e8ea8dd4-01ff-4ed1-a5d1-92600b1c0cde,2026-11-01T00:00:00Z,3,,False,1415381692,Meeting Room Zeta,,,,1415379774,Meeting Room,False,,"Dedicated Desk Monthly, Hot Desk Quarterly",,False,False,Meeting Room Zeta (#183),2026-06-05T17:00:00Z,a7de25dc-1dec-4baa-81d4-d4b19c091cad,Olena+e2@nexudus.com,2026-08-25T19:20:15.3283425Z,1
1455638647,0.0,10,189,[],[],False,False,False,,,,,,,Individual,,,,,,Jessica Dixon,1423807150,False,False,,,False,False,,,,2026-08-25T19:20:17.1877248Z,,False,,,False,,0.0,0.0,,,,,,,,2026-05-28T18:00:00Z,False,,,,False,True,False,False,False,False,,,,-128240,,False,,True,,,,True,1,False,False,False,False,False,False,False,6c5eb815-63ad-476c-bac3-4f3caaf00ed2,2026-11-12T00:00:00Z,3,,False,1415381596,Meeting Room Beta,,,,1415379774,Meeting Room,False,,"Dedicated Desk Monthly, Hot Desk Quarterly",,False,False,Meeting Room Beta (#189),2026-05-28T22:00:00Z,5dc97a9d-1b66-45a0-a067-d1434620c27e,Olena+e2@nexudus.com,2026-08-25T19:20:17.1877248Z,1
1455638675,0.0,11,190,[],[],False,False,False,,,,,,,Individual,,,,,,Heather Ryan,1423807133,False,False,,,False,False,,,Bright Studio,2026-08-25T19:20:18.062632Z,,False,,,False,,,,,,,,,,,2026-03-23T12:00:00Z,False,,,,False,True,False,False,False,False,,,,-223640,,False,,True,,,,False,,False,False,False,False,False,False,False,,,2,,False,1415381596,Meeting Room Beta,,,,1415379774,Meeting Room,False,,Dedicated Desk Monthly,Bright Studio,True,True,Meeting Room Beta (#190),2026-03-23T13:00:00Z,ca27ada1-5740-4562-9c2a-1ea4d115abd3,Olena+e2@nexudus.com,2026-08-25T19:20:18.1251019Z,1
1455638648,0.0,12,191,[],[],False,False,False,,,,,,,Individual,,,,,,Danny Hale,1423807159,False,False,,,False,False,,,,2026-08-25T19:20:18.6734659Z,,False,,,False,,0.0,0.0,,,,,,,,2026-07-22T10:00:00Z,False,,,,False,True,False,False,False,False,,,,-49520,,False,,True,,,,False,,False,False,False,False,False,False,False,,,2,,False,1415381597,Meeting Room Gamma,,,,1415379774,Meeting Room,False,,"Hot Desk Monthly, Flex Fortnightly",,False,True,Meeting Room Gamma (#191),2026-07-22T11:00:00Z,e4f733af-b8e4-40b6-8855-a55f6e797f69,Olena+e2@nexudus.com,2026-08-25T19:20:19.048478Z,1
1455638649,0.0,13,192,"[{'BookingId': 1455638649, 'ProductId': 1415477144, 'ProductName': 'AV Equipment', 'ProductPrice': 25.0, 'ProductCurrencyCode': 'EUR', 'InvoiceInMinutes': False, 'Quantity': 1, 'Id': 1417183718, 'UpdatedOn': '2026-08-25T19:20:19.5640801Z', 'CreatedOn': '2026-08-25T19:20:19.5640801Z', 'UniqueId': '7fd219a3-4f97-4529-b8aa-12565ff62b99', 'UpdatedBy': 'Olena+e2@nexudus.com', 'IsNew': False, 'SystemId': None, 'ToStringText': 'AV Equipment', 'LocalizationDetails': None, 'CustomFields': None}]",[],False,False,False,,,,,,,Individual,,,,,,Ellie Lee,1423807145,False,False,,,False,False,,,CloudNine Labs,2026-08-25T19:20:19.5640801Z,,False,,,False,,25.0,25.0,,,,,,,,2026-07-08T10:00:00Z,False,,,,False,True,False,False,False,False,,,,-69680,,False,,True,,,,False,,False,False,False,False,False,False,False,,,2,,False,1415381605,Phone Booth 2,,,,1415379674,Phone Booth,False,,"Hot Desk Monthly, Flex Weekly",CloudNine Labs,False,True,Phone Booth 2 (#192),2026-07-08T12:00:00Z,e219e109-d08e-4222-84d2-fef3ec038e5d,Olena+e2@nexudus.com,2026-08-25T19:20:20.0653254Z,1
1455638676,0.0,14,193,"[{'BookingId': 1455638676, 'ProductId': 1415477144, 'ProductName': 'AV Equipment', 'ProductPrice': 25.0, 'ProductCurrencyCode': 'EUR', 'InvoiceInMinutes': False, 'Quantity': 1, 'Id': 1417183391, 'UpdatedOn': '2026-08-25T19:20:20.9771133Z', 'CreatedOn': '2026-08-25T19:20:20.9771133Z', 'UniqueId': '412c1a38-acee-4397-ad2d-c8b9c38278c3', 'UpdatedBy': 'Olena+e2@nexudus.com', 'IsNew': False, 'SystemId': None, 'ToStringText': 'AV Equipment', 'LocalizationDetails': None, 'CustomFields': None}]",[],False,False,False,,,,,,,Individual,,,,,,Leigh Butler,1423806946,False,False,,,False,False,,,Delta Ventures,2026-08-25T19:20:20.9771133Z,,False,,TEAM10,False,,25.0,25.0,,,,,,,,2026-07-18T12:00:00Z,False,,,,False,True,False,False,False,False,,,,-55160,,False,,True,,,,False,,False,False,False,False,False,False,False,,,2,,False,1415381599,Meeting Room Epsilon,,,,1415379774,Meeting Room,False,,Dedicated Desk Monthly,Delta Ventures,False,True,Meeting Room Epsilon (#193),2026-07-18T12:30:00Z,079b61d1-d9af-42d5-9930-51bc9fb4327b,Olena+e2@nexudus.com,2026-08-25T19:20:21.6333662Z,1
1455638677,0.0,15,194,[],[],False,False,False,,,,,,,Individual,,,,,,Glen Hawkins,1423807157,False,False,,,False,False,,,,2026-08-25T19:20:22.242752Z,,False,,,False,,0.0,0.0,,,,,,,,2025-12-22T11:00:00Z,False,,,,False,True,False,False,False,False,,,,-354740,,False,,True,,,,False,,False,False,False,False,False,False,False,,,2,,False,1415381695,Hot Desk Area D,,,,1415379775,Hot Desk,False,,"Flex Weekly, Dedicated Desk Monthly",,False,True,Hot Desk Area D (#194),2025-12-22T15:00:00Z,2deb8dca-ed5c-40f8-87d9-a005001db171,Olena+e2@nexudus.com,2026-08-25T19:20:22.5872338Z,1
1455638678,0.0,16,195,[],[],False,False,False,,,,,,,Individual,,,,,,Paula Harvey,1423807140,False,False,,,False,False,,,Echo Digital,2026-08-25T19:20:23.0723378Z,,False,,,False,,0.0,0.0,,,,,,,,2026-01-26T19:00:00Z,False,,,,False,True,False,False,False,False,,,,-303860,,False,,True,,,,False,,False,False,False,False,False,False,False,,,2,,False,1415381595,Boardroom Alpha,,,,1415379774,Meeting Room,False,,Flex Fortnightly,Echo Digital,False,True,Boardroom Alpha (#195),2026-01-26T19:30:00Z,42f42d6d-84f0-4e9d-8fb9-f7d55ee7e6ba,Olena+e2@nexudus.com,2026-08-25T19:20:23.4317225Z,1
1455638650,0.0,17,196,[],[],False,False,False,,,,,,,Individual,,,,,,Bethany Johnston,1423807156,False,False,,,False,False,,,,2026-08-25T19:20:23.9260508Z,,False,,,False,,0.0,0.0,,,,,,,,2026-04-10T11:00:00Z,False,,,,False,True,False,False,False,False,,,,-197780,,False,,True,,,,False,,False,False,False,False,False,False,False,,,2,,False,1415381596,Meeting Room Beta,,,,1415379774,Meeting Room,False,,"Hot Desk Monthly, Flex Fortnightly",,False,True,Meeting Room Beta (#196),2026-04-10T12:00:00Z,632fa2ef-8fca-435f-a80b-4d9eb995f56e,Olena+e2@nexudus.com,2026-08-25T19:20:24.2704783Z,1
1455638680,0.0,18,197,[],[],False,False,False,,,,,,,Individual,,,,,,Megan Taylor,1423806950,False,False,,,False,False,,,CloudNine Labs,2026-08-25T19:20:24.728594Z,,False,,,False,,0.0,0.0,,,,,,,,2026-04-21T17:00:00Z,False,,,,False,True,False,False,False,False,,,,-181580,,False,,True,,,,False,,False,False,False,False,False,False,False,,,2,,False,1415381698,Phone Booth 1,,,,1415379674,Phone Booth,False,,Dedicated Desk Monthly,CloudNine Labs,False,True,Phone Booth 1 (#197),2026-04-21T18:00:00Z,6d5b7485-51ef-401e-8ace-179db65f96e5,Olena+e2@nexudus.com,2026-08-25T19:20:25.0896631Z,1
1455638681,0.0,19,198,[],[],False,False,False,,,,,,,Individual,,,,,,Jacob Robinson,1423807144,False,False,,,False,False,,,Delta Ventures,2026-08-25T19:20:25.5739998Z,,False,,,False,,0.0,0.0,,,,,,,,2026-04-27T08:00:00Z,False,,,,False,True,False,False,False,False,,,,-173480,,False,,True,,,,False,,False,False,False,False,False,False,False,,,2,,False,1415381601,Hot Desk Area E,,,,1415379775,Hot Desk,False,,"Hot Desk Quarterly, Private Office Annual",Delta Ventures,False,True,Hot Desk Area E (#198),2026-04-27T09:00:00Z,fc0269ea-3b34-4b71-bff4-ddfc77699cf3,Olena+e2@nexudus.com,2026-08-25T19:20:25.8580806Z,1
1455638651,0.0,20,199,[],[],False,False,False,,,,,,,Individual,,,,,,Sarah Reed,1423806944,False,False,,,False,False,,,Echo Digital,2026-08-25T19:20:26.3974938Z,,False,,,False,,0.0,0.0,,,,,,,,2026-08-06T10:00:00Z,False,,,,False,True,False,False,False,False,,,,-27920,,False,,True,,,,False,,False,False,False,False,False,False,False,,,2,,False,1415381698,Phone Booth 1,,,,1415379674,Phone Booth,False,,Dedicated Desk Monthly,Echo Digital,False,True,Phone Booth 1 (#199),2026-08-06T12:00:00Z,a838c071-1bb4-4888-9ee1-31b538bd67ef,Olena+e2@nexudus.com,2026-08-25T19:20:26.7888544Z,1
1455638652,0.0,21,200,[],[],False,False,False,,,,,,,Individual,,,,,,Kerry White,1423807136,False,False,,,False,False,,,CloudNine Labs,2026-08-25T19:20:27.3045063Z,,False,,,False,,0.0,0.0,,,,,,,,2025-12-10T16:00:00Z,False,,,,False,True,False,False,False,False,,,,-371720,,False,,True,,,,False,,False,False,False,False,False,False,False,,,2,,False,1415381697,Office 104,,,,1415379673,Private Office,False,,Private Office Large,CloudNine Labs,False,True,Office 104 (#200),2025-12-10T17:00:00Z,bc8e1102-4ae4-42fa-a1b9-226d9f7df962,Olena+e2@nexudus.com,2026-08-25T19:20:27.66385Z,1
1455638682,0.0,22,201,[],[],False,False,False,,,,,,,Individual,,,,,,Gemma Ferguson,1423806947,False,False,,,False,False,,,Bright Studio,2026-08-25T19:20:28.2188347Z,,False,,,False,,0.0,0.0,,,,,,,,2026-06-05T18:00:00Z,False,,,,False,True,False,False,False,False,,,,-116720,,False,,True,,,,False,,False,False,False,False,False,False,False,,,2,,False,1415381600,Hot Desk Area B,,,,1415379775,Hot Desk,False,,Flex Weekly,Bright Studio,False,True,Hot Desk Area B (#201),2026-06-05T20:00:00Z,4e775e34-4513-456f-9a70-5f6c701264d3,Olena+e2@nexudus.com,2026-08-25T19:20:28.5469744Z,1
1455638653,0.0,23,202,"[{'BookingId': 1455638653, 'ProductId': 1415477144, 'ProductName': 'AV Equipment', 'ProductPrice': 25.0, 'ProductCurrencyCode': 'EUR', 'InvoiceInMinutes': False, 'Quantity': 1, 'Id': 1417183719, 'UpdatedOn': '2026-08-25T19:20:29.0397758Z', 'CreatedOn': '2026-08-25T19:20:29.0397758Z', 'UniqueId': 'c4907ccb-800a-413d-9914-3cefb8a1395a', 'UpdatedBy': 'Olena+e2@nexudus.com', 'IsNew': False, 'SystemId': None, 'ToStringText': 'AV Equipment', 'LocalizationDetails': None, 'CustomFields': None}]",[],False,False,False,,,,,,,Individual,,,,,,Francesca White,1423806943,False,False,,,False,False,,,Delta Ventures,2026-08-25T19:20:29.0397758Z,,False,,,False,,25.0,25.0,,,,,,,,2026-05-16T08:00:00Z,False,,,,False,True,False,False,False,False,,,,-146120,,False,,True,,,,False,,False,False,False,False,False,False,False,,,2,,False,1415381696,Office 102,,,,1415379673,Private Office,False,,Private Office Small,Delta Ventures,False,True,Office 102 (#202),2026-05-16T09:00:00Z,78067586-0ea4-4805-aa41-c49895832892,Olena+e2@nexudus.com,2026-08-25T19:20:29.5092065Z,1
1455638654,0.0,24,203,[],[],False,False,False,,,,,,,Individual,,,,,,Stanley Holmes,1423807151,False,False,,,False,False,,,,2026-08-25T19:20:29.9936058Z,,False,,,False,,0.0,0.0,,,,,,,,2025-12-19T15:00:00Z,False,,,,False,True,False,False,False,False,,,,-358820,,False,,True,,,,False,,False,False,False,False,False,False,False,,,2,,False,1415381699,Parking Bay P2,,,,1415379675,Parking,False,,Hot Desk Monthly,,False,True,Parking Bay P2 (#203),2025-12-19T23:00:00Z,b4eceab1-46af-4cde-9320-9a12e24dffa4,Olena+e2@nexudus.com,2026-08-25T19:20:30.4154426Z,1
1455638655,0.0,25,204,[],[],False,False,False,,,,,,,Individual,,,,,,Rhys Davies,1423806952,False,False,,,False,False,,,Echo Digital,2026-08-25T19:20:31.009222Z,,False,,,False,,0.0,0.0,,,,,,,,2026-03-09T11:00:00Z,False,,,,False,True,False,False,False,False,,,,-243860,,False,,True,,,,False,,False,False,False,False,False,False,False,,,2,,False,1415381603,Office 103,,,,1415379673,Private Office,False,,Flex Fortnightly,Echo Digital,False,True,Office 103 (#204),2026-03-09T19:00:00Z,65103d98-2e1c-4f89-b5cd-e2e18ea43874,Olena+e2@nexudus.com,2026-08-25T19:20:31.416127Z,1
1455638657,0.0,26,205,"[{'BookingId': 1455638657, 'ProductId': 1415477143, 'ProductName': 'Catering - Tea/Coffee', 'ProductPrice': 5.0, 'ProductCurrencyCode': 'EUR', 'InvoiceInMinutes': False, 'Quantity': 1, 'Id': 1417183720, 'UpdatedOn': '2026-08-25T19:20:31.9011885Z', 'CreatedOn': '2026-08-25T19:20:31.9011885Z', 'UniqueId': '5434e273-9d18-4c8a-957a-265cdf1afd62', 'UpdatedBy': 'Olena+e2@nexudus.com', 'IsNew': False, 'SystemId': None, 'ToStringText': 'Catering - Tea/Coffee', 'LocalizationDetails': None, 'CustomFields': None}]",[],False,False,False,,,,,,,Individual,,,,,,Jessica White,1423806951,False,False,,,False,False,,,Echo Digital,2026-08-25T19:20:31.9011885Z,,False,,,False,,5.0,5.0,,,,,,,,2026-04-17T08:00:00Z,False,,,,False,True,False,False,False,False,,,,-187880,,False,,True,,,,False,,False,False,False,False,False,False,False,,,2,,False,1415381695,Hot Desk Area D,,,,1415379775,Hot Desk,False,,"Flex Weekly, Hot Desk Quarterly",Echo Digital,False,True,Hot Desk Area D (#205),2026-04-17T09:00:00Z,aeda21fe-1242-4adf-b98d-eea854ce7803,Olena+e2@nexudus.com,2026-08-25T19:20:32.2449578Z,1
1455638683,0.0,27,206,[],[],False,False,False,,,,,,,Individual,,,,,,Paula Harvey,1423807140,False,False,,,False,False,,,Echo Digital,2026-08-25T19:20:32.7372512Z,,False,,,False,,,,,,,,,,,2026-06-11T09:00:00Z,False,,,,False,True,False,False,False,False,,,,-108620,,False,,True,,,,False,,False,False,False,False,False,False,False,,,2,,False,1415381699,Parking Bay P2,,,,1415379675,Parking,False,,Flex Fortnightly,Echo Digital,True,True,Parking Bay P2 (#206),2026-06-11T11:00:00Z,7ecf8cfd-28fc-4d46-be7b-4f22490aba5e,Olena+e2@nexudus.com,2026-08-25T19:20:32.8154173Z,1
1455638684,0.0,28,207,[],[],False,False,False,,,,,,,Individual,,,,,,Gemma Elliott,1423807139,False,False,,,False,False,,,Bright Studio,2026-08-25T19:20:33.2841406Z,,False,,,False,,0.0,0.0,,,,,,,,2026-03-17T09:00:00Z,False,,,,False,True,False,False,False,False,,,,-232460,,False,,True,,,,False,,False,False,False,False,False,False,False,,,2,,False,1415381693,Hot Desk Area A,,,,1415379775,Hot Desk,False,,Hot Desk Monthly,Bright Studio,False,True,Hot Desk Area A (#207),2026-03-17T10:00:00Z,649cbeb9-f348-4eb0-b348-4212216c6386,Olena+e2@nexudus.com,2026-08-25T19:20:33.5817206Z,1
1455638658,0.0,29,208,[],[],False,False,False,,,,,,,Individual,,,,,,Ryan Nelson,1423807154,False,False,,,False,False,,,,2026-08-25T19:20:34.0743397Z,,False,,,False,,0.0,0.0,,,,,,,,2026-07-21T12:00:00Z,False,,,,False,True,False,False,False,False,,,,-50840,,False,,True,,,,False,,False,False,False,False,False,False,False,,,2,,False,1415381698,Phone Booth 1,,,,1415379674,Phone Booth,False,,"Dedicated Desk Monthly, Private Office Small",,False,True,Phone Booth 1 (#208),2026-07-21T20:00:00Z,f62352dd-8e9d-4ed6-82d1-685fda657eed,Olena+e2@nexudus.com,2026-08-25T19:20:34.3868624Z,1
1455638659,0.0,30,209,[],[],False,False,False,,,,,,,Individual,,,,,,Stanley Griffiths,1423806940,False,False,,,False,False,,,Acme Corp,2026-08-25T19:20:34.8399878Z,,False,,,False,,0.0,0.0,,,,,,,,2025-12-01T18:00:00Z,False,,,,False,True,False,False,False,False,,,,-384560,,False,,True,,,,False,,False,False,False,False,False,False,False,,,2,,False,1415381595,Boardroom Alpha,,,,1415379774,Meeting Room,False,,Flex Weekly,Acme Corp,False,True,Boardroom Alpha (#209),2025-12-01T19:00:00Z,44622ead-c29e-4420-a56a-0332ecda3698,Olena+e2@nexudus.com,2026-08-25T19:20:35.1843787Z,1
1455638660,0.0,31,210,"[{'BookingId': 1455638660, 'ProductId': 1415477143, 'ProductName': 'Catering - Tea/Coffee', 'ProductPrice': 5.0, 'ProductCurrencyCode': 'EUR', 'InvoiceInMinutes': False, 'Quantity': 1, 'Id': 1417183721, 'UpdatedOn': '2026-08-25T19:20:35.7156449Z', 'CreatedOn': '2026-08-25T19:20:35.7156449Z', 'UniqueId': 'd283e4a8-895c-408c-8fdf-414d83bf03cb', 'UpdatedBy': 'Olena+e2@nexudus.com', 'IsNew': False, 'SystemId': None, 'ToStringText': 'Catering - Tea/Coffee', 'LocalizationDetails': None, 'CustomFields': None}]",[],False,False,False,,,,,,,Individual,,,,,,Francesca White,1423806943,False,False,,,False,False,,,Delta Ventures,2026-08-25T19:20:35.7156449Z,,False,,,False,,5.0,5.0,,,,,,,,2026-03-09T08:00:00Z,False,,,,False,True,False,False,False,False,,,,-244040,,False,,True,,,,False,,False,False,False,False,False,False,False,,,2,,False,1415381692,Meeting Room Zeta,,,,1415379774,Meeting Room,False,,Private Office Small,Delta Ventures,False,True,Meeting Room Zeta (#210),2026-03-09T12:00:00Z,29e68c8f-2bb4-482c-858c-934d658888f9,Olena+e2@nexudus.com,2026-08-25T19:20:36.13819Z,1
1455638685,0.0,32,211,[],[],False,False,False,,,,,,,Individual,,,,,,Josephine Hammond,1423807147,False,False,,,False,False,,,,2026-08-25T19:20:36.615125Z,,False,,,False,,0.0,0.0,,,,,,,,2025-12-08T09:00:00Z,False,,,,False,True,False,False,False,False,,,,-375020,,False,,True,,,,False,,False,False,False,False,False,False,False,,,2,,False,1415381603,Office 103,,,,1415379673,Private Office,False,,Dedicated Desk Monthly,,False,True,Office 103 (#211),2025-12-08T09:30:00Z,5c1288af-5700-43ce-8eb8-d6528628e64e,Olena+e2@nexudus.com,2026-08-25T19:20:36.9588916Z,1
1455638661,0.0,33,212,[],[],False,False,False,,,,,,,Individual,,,,,,Leanne Foster,1423806941,False,False,,,False,False,,,Acme Corp,2026-08-25T19:20:37.5607787Z,,False,,,False,,0.0,0.0,,,,,,,,2026-06-08T14:00:00Z,False,,,,False,True,False,False,False,False,,,,-112640,,False,,True,,,,False,,False,False,False,False,False,False,False,,,2,,False,1415381602,Office 101,,,,1415379673,Private Office,False,,Hot Desk Monthly,Acme Corp,False,True,Office 101 (#212),2026-06-08T16:00:00Z,b4349dec-82c1-430d-b37b-a5c805b7bffe,Olena+e2@nexudus.com,2026-08-25T19:20:37.9201554Z,1
1455638686,0.0,34,213,[],[],False,False,False,,,,,,,Individual,,,,,,Samantha Quinn,1423807134,False,False,,,False,False,,,Echo Digital,2026-08-25T19:20:38.6975627Z,,False,,,False,,0.0,0.0,,,,,,,,2026-05-08T18:00:00Z,False,,,,False,True,False,False,False,False,,,,-157040,,False,,True,,,,False,,False,False,False,False,False,False,False,,,2,,False,1415381601,Hot Desk Area E,,,,1415379775,Hot Desk,False,,Private Office Large,Echo Digital,False,True,Hot Desk Area E (#213),2026-05-08T18:30:00Z,df580440-b63b-430a-99be-7c7f5ade0a84,Olena+e2@nexudus.com,2026-08-25T19:20:39.0100116Z,1
1455638662,0.0,35,214,[],[],False,False,False,,,,,,,Individual,,,,,,Rachael Byrne,1423806954,False,False,,,False,False,,,,2026-08-25T19:20:39.5932914Z,,False,,,False,,0.0,0.0,,,,,,,,2026-04-01T09:00:00Z,False,,,,False,True,False,False,False,False,,,,-210860,,False,,True,,,,False,,False,False,False,False,False,False,False,,,2,,False,1415381603,Office 103,,,,1415379673,Private Office,False,,"Private Office Large, Flex Fortnightly",,False,True,Office 103 (#214),2026-04-01T10:00:00Z,b8b556f2-71ce-4aaf-9a57-cacdec94cf88,Olena+e2@nexudus.com,2026-08-25T19:20:39.937041Z,1
1455638663,0.0,36,215,[],[],False,False,False,,,,,,,Individual,,,,,,Billy Norton,1423807141,False,False,,,False,False,,,Delta Ventures,2026-08-25T19:20:40.483952Z,,False,,,False,,0.0,0.0,,,,,,,,2026-07-13T09:00:00Z,False,,,,False,True,False,False,False,False,,,,-62540,,False,,True,,,,False,,False,False,False,False,False,False,False,,,2,,False,1415381605,Phone Booth 2,,,,1415379674,Phone Booth,False,,Hot Desk Quarterly,Delta Ventures,False,True,Phone Booth 2 (#215),2026-07-13T13:00:00Z,3ae851c5-8259-4f5c-962b-6ceb7fa3572a,Olena+e2@nexudus.com,2026-08-25T19:20:40.8432838Z,1
1455638866,0.0,37,216,[],[],False,False,False,,,,,,,Individual,,,,,,Ryan Nelson,1423807154,False,False,,,False,False,,,,2026-08-25T19:20:41.3282947Z,,False,,,False,,0.0,0.0,,,,,,,,2026-01-13T08:00:00Z,False,,,,False,True,False,False,False,False,,,,-323240,,False,,True,,,,False,,False,False,False,False,False,False,False,,,2,,False,1415381606,Parking Bay P1,,,,1415379675,Parking,False,,"Dedicated Desk Monthly, Private Office Small",,False,True,Parking Bay P1 (#216),2026-01-13T10:00:00Z,7837cb19-f139-4bcc-b435-ba66d3872f73,Olena+e2@nexudus.com,2026-08-25T19:20:41.7038704Z,1
1455638687,0.0,38,217,[],[],False,False,False,,,,,,,Individual,,,,,,Leslie Warner,1423807137,False,False,,,False,False,,,Bright Studio,2026-08-25T19:20:42.1677065Z,,False,,,False,,0.0,0.0,,,,,,,,2025-12-12T11:00:00Z,False,,,,False,True,False,False,False,False,,,,-369140,,False,,True,,,,False,,False,False,False,False,False,False,False,,,2,,False,1415381692,Meeting Room Zeta,,,,1415379774,Meeting Room,False,,Flex Fortnightly,Bright Studio,False,True,Meeting Room Zeta (#217),2025-12-12T13:00:00Z,58934af7-fadd-4d38-885d-116baf5c7316,Olena+e2@nexudus.com,2026-08-25T19:20:42.5270272Z,1
1455638867,0.0,39,218,[],[],False,False,False,,,,,,,Individual,,,,,,Jacqueline Wilson,1423807153,False,False,,,False,False,,,,2026-08-25T19:20:43.0476613Z,,False,,,False,,0.0,0.0,,,,,,,,2026-07-14T12:00:00Z,False,,,,False,True,False,False,False,False,,,,-60920,,False,,True,,,,False,,False,False,False,False,False,False,False,,,2,,False,1415381697,Office 104,,,,1415379673,Private Office,False,,"Private Office Large, Flex Fortnightly, Hot Desk Monthly",,False,True,Office 104 (#218),2026-07-14T14:00:00Z,2c1eb30b-e3b0-4a9f-8fc4-4aabbe75935a,Olena+e2@nexudus.com,2026-08-25T19:20:43.3764708Z,1
1455638868,0.0,40,219,[],[],False,False,False,,,,,,,Individual,,,,,,Bethany Johnston,1423807156,False,False,,,False,False,,,,2026-08-25T19:20:43.8921541Z,,False,,,False,,0.0,0.0,,,,,,,,2026-05-04T09:00:00Z,False,,,,False,True,False,False,False,False,,,,-163340,,False,,True,,,,False,,False,False,False,False,False,False,False,,,2,,False,1415381695,Hot Desk Area D,,,,1415379775,Hot Desk,False,,"Hot Desk Monthly, Flex Fortnightly",,False,True,Hot Desk Area D (#219),2026-05-04T10:00:00Z,84887cdc-f9a7-4d77-b262-605e0aa17cb6,Olena+e2@nexudus.com,2026-08-25T19:20:44.2678733Z,1
1455638869,0.0,41,220,[],[],False,False,False,,,,,,,Individual,,,,,,Mary Higgins,1423807131,False,False,,,False,False,,,CloudNine Labs,2026-08-25T19:20:44.7678526Z,,False,,,False,,0.0,0.0,,,,,,,,2026-06-12T11:00:00Z,False,,,,False,True,False,False,False,False,,,,-107060,,False,,True,,,,False,,False,False,False,False,False,False,False,,,2,,False,1415381693,Hot Desk Area A,,,,1415379775,Hot Desk,False,,,CloudNine Labs,False,True,Hot Desk Area A (#220),2026-06-12T15:00:00Z,0c4ab3da-6159-4cf0-a503-ef9580c49609,Olena+e2@nexudus.com,2026-08-25T19:20:45.0490551Z,1
1455638870,0.0,42,221,"[{'BookingId': 1455638870, 'ProductId': 1415477143, 'ProductName': 'Catering - Tea/Coffee', 'ProductPrice': 5.0, 'ProductCurrencyCode': 'EUR', 'InvoiceInMinutes': False, 'Quantity': 1, 'Id': 1417184631, 'UpdatedOn': '2026-08-25T19:20:45.5184604Z', 'CreatedOn': '2026-08-25T19:20:45.5184604Z', 'UniqueId': '16662921-99e7-4ffe-833d-21056f2953c3', 'UpdatedBy': 'Olena+e2@nexudus.com', 'IsNew': False, 'SystemId': None, 'ToStringText': 'Catering - Tea/Coffee', 'LocalizationDetails': None, 'CustomFields': None}]",[],False,False,False,,,,,,,Individual,,,,,,Victor Harrison,1423806942,False,False,,,False,False,,,Acme Corp,2026-08-25T19:20:45.5028507Z,,False,,,False,,5.0,5.0,,,,,,,,2026-04-23T18:00:00Z,False,,,,False,True,False,False,False,False,,,,-178640,,False,,True,,,,False,,False,False,False,False,False,False,False,,,2,,False,1415381599,Meeting Room Epsilon,,,,1415379774,Meeting Room,False,,Dedicated Desk Monthly,Acme Corp,False,True,Meeting Room Epsilon (#221),2026-04-23T20:00:00Z,1a04b174-fef0-468e-8a88-bd0b5ac7e76c,Olena+e2@nexudus.com,2026-08-25T19:20:45.9097718Z,1
1455638688,0.0,43,222,[],[],False,False,False,,,,,,,Individual,,,,,,Rhys Davies,1423806952,False,False,,,False,False,,,Echo Digital,2026-08-25T19:20:46.4517092Z,,False,,,False,,0.0,0.0,,,,,,,,2026-07-14T11:00:00Z,False,,,,False,True,False,False,False,False,,,,-60980,,False,,True,,,,False,,False,False,False,False,False,False,False,,,2,,False,1415381599,Meeting Room Epsilon,,,,1415379774,Meeting Room,False,,Flex Fortnightly,Echo Digital,False,True,Meeting Room Epsilon (#222),2026-07-14T11:30:00Z,1257a4af-bf50-44b7-9449-e69dc0d58f8b,Olena+e2@nexudus.com,2026-08-25T19:20:46.8267097Z,1
1455638873,0.0,44,223,[],[],False,False,False,,,,,,,Individual,,,,,,Colin Lloyd,1423807132,False,False,,,False,False,,,Delta Ventures,2026-08-25T19:21:21.3337488Z,,False,,,False,,0.0,0.0,,,,,,,,2026-06-30T16:00:00Z,False,,,,False,True,False,False,False,False,,,,-80841,,False,,True,,,,False,,False,False,False,False,False,False,False,,,2,,False,1415381597,Meeting Room Gamma,,,,1415379774,Meeting Room,False,,Flex Fortnightly,Delta Ventures,False,True,Meeting Room Gamma (#223),2026-06-30T18:00:00Z,70aba79c-574c-45e4-a0f2-3f170307f059,Olena+e2@nexudus.com,2026-08-25T19:21:21.7556431Z,1
1455638692,0.0,45,224,[],[],False,False,False,,,,,,,Individual,,,,,,Gemma Ferguson,1423806947,False,False,,,False,False,,,Bright Studio,2026-08-25T19:21:22.4010207Z,,False,,,False,,0.0,0.0,,,,,,,,2026-01-23T19:00:00Z,False,,,,False,True,False,False,False,False,,,,-308181,,False,,True,,,,False,,False,False,False,False,False,False,False,,,2,,False,1415381695,Hot Desk Area D,,,,1415379775,Hot Desk,False,,Flex Weekly,Bright Studio,False,True,Hot Desk Area D (#224),2026-01-23T19:30:00Z,11f990e8-c02d-482b-830c-4b035d844d74,Olena+e2@nexudus.com,2026-08-25T19:21:22.6978839Z,1
1455638874,0.0,46,225,[],[],False,False,False,,,,,,,Individual,,,,,,Leanne Foster,1423806941,False,False,,,False,False,,,Acme Corp,2026-08-25T19:21:23.1944186Z,,False,,,False,,0.0,0.0,,,,,,,,2025-11-03T11:00:00Z,False,,,,False,True,False,False,False,False,,,,-425301,,False,,True,,,,False,,False,False,False,False,False,False,False,,,2,,False,1415381605,Phone Booth 2,,,,1415379674,Phone Booth,False,,Hot Desk Monthly,Acme Corp,False,True,Phone Booth 2 (#225),2025-11-03T13:00:00Z,4df5995a-6776-4622-b29b-60783d70514d,Olena+e2@nexudus.com,2026-08-25T19:21:23.4600241Z,1
1455638875,0.0,47,226,[],[],False,False,False,,,,,,,Individual,,,,,,Sarah Reed,1423806944,False,False,,,False,False,,,Echo Digital,2026-08-25T19:21:23.913169Z,,False,,,False,,0.0,0.0,,,,,,,,2026-05-05T18:00:00Z,False,,,,False,True,False,False,False,False,,,,-161361,,False,,True,,,,False,,False,False,False,False,False,False,False,,,2,,False,1415381698,Phone Booth 1,,,,1415379674,Phone Booth,False,,Dedicated Desk Monthly,Echo Digital,False,True,Phone Booth 1 (#226),2026-05-05T19:00:00Z,6a8ebbef-3c0f-45a6-8624-a871902a58a0,Olena+e2@nexudus.com,2026-08-25T19:21:24.1944327Z,1
1455638876,0.0,48,227,"[{'BookingId': 1455638876, 'ProductId': 1415477143, 'ProductName': 'Catering - Tea/Coffee', 'ProductPrice': 5.0, 'ProductCurrencyCode': 'EUR', 'InvoiceInMinutes': False, 'Quantity': 1, 'Id': 1417184634, 'UpdatedOn': '2026-08-25T19:21:24.6645037Z', 'CreatedOn': '2026-08-25T19:21:24.6645037Z', 'UniqueId': '27f10c13-a042-4e70-97b6-6766a312b6e7', 'UpdatedBy': 'Olena+e2@nexudus.com', 'IsNew': False, 'SystemId': None, 'ToStringText': 'Catering - Tea/Coffee', 'LocalizationDetails': None, 'CustomFields': None}]",[],False,False,False,,,,,,,Individual,,,,,,Dylan Young,1423806948,False,False,,,False,False,,,CloudNine Labs,2026-08-25T19:21:24.6645037Z,,False,,,False,,5.0,5.0,,,,,,,,2026-07-07T11:00:00Z,False,,,,False,True,False,False,False,False,,,,-71061,,False,,True,,,,False,,False,False,False,False,False,False,False,,,2,,False,1415381605,Phone Booth 2,,,,1415379674,Phone Booth,False,,Hot Desk Monthly,CloudNine Labs,False,True,Phone Booth 2 (#227),2026-07-07T12:00:00Z,1e63823f-1ae1-42a8-ad9b-d719683e1dc7,Olena+e2@nexudus.com,2026-08-25T19:21:25.0082629Z,1
1455638877,0.0,49,228,"[{'BookingId': 1455638877, 'ProductId': 1415477043, 'ProductName': 'Catering - Lunch', 'ProductPrice': 15.0, 'ProductCurrencyCode': 'EUR', 'InvoiceInMinutes': False, 'Quantity': 1, 'Id': 1417184635, 'UpdatedOn': '2026-08-25T19:21:25.5863624Z', 'CreatedOn': '2026-08-25T19:21:25.5863624Z', 'UniqueId': '4eb28978-56c8-4c14-a8da-702150419830', 'UpdatedBy': 'Olena+e2@nexudus.com', 'IsNew': False, 'SystemId': None, 'ToStringText': 'Catering - Lunch', 'LocalizationDetails': None, 'CustomFields': None}]",[],False,False,False,,,,,,,Individual,,,,,,Leslie Warner,1423807137,False,False,,,False,False,,,Bright Studio,2026-08-25T19:21:25.5863624Z,,False,,,False,,15.0,15.0,,,,,,,,2025-09-16T11:00:00Z,False,,,,False,True,False,False,False,False,,,,-494421,,False,,True,,,,False,,False,False,False,False,False,False,False,,,2,,False,1415381696,Office 102,,,,1415379673,Private Office,False,,Flex Fortnightly,Bright Studio,False,True,Office 102 (#228),2025-09-16T12:00:00Z,aee3417a-a3d6-4897-823d-db78a3fe23f1,Olena+e2@nexudus.com,2026-08-25T19:21:26.0557666Z,1
1455638694,0.0,50,229,[],[],False,False,False,,,,,,,Individual,,,,,,Ashley Smith,1423807127,False,False,,,False,False,,,Acme Corp,2026-08-25T19:21:26.5130937Z,,False,,,False,,,,,,,,,,,2026-07-23T08:00:00Z,False,,,,False,True,False,False,False,False,,,,-48201,,False,,True,,,,False,,False,False,False,False,False,False,False,,,2,,False,1415381595,Boardroom Alpha,,,,1415379774,Meeting Room,False,,"Private Office Small, Flex Fortnightly",Acme Corp,True,True,Boardroom Alpha (#229),2026-07-23T09:00:00Z,ce935091-035b-4472-bd2e-b49684016f67,Olena+e2@nexudus.com,2026-08-25T19:21:26.5755892Z,1
1455638695,0.0,51,230,[],[],False,False,False,,,,,,,Individual,,,,,,Jessica White,1423806951,False,False,,,False,False,,,Echo Digital,2026-08-25T19:21:27.0599845Z,,False,,,False,,0.0,0.0,,,,,,,,2026-04-06T11:00:00Z,False,,,,False,True,False,False,False,False,,,,-203541,,False,,True,,,,False,,False,False,False,False,False,False,False,,,2,,False,1415381599,Meeting Room Epsilon,,,,1415379774,Meeting Room,False,,"Flex Weekly, Hot Desk Quarterly",Echo Digital,False,False,Meeting Room Epsilon (#230),2026-04-06T11:30:00Z,30cfbe47-0711-4296-ab55-36c5d4a80664,Olena+e2@nexudus.com,2026-08-25T19:21:27.4662113Z,1
1455638878,0.0,52,231,[],[],False,False,False,,,,,,,Individual,,,,,,Jessica Dixon,1423807150,False,False,,,False,False,,,,2026-08-25T19:21:28.068894Z,,False,,,False,,0.0,0.0,,,,,,,,2026-03-16T12:00:00Z,False,,,,False,True,False,False,False,False,,,,-233721,,False,,True,,,,False,,False,False,False,False,False,False,False,,,2,,False,1415381595,Boardroom Alpha,,,,1415379774,Meeting Room,False,,"Dedicated Desk Monthly, Hot Desk Quarterly",,False,False,Boardroom Alpha (#231),2026-03-16T12:30:00Z,898b66e7-9ee5-4b4d-ae4b-64ecd8b107b7,Olena+e2@nexudus.com,2026-08-25T19:21:28.397044Z,1
1455638879,0.0,53,232,[],[],False,False,False,,,,,,,Individual,,,,,,Paula Harvey,1423807140,False,False,,,False,False,,,Echo Digital,2026-08-25T19:21:28.8663971Z,,False,,,False,,0.0,0.0,,,,,,,,2026-02-04T13:00:00Z,False,,,,False,True,False,False,False,False,,,,-291261,,False,,True,,,,False,,False,False,False,False,False,False,False,,,2,,False,1415381597,Meeting Room Gamma,,,,1415379774,Meeting Room,False,,Flex Fortnightly,Echo Digital,False,False,Meeting Room Gamma (#232),2026-02-04T14:00:00Z,8b6c6f22-18b1-4050-a7ed-f37b3c19e9ee,Olena+e2@nexudus.com,2026-08-25T19:21:29.1952764Z,1
1455638880,0.0,54,233,[],[],False,False,False,,,,,,,Individual,,,,,,Teresa Hopkins,1423807130,False,False,,,False,False,,,Acme Corp,2026-08-25T19:21:29.6483784Z,,False,,,False,,,,,,,,,,,2026-05-25T11:00:00Z,False,,,,False,True,False,False,False,False,,,,-132981,,False,,True,,,,False,,False,False,False,False,False,False,False,,,2,,False,1415381599,Meeting Room Epsilon,,,,1415379774,Meeting Room,False,,Hot Desk Quarterly,Acme Corp,True,False,Meeting Room Epsilon (#233),2026-05-25T15:00:00Z,ce8721ba-2780-437f-9d1e-a6a65df7c184,Olena+e2@nexudus.com,2026-08-25T19:21:29.7265054Z,1
1455638696,0.0,55,234,[],[],False,False,False,,,,,,,Individual,,,,,,Leanne Foster,1423806941,False,False,,,False,False,,,Acme Corp,2026-08-25T19:21:30.2644624Z,,False,,,False,,0.0,0.0,,,,,,,,2026-08-17T14:00:00Z,False,,,,False,True,False,False,False,False,,,,-11841,,False,,True,,,,False,,False,False,False,False,False,False,False,,,2,,False,1415381595,Boardroom Alpha,,,,1415379774,Meeting Room,False,,Hot Desk Monthly,Acme Corp,False,False,Boardroom Alpha (#234),2026-08-17T15:00:00Z,02665fce-ad6a-4cbc-b7e5-d4eeb2be24ff,Olena+e2@nexudus.com,2026-08-25T19:21:30.7026624Z,1
1455638881,0.0,58,235,[],[],False,False,False,,,,,,,Individual,,,,,,Rachael Byrne,1423806954,False,False,,,False,False,,,,2026-08-25T19:21:31.8060378Z,,False,,,False,,0.0,0.0,,,,,,,,2026-05-27T14:00:00Z,False,,,,False,True,False,False,False,False,,,,-129921,,False,,True,,,,False,,False,False,False,False,False,False,False,,,2,,False,1415381595,Boardroom Alpha,,,,1415379774,Meeting Room,False,,"Private Office Large, Flex Fortnightly",,False,False,Boardroom Alpha (#235),2026-05-27T15:00:00Z,09613446-42ef-464e-b978-f5dba6644e6f,Olena+e2@nexudus.com,2026-08-25T19:21:32.1185949Z,1
1455638882,0.0,59,236,"[{'BookingId': 1455638882, 'ProductId': 1415477144, 'ProductName': 'AV Equipment', 'ProductPrice': 25.0, 'ProductCurrencyCode': 'EUR', 'InvoiceInMinutes': False, 'Quantity': 1, 'Id': 1417184636, 'UpdatedOn': '2026-08-25T19:21:32.5716629Z', 'CreatedOn': '2026-08-25T19:21:32.5716629Z', 'UniqueId': '48d472f1-fc61-4f71-ab6d-827455c2e6c1', 'UpdatedBy': 'Olena+e2@nexudus.com', 'IsNew': False, 'SystemId': None, 'ToStringText': 'AV Equipment', 'LocalizationDetails': None, 'CustomFields': None}]",[],False,False,False,,,,,,,Individual,,,,,,Janice Glover,1423807138,False,False,,,False,False,,,Echo Digital,2026-08-25T19:21:32.5716629Z,,False,,,False,,25.0,25.0,,,,,,,,2026-01-07T13:00:00Z,False,,,,False,True,False,False,False,False,,,,-331581,,False,,True,,,,False,,False,False,False,False,False,False,False,,,2,,False,1415381695,Hot Desk Area D,,,,1415379775,Hot Desk,False,,Dedicated Desk Monthly,Echo Digital,False,False,Hot Desk Area D (#236),2026-01-07T14:00:00Z,160e4448-2fe3-4172-8b1b-975d4743f9ad,Olena+e2@nexudus.com,2026-08-25T19:21:32.8841638Z,1
1455638883,0.0,60,237,[],[],False,False,False,,,,,,,Individual,,,,,,Teresa Hopkins,1423807130,False,False,,,False,False,,,Acme Corp,2026-08-25T19:21:33.416781Z,,False,,,False,,0.0,0.0,,,,,,,,2026-03-23T18:00:00Z,False,,,,False,True,False,False,False,False,,,,-223281,,False,,True,,,,False,,False,False,False,False,False,False,False,,,2,,False,1415381597,Meeting Room Gamma,,,,1415379774,Meeting Room,False,,Hot Desk Quarterly,Acme Corp,False,False,Meeting Room Gamma (#237),2026-03-23T20:00:00Z,924a725f-c5f6-400e-9db8-9e4c4df621d9,Olena+e2@nexudus.com,2026-08-25T19:21:33.760529Z,1
1455638697,0.0,61,238,[],[],False,False,False,,,,,,,Individual,,,,,,Robin Andrews,1423806945,False,False,,,False,False,,,Acme Corp,2026-08-25T19:21:34.2210043Z,,False,,,False,,0.0,0.0,,,,,,,,2026-06-15T08:00:00Z,False,,,,False,True,False,False,False,False,,,,-102921,,False,,True,,,,False,,False,False,False,False,False,False,False,,,2,,False,1415381606,Parking Bay P1,,,,1415379675,Parking,False,,Flex Fortnightly,Acme Corp,False,False,Parking Bay P1 (#238),2026-06-15T08:30:00Z,81d78663-ff68-42ef-8e83-60f4eb520880,Olena+e2@nexudus.com,2026-08-25T19:21:34.611622Z,1
1455638698,0.0,62,239,[],[],False,False,False,,,,,,,Individual,,,,,,Sarah Reed,1423806944,False,False,,,False,False,,,Echo Digital,2026-08-25T19:21:35.0653534Z,,False,,,False,,0.0,0.0,,,,,,,,2025-10-09T13:00:00Z,False,,,,False,True,False,False,False,False,,,,-461181,,False,,True,,,,False,,False,False,False,False,False,False,False,,,2,,False,1415381596,Meeting Room Beta,,,,1415379774,Meeting Room,False,,Dedicated Desk Monthly,Echo Digital,False,False,Meeting Room Beta (#239),2025-10-09T17:00:00Z,db270e00-d13b-4232-86cc-0135244a8c41,Olena+e2@nexudus.com,2026-08-25T19:21:35.4566667Z,1
1455638886,0.0,63,240,"[{'BookingId': 1455638886, 'ProductId': 1415477143, 'ProductName': 'Catering - Tea/Coffee', 'ProductPrice': 5.0, 'ProductCurrencyCode': 'EUR', 'InvoiceInMinutes': False, 'Quantity': 1, 'Id': 1417184637, 'UpdatedOn': '2026-08-25T19:21:35.9180839Z', 'CreatedOn': '2026-08-25T19:21:35.9180839Z', 'UniqueId': 'c4ea5ad0-4118-4909-940a-29ff05954936', 'UpdatedBy': 'Olena+e2@nexudus.com', 'IsNew': False, 'SystemId': None, 'ToStringText': 'Catering - Tea/Coffee', 'LocalizationDetails': None, 'CustomFields': None}]",[],False,False,False,,,,,,,Individual,,,,,,Dylan Young,1423806948,False,False,,,False,False,,,CloudNine Labs,2026-08-25T19:21:35.9180839Z,,False,,,False,,5.0,5.0,,,,,,,,2026-02-16T08:00:00Z,False,,,,False,True,False,False,False,False,,,,-274281,,False,,True,,,,False,,False,False,False,False,False,False,False,,,2,,False,1415381699,Parking Bay P2,,,,1415379675,Parking,False,,Hot Desk Monthly,CloudNine Labs,False,False,Parking Bay P2 (#240),2026-02-16T10:00:00Z,4e72bdb9-e9dc-4188-bfa5-f9264d769f6a,Olena+e2@nexudus.com,2026-08-25T19:21:36.3243352Z,1
1455638699,0.0,64,241,"[{'BookingId': 1455638699, 'ProductId': 1415477144, 'ProductName': 'AV Equipment', 'ProductPrice': 25.0, 'ProductCurrencyCode': 'EUR', 'InvoiceInMinutes': False, 'Quantity': 1, 'Id': 1417183392, 'UpdatedOn': '2026-08-25T19:21:36.7782705Z', 'CreatedOn': '2026-08-25T19:21:36.7782705Z', 'UniqueId': 'db9b4a71-3f59-4a0f-bdb8-099a8617a8e0', 'UpdatedBy': 'Olena+e2@nexudus.com', 'IsNew': False, 'SystemId': None, 'ToStringText': 'AV Equipment', 'LocalizationDetails': None, 'CustomFields': None}]",[],False,False,False,,,,,,,Individual,,,,,,Samantha Quinn,1423807134,False,False,,,False,False,,,Echo Digital,2026-08-25T19:21:36.7782705Z,,False,,,False,,,,,,,,,,,2026-02-17T14:00:00Z,False,,,,False,True,False,False,False,False,,,,-272481,,False,,True,,,,False,,False,False,False,False,False,False,False,,,2,,False,1415381605,Phone Booth 2,,,,1415379674,Phone Booth,False,,Private Office Large,Echo Digital,True,False,Phone Booth 2 (#241),2026-02-17T14:30:00Z,29424b8c-7978-416d-b443-b9d25d9e29e5,Olena+e2@nexudus.com,2026-08-25T19:21:36.856415Z,1
1455638887,0.0,65,242,[],[],False,False,False,,,,,,,Individual,,,,,,Gemma Ferguson,1423806947,False,False,,,False,False,,,Bright Studio,2026-08-25T19:21:37.3712154Z,,False,,,False,,0.0,0.0,,,,,,,,2026-06-11T11:00:00Z,False,,,,False,True,False,False,False,False,,,,-108501,,False,,True,,,,False,,False,False,False,False,False,False,False,,,2,,False,1415381600,Hot Desk Area B,,,,1415379775,Hot Desk,False,,Flex Weekly,Bright Studio,False,False,Hot Desk Area B (#242),2026-06-11T12:00:00Z,5e242f23-2786-4628-b247-570eac64d2c6,Olena+e2@nexudus.com,2026-08-25T19:21:37.6688119Z,1
1455638888,0.0,66,243,[],[],False,False,False,,,,,,,Individual,,,,,,Gerald Richardson,1423807152,False,False,,,False,False,,,,2026-08-25T19:21:38.1382271Z,,False,,,False,,0.0,0.0,,,,,,,,2026-03-23T16:00:00Z,False,,,,False,True,False,False,False,False,,,,-223401,,False,,True,,,,False,,False,False,False,False,False,False,False,,,2,,False,1415381601,Hot Desk Area E,,,,1415379775,Hot Desk,False,,Flex Fortnightly,,False,False,Hot Desk Area E (#243),2026-03-23T16:30:00Z,8e15fdf6-f81f-4fc6-b314-b3eb97eaabe6,Olena+e2@nexudus.com,2026-08-25T19:21:38.4507202Z,1
1455638700,0.0,67,244,[],[],False,False,False,,,,,,,Individual,,,,,,Megan Taylor,1423806950,False,False,,,False,False,,,CloudNine Labs,2026-08-25T19:21:39.045221Z,,False,,,False,,0.0,0.0,,,,,,,,2026-07-02T18:00:00Z,False,,,,False,True,False,False,False,False,,,,-77841,,False,,True,,,,False,,False,False,False,False,False,False,False,,,2,,False,1415381697,Office 104,,,,1415379673,Private Office,False,,Dedicated Desk Monthly,CloudNine Labs,False,False,Office 104 (#244),2026-07-02T22:00:00Z,ad906163-94e4-4095-8785-af1c4022ca39,Olena+e2@nexudus.com,2026-08-25T19:21:39.4046322Z,1
1455638701,0.0,68,245,[],[],False,False,False,,,,,,,Individual,,,,,,Sarah Reed,1423806944,False,False,,,False,False,,,Echo Digital,2026-08-25T19:21:39.8902952Z,,False,,PRODUCT15,False,,0.0,0.0,,,,,,,,2026-04-20T08:00:00Z,False,,,,False,True,False,False,False,False,,,,-183561,,False,,True,,,,False,,False,False,False,False,False,False,False,,,2,,False,1415381605,Phone Booth 2,,,,1415379674,Phone Booth,False,,Dedicated Desk Monthly,Echo Digital,False,False,Phone Booth 2 (#245),2026-04-20T09:00:00Z,a4cdb8a0-44d4-4afa-901a-a0cad542d430,Olena+e2@nexudus.com,2026-08-25T19:21:40.2027932Z,1
1455638702,0.0,69,246,"[{'BookingId': 1455638702, 'ProductId': 1415477043, 'ProductName': 'Catering - Lunch', 'ProductPrice': 15.0, 'ProductCurrencyCode': 'EUR', 'InvoiceInMinutes': False, 'Quantity': 1, 'Id': 1417183393, 'UpdatedOn': '2026-08-25T19:21:40.6871575Z', 'CreatedOn': '2026-08-25T19:21:40.6871575Z', 'UniqueId': 'ff75a634-7075-4da6-9654-98ddbb32a85f', 'UpdatedBy': 'Olena+e2@nexudus.com', 'IsNew': False, 'SystemId': None, 'ToStringText': 'Catering - Lunch', 'LocalizationDetails': None, 'CustomFields': None}]",[],False,False,False,,,,,,,Individual,,,,,,Rhys Davies,1423806952,False,False,,,False,False,,,Echo Digital,2026-08-25T19:21:40.6871575Z,,False,,,False,,15.0,15.0,,,,,,,,2026-05-28T17:00:00Z,False,,,,False,True,False,False,False,False,,,,-128301,,False,,True,,,,False,,False,False,False,False,False,False,False,,,2,,False,1415381692,Meeting Room Zeta,,,,1415379774,Meeting Room,False,,Flex Fortnightly,Echo Digital,False,False,Meeting Room Zeta (#246),2026-05-28T18:00:00Z,bf17c5b8-4160-4ce6-9dfb-e5185aefba3c,Olena+e2@nexudus.com,2026-08-25T19:21:41.1871723Z,1
1455638703,0.0,70,247,[],[],False,False,False,,,,,,,Individual,,,,,,Dylan Young,1423806948,False,False,,,False,False,,,CloudNine Labs,2026-08-25T19:21:41.6878558Z,,False,,WELCOME20,False,,0.0,0.0,,,,,,,,2026-07-13T16:00:00Z,False,,,,False,True,False,False,False,False,,,,-62121,,False,,True,,,,False,,False,False,False,False,False,False,False,,,2,,False,1415381599,Meeting Room Epsilon,,,,1415379774,Meeting Room,False,,Hot Desk Monthly,CloudNine Labs,False,False,Meeting Room Epsilon (#247),2026-07-13T18:00:00Z,fd417d78-b96f-4c6f-a40e-4db80907b57d,Olena+e2@nexudus.com,2026-08-25T19:21:42.0479279Z,1
1455638889,0.0,71,248,[],[],False,False,False,,,,,,,Individual,,,,,,Irene Wilson,1423807143,False,False,,,False,False,,,Bright Studio,2026-08-25T19:21:42.5013377Z,,False,,,False,,0.0,0.0,,,,,,,,2026-06-03T11:00:00Z,False,,,,False,True,False,False,False,False,,,,-120021,,False,,True,,,,False,,False,False,False,False,False,False,False,,,2,,False,1415381695,Hot Desk Area D,,,,1415379775,Hot Desk,False,,"Hot Desk Monthly, Private Office Annual",Bright Studio,False,False,Hot Desk Area D (#248),2026-06-03T13:00:00Z,ec3502ac-8f89-410d-9ef1-0f48858a2ada,Olena+e2@nexudus.com,2026-08-25T19:21:42.79887Z,1
1455638890,0.0,72,249,[],[],False,False,False,,,,,,,Individual,,,,,,Irene Wilson,1423807143,False,False,,,False,False,,,Bright Studio,2026-08-25T19:21:43.3145178Z,,False,,,False,,0.0,0.0,,,,,,,,2025-12-31T09:00:00Z,False,,,,False,True,False,False,False,False,,,,-341901,,False,,True,,,,False,,False,False,False,False,False,False,False,,,2,,False,1415381699,Parking Bay P2,,,,1415379675,Parking,False,,"Hot Desk Monthly, Private Office Annual",Bright Studio,False,False,Parking Bay P2 (#249),2025-12-31T10:00:00Z,6a6ee3b4-01f8-431c-94f2-567b61ada9fe,Olena+e2@nexudus.com,2026-08-25T19:21:43.705122Z,1
1455638704,0.0,73,250,[],[],False,False,False,,,,,,,Individual,,,,,,Bruce Cross,1423806953,False,False,,,False,False,,,,2026-08-25T19:21:44.2611987Z,,False,,,False,,0.0,0.0,,,,,,,,2025-12-18T10:00:00Z,False,,,,False,True,False,False,False,False,,,,-360561,,False,,True,,,,False,,False,False,False,False,False,False,False,,,2,,False,1415381601,Hot Desk Area E,,,,1415379775,Hot Desk,False,,Hot Desk Quarterly,,False,False,Hot Desk Area E (#250),2025-12-18T10:30:00Z,a05b7dab-6791-4414-b105-46105968f9cf,Olena+e2@nexudus.com,2026-08-25T19:21:44.5803695Z,1
1455638707,0.0,74,251,[],[],False,False,False,,,,,,,Individual,,,,,,Ashley Smith,1423807127,False,False,,,False,False,,,Acme Corp,2026-08-25T19:22:21.7702165Z,,False,,,False,,0.0,0.0,,,,,,,,2026-02-18T12:00:00Z,False,,,,False,True,False,False,False,False,,,,-271162,,False,,True,,,,False,,False,False,False,False,False,False,False,,,2,,False,1415381595,Boardroom Alpha,,,,1415379774,Meeting Room,False,,"Private Office Small, Flex Fortnightly",Acme Corp,False,False,Boardroom Alpha (#251),2026-02-18T13:00:00Z,1c5094b5-cf79-484b-af6c-27efd56d246a,Olena+e2@nexudus.com,2026-08-25T19:22:22.1452428Z,1
1455638891,0.0,75,252,[],[],False,False,False,,,,,,,Individual,,,,,,Lesley Humphries,1423807149,False,False,,,False,False,,,,2026-08-25T19:22:22.6724798Z,,False,,,False,,0.0,0.0,,,,,,,,2026-07-14T18:00:00Z,False,,,,False,True,False,False,False,False,,,,-60562,,False,,True,,,,False,,False,False,False,False,False,False,False,,,2,,False,1415381604,Office 105,,,,1415379673,Private Office,False,,Hot Desk Monthly,,False,False,Office 105 (#252),2026-07-14T18:30:00Z,acfd932a-0c30-4232-91c5-90dc17550b49,Olena+e2@nexudus.com,2026-08-25T19:22:23.0318511Z,1
1455638708,0.0,76,253,[],[],False,False,False,,,,,,,Individual,,,,,,Heather Ryan,1423807133,False,False,,,False,False,,,Bright Studio,2026-08-25T19:22:23.5370985Z,,False,,,False,,0.0,0.0,,,,,,,,2025-10-16T11:00:00Z,False,,,,False,True,False,False,False,False,,,,-451222,,False,,True,,,,False,,False,False,False,False,False,False,False,,,2,,False,1415381599,Meeting Room Epsilon,,,,1415379774,Meeting Room,False,,Dedicated Desk Monthly,Bright Studio,False,False,Meeting Room Epsilon (#253),2025-10-16T12:00:00Z,db0446d4-2257-475b-9de0-554409272dda,Olena+e2@nexudus.com,2026-08-25T19:22:23.896454Z,1
1455638709,0.0,78,254,[],[],False,False,False,,,,,,,Individual,,,,,,Diane Newman,1423807128,False,False,,,False,False,,,Delta Ventures,2026-08-25T19:22:24.6620999Z,,False,,,False,,,,,,,,,,,2026-02-03T10:00:00Z,False,,,,False,True,False,False,False,False,,,,-292882,,False,,True,,,,False,,False,False,False,False,False,False,False,,,2,,False,1415381699,Parking Bay P2,,,,1415379675,Parking,False,,"Dedicated Desk Monthly, Hot Desk Quarterly",Delta Ventures,True,False,Parking Bay P2 (#254),2026-02-03T14:00:00Z,c156ec3a-7062-4fdc-bb7b-d36e68b3c982,Olena+e2@nexudus.com,2026-08-25T19:22:24.724614Z,1
1455638892,0.0,79,255,[],[],False,False,False,,,,,,,Individual,,,,,,Ryan Nelson,1423807154,False,False,,,False,False,,,,2026-08-25T19:22:25.2049497Z,,False,,,False,,0.0,0.0,,,,,,,,2026-03-20T08:00:00Z,False,,,,False,True,False,False,False,False,,,,-228202,,False,,True,,,,False,,False,False,False,False,False,False,False,,,2,,False,1415381595,Boardroom Alpha,,,,1415379774,Meeting Room,False,,"Dedicated Desk Monthly, Private Office Small",,False,False,Boardroom Alpha (#255),2026-03-20T12:00:00Z,c207fc02-868e-4d41-91d0-28f055541274,Olena+e2@nexudus.com,2026-08-25T19:22:25.5956004Z,1
1455638893,0.0,80,256,"[{'BookingId': 1455638893, 'ProductId': 1415477043, 'ProductName': 'Catering - Lunch', 'ProductPrice': 15.0, 'ProductCurrencyCode': 'EUR', 'InvoiceInMinutes': False, 'Quantity': 1, 'Id': 1417184638, 'UpdatedOn': '2026-08-25T19:22:26.0538003Z', 'CreatedOn': '2026-08-25T19:22:26.0538003Z', 'UniqueId': '9f6a4fbb-9412-40e7-9dea-dfe2b7af6bea', 'UpdatedBy': 'Olena+e2@nexudus.com', 'IsNew': False, 'SystemId': None, 'ToStringText': 'Catering - Lunch', 'LocalizationDetails': None, 'CustomFields': None}]",[],False,False,False,,,,,,,Individual,,,,,,Rachael Byrne,1423806954,False,False,,,False,False,,,,2026-08-25T19:22:26.0538003Z,,False,,,False,,15.0,15.0,,,,,,,,2026-07-14T15:00:00Z,False,,,,False,True,False,False,False,False,,,,-60742,,False,,True,,,,False,,False,False,False,False,False,False,False,,,2,,False,1415381692,Meeting Room Zeta,,,,1415379774,Meeting Room,False,,"Private Office Large, Flex Fortnightly",,False,False,Meeting Room Zeta (#256),2026-07-14T19:00:00Z,56688893-07a0-4c9b-b899-2649fd468790,Olena+e2@nexudus.com,2026-08-25T19:22:26.5076353Z,1
1455638894,0.0,81,257,[],[],False,False,False,,,,,,,Individual,,,,,,Rachael Byrne,1423806954,False,False,,,False,False,,,,2026-08-25T19:22:26.9451584Z,,False,,,False,,0.0,0.0,,,,,,,,2026-07-06T13:00:00Z,False,,,,False,True,False,False,False,False,,,,-72382,,False,,True,,,,False,,False,False,False,False,False,False,False,,,2,,False,1415381600,Hot Desk Area B,,,,1415379775,Hot Desk,False,,"Private Office Large, Flex Fortnightly",,False,False,Hot Desk Area B (#257),2026-07-06T14:00:00Z,4bfc9c94-1241-4185-9751-4c0404a89a82,Olena+e2@nexudus.com,2026-08-25T19:22:27.226379Z,1
1455638710,0.0,82,258,"[{'BookingId': 1455638710, 'ProductId': 1415477043, 'ProductName': 'Catering - Lunch', 'ProductPrice': 15.0, 'ProductCurrencyCode': 'EUR', 'InvoiceInMinutes': False, 'Quantity': 1, 'Id': 1417183394, 'UpdatedOn': '2026-08-25T19:22:27.6797717Z', 'CreatedOn': '2026-08-25T19:22:27.6797717Z', 'UniqueId': '2c1a22da-499e-4f85-a265-7f720f053c0d', 'UpdatedBy': 'Olena+e2@nexudus.com', 'IsNew': False, 'SystemId': None, 'ToStringText': 'Catering - Lunch', 'LocalizationDetails': None, 'CustomFields': None}]",[],False,False,False,,,,,,,Individual,,,,,,Jessica Dixon,1423807150,False,False,,,False,False,,,,2026-08-25T19:22:27.6797717Z,,False,,,False,,15.0,15.0,,,,,,,,2026-02-05T19:00:00Z,False,,,,False,True,False,False,False,False,,,,-289462,,False,,True,,,,False,,False,False,False,False,False,False,False,,,2,,False,1415381601,Hot Desk Area E,,,,1415379775,Hot Desk,False,,"Dedicated Desk Monthly, Hot Desk Quarterly",,False,False,Hot Desk Area E (#258),2026-02-05T21:00:00Z,a32aeb6d-f11a-4de0-8e45-10115e87f1fe,Olena+e2@nexudus.com,2026-08-25T19:22:28.0086053Z,1
1455638895,0.0,83,259,[],[],False,False,False,,,,,,,Individual,,,,,,Megan Taylor,1423806950,False,False,,,False,False,,,CloudNine Labs,2026-08-25T19:22:28.4776233Z,,False,,,False,,0.0,0.0,,,,,,,,2025-11-10T13:00:00Z,False,,,,False,True,False,False,False,False,,,,-415102,,False,,True,,,,False,,False,False,False,False,False,False,False,,,2,,False,1415381694,Hot Desk Area C,,,,1415379775,Hot Desk,False,,Dedicated Desk Monthly,CloudNine Labs,False,False,Hot Desk Area C (#259),2025-11-10T17:00:00Z,05d2d2bc-e135-4a4e-b483-0cdbcce19dfb,Olena+e2@nexudus.com,2026-08-25T19:22:28.8057921Z,1
1455638711,0.0,84,260,"[{'BookingId': 1455638711, 'ProductId': 1415477144, 'ProductName': 'AV Equipment', 'ProductPrice': 25.0, 'ProductCurrencyCode': 'EUR', 'InvoiceInMinutes': False, 'Quantity': 1, 'Id': 1417183395, 'UpdatedOn': '2026-08-25T19:22:29.2585839Z', 'CreatedOn': '2026-08-25T19:22:29.2585839Z', 'UniqueId': 'f68d93a1-7163-43ca-abc3-9b2c815b3456', 'UpdatedBy': 'Olena+e2@nexudus.com', 'IsNew': False, 'SystemId': None, 'ToStringText': 'AV Equipment', 'LocalizationDetails': None, 'CustomFields': None}]",[],False,False,False,,,,,,,Individual,,,,,,Jeremy Mellor,1423807142,False,False,,,False,False,,,Bright Studio,2026-08-25T19:22:29.2585839Z,,False,,,False,,25.0,25.0,,,,,,,,2026-04-02T14:00:00Z,False,,,,False,True,False,False,False,False,,,,-209122,,False,,True,,,,False,,False,False,False,False,False,False,False,,,2,,False,1415381606,Parking Bay P1,,,,1415379675,Parking,False,,"Hot Desk Monthly, Dedicated Desk Monthly",Bright Studio,False,False,Parking Bay P1 (#260),2026-04-02T15:00:00Z,5a3b25d2-05bf-4924-97fa-5c2de0fae6ca,Olena+e2@nexudus.com,2026-08-25T19:22:29.7280025Z,1
1455638712,0.0,85,261,[],[],False,False,False,,,,,,,Individual,,,,,,Samantha Quinn,1423807134,False,False,,,False,False,,,Echo Digital,2026-08-25T19:22:30.2599501Z,,False,,,False,,0.0,0.0,,,,,,,,2026-01-15T10:00:00Z,False,,,,False,True,False,False,False,False,,,,-320242,,False,,True,,,,False,,False,False,False,False,False,False,False,,,2,,False,1415381601,Hot Desk Area E,,,,1415379775,Hot Desk,False,,Private Office Large,Echo Digital,False,False,Hot Desk Area E (#261),2026-01-15T11:00:00Z,7ff4f988-8d75-4f1b-b729-66e1e62d3b72,Olena+e2@nexudus.com,2026-08-25T19:22:30.5724323Z,1
1455638896,0.0,86,262,"[{'BookingId': 1455638896, 'ProductId': 1415477043, 'ProductName': 'Catering - Lunch', 'ProductPrice': 15.0, 'ProductCurrencyCode': 'EUR', 'InvoiceInMinutes': False, 'Quantity': 1, 'Id': 1417184639, 'UpdatedOn': '2026-08-25T19:22:31.0414627Z', 'CreatedOn': '2026-08-25T19:22:31.0414627Z', 'UniqueId': 'c334b553-d907-4629-8468-fe7c93681746', 'UpdatedBy': 'Olena+e2@nexudus.com', 'IsNew': False, 'SystemId': None, 'ToStringText': 'Catering - Lunch', 'LocalizationDetails': None, 'CustomFields': None}]",[],False,False,False,,,,,,,Individual,,,,,,Charles Kelly,1423807158,False,False,,,False,False,,,,2026-08-25T19:22:31.0414627Z,,False,,,False,,15.0,15.0,,,,,,,,2026-01-25T19:00:00Z,False,,,,False,True,False,False,False,False,,,,-305302,,False,,True,,,,False,,False,False,False,False,False,False,False,,,2,,False,1415381693,Hot Desk Area A,,,,1415379775,Hot Desk,False,,"Private Office Large, Hot Desk Quarterly",,False,False,Hot Desk Area A (#262),2026-01-25T20:00:00Z,0b8ba68b-4315-49e5-b87a-66e82c32164f,Olena+e2@nexudus.com,2026-08-25T19:22:31.3852042Z,1
1455638713,0.0,87,263,[],[],False,False,False,,,,,,,Individual,,,,,,Josephine Hammond,1423807147,False,False,,,False,False,,,,2026-08-25T19:22:31.8693101Z,,False,,,False,,0.0,0.0,,,,,,,,2026-02-16T08:00:00Z,False,,,,False,True,False,False,False,False,,,,-274282,,False,,True,,,,False,,False,False,False,False,False,False,False,,,2,,False,1415381693,Hot Desk Area A,,,,1415379775,Hot Desk,False,,Dedicated Desk Monthly,,False,False,Hot Desk Area A (#263),2026-02-16T12:00:00Z,0e357c3d-bc49-4814-96d5-6ab6418546f6,Olena+e2@nexudus.com,2026-08-25T19:22:32.1987199Z,1
1455638897,0.0,88,264,[],[],False,False,False,,,,,,,Individual,,,,,,Leanne Foster,1423806941,False,False,,,False,False,,,Acme Corp,2026-08-25T19:22:32.792773Z,,False,,,False,,0.0,0.0,,,,,,,,2026-03-09T08:00:00Z,False,,,,False,True,False,False,False,False,,,,-244042,,False,,True,,,,False,,False,False,False,False,False,False,False,,,2,,False,1415381699,Parking Bay P2,,,,1415379675,Parking,False,,Hot Desk Monthly,Acme Corp,False,False,Parking Bay P2 (#264),2026-03-09T10:00:00Z,3ec60077-2604-4979-8f0e-00aa01e0ae9e,Olena+e2@nexudus.com,2026-08-25T19:22:33.1677981Z,1
1455638714,0.0,89,265,[],[],False,False,False,,,,,,,Individual,,,,,,Lesley Humphries,1423807149,False,False,,,False,False,,,,2026-08-25T19:22:33.6518726Z,,False,,,False,,0.0,0.0,,,,,,,,2026-07-27T19:00:00Z,False,,,,False,True,False,False,False,False,,,,-41782,,False,,True,,,,False,,False,False,False,False,False,False,False,,,2,,False,1415381595,Boardroom Alpha,,,,1415379774,Meeting Room,False,,Hot Desk Monthly,,False,False,Boardroom Alpha (#265),2026-07-27T20:00:00Z,5ce52f58-9057-4c75-a9cc-3c8ed326d8bd,Olena+e2@nexudus.com,2026-08-25T19:22:34.1056749Z,1
1455638898,0.0,90,266,[],[],False,False,False,,,,,,,Individual,,,,,,Leigh Butler,1423806946,False,False,,,False,False,,,Delta Ventures,2026-08-25T19:22:34.574596Z,,False,,,False,,0.0,0.0,,,,,,,,2026-01-21T15:00:00Z,False,,,,False,True,False,False,False,False,,,,-311302,,False,,True,,,,False,,False,False,False,False,False,False,False,,,2,,False,1415381698,Phone Booth 1,,,,1415379674,Phone Booth,False,,Dedicated Desk Monthly,Delta Ventures,False,False,Phone Booth 1 (#266),2026-01-21T17:00:00Z,4e438ddd-4ae9-45d3-80fe-86a71a3ec096,Olena+e2@nexudus.com,2026-08-25T19:22:34.8715505Z,1
1455638715,0.0,91,267,[],[],False,False,False,,,,,,,Individual,,,,,,Victor Harrison,1423806942,False,False,,,False,False,,,Acme Corp,2026-08-25T19:22:35.6227002Z,,False,,,False,,0.0,0.0,,,,,,,,2026-06-05T18:00:00Z,False,,,,False,True,False,False,False,False,,,,-116722,,False,,True,,,,False,,False,False,False,False,False,False,False,,,2,,False,1415381596,Meeting Room Beta,,,,1415379774,Meeting Room,False,,Dedicated Desk Monthly,Acme Corp,False,False,Meeting Room Beta (#267),2026-06-05T18:30:00Z,9f9ced1e-bf10-4ba4-981d-a9364c271ed5,Olena+e2@nexudus.com,2026-08-25T19:22:36.1227156Z,1
1455638716,0.0,92,268,[],[],False,False,False,,,,,,,Individual,,,,,,Janice Glover,1423807138,False,False,,,False,False,,,Echo Digital,2026-08-25T19:22:36.5761361Z,,False,,,False,,0.0,0.0,,,,,,,,2026-03-23T11:00:00Z,False,,,,False,True,False,False,False,False,,,,-223702,,False,,True,,,,False,,False,False,False,False,False,False,False,,,2,,False,1415381604,Office 105,,,,1415379673,Private Office,False,,Dedicated Desk Monthly,Echo Digital,False,False,Office 105 (#268),2026-03-23T13:00:00Z,f05ee64e-ffad-4a73-97e0-f6990525c834,Olena+e2@nexudus.com,2026-08-25T19:22:36.9362289Z,1
1455638717,0.0,93,269,[],[],False,False,False,,,,,,,Individual,,,,,,Bruce Cross,1423806953,False,False,,,False,False,,,,2026-08-25T19:22:37.4049649Z,,False,,,False,,0.0,0.0,,,,,,,,2026-02-25T10:00:00Z,False,,,,False,True,False,False,False,False,,,,-261202,,False,,True,,,,False,,False,False,False,False,False,False,False,,,2,,False,1415381604,Office 105,,,,1415379673,Private Office,False,,Hot Desk Quarterly,,False,False,Office 105 (#269),2026-02-25T11:00:00Z,5cc587f9-b19e-4347-8a2d-864177b9258d,Olena+e2@nexudus.com,2026-08-25T19:22:37.7330929Z,1
1455638718,0.0,94,270,[],[],False,False,False,,,,,,,Individual,,,,,,Jay Rees,1423806949,False,False,,,False,False,,,Echo Digital,2026-08-25T19:22:38.2487224Z,,False,,,False,,0.0,0.0,,,,,,,,2026-01-15T14:00:00Z,False,,,,False,True,False,False,False,False,,,,-320002,,False,,True,,,,False,,False,False,False,False,False,False,False,,,2,,False,1415381600,Hot Desk Area B,,,,1415379775,Hot Desk,False,,"Dedicated Desk Monthly, Private Office Large",Echo Digital,False,False,Hot Desk Area B (#270),2026-01-15T15:00:00Z,b6853517-352e-438a-ac3e-f0b0a3ad9e22,Olena+e2@nexudus.com,2026-08-25T19:22:38.5931817Z,1
1455638719,0.0,95,271,[],[],False,False,False,,,,,,,Individual,,,,,,Josephine Hammond,1423807147,False,False,,,False,False,,,,2026-08-25T19:22:39.0775525Z,,False,,,False,,0.0,0.0,,,,,,,,2026-06-22T15:00:00Z,False,,,,False,True,False,False,False,False,,,,-92422,,False,,True,,,,False,,False,False,False,False,False,False,False,,,2,,False,1415381605,Phone Booth 2,,,,1415379674,Phone Booth,False,,Dedicated Desk Monthly,,False,False,Phone Booth 2 (#271),2026-06-22T15:30:00Z,7e700b61-4251-4198-b034-33890d5a6ac5,Olena+e2@nexudus.com,2026-08-25T19:22:39.3763343Z,1
1455638720,0.0,96,272,[],[],False,False,False,,,,,,,Individual,,,,,,Irene Wilson,1423807143,False,False,,,False,False,,,Bright Studio,2026-08-25T19:22:39.8450574Z,,False,,,False,,0.0,0.0,,,,,,,,2026-05-29T15:00:00Z,False,,,,False,True,False,False,False,False,,,,-126982,,False,,True,,,,False,,False,False,False,False,False,False,False,,,2,,False,1415381694,Hot Desk Area C,,,,1415379775,Hot Desk,False,,"Hot Desk Monthly, Private Office Annual",Bright Studio,False,False,Hot Desk Area C (#272),2026-05-29T16:00:00Z,5b4c4e5d-ef7a-4f47-82b6-76ee11b0520e,Olena+e2@nexudus.com,2026-08-25T19:22:40.2044424Z,1
1455638899,0.0,97,273,[],[],False,False,False,,,,,,,Individual,,,,,,Colin Lloyd,1423807132,False,False,,,False,False,,,Delta Ventures,2026-08-25T19:22:40.6567749Z,,False,,,False,,0.0,0.0,,,,,,,,2025-10-29T19:00:00Z,False,,,,False,True,False,False,False,False,,,,-432022,,False,,True,,,,False,,False,False,False,False,False,False,False,,,2,,False,1415381692,Meeting Room Zeta,,,,1415379774,Meeting Room,False,,Flex Fortnightly,Delta Ventures,False,False,Meeting Room Zeta (#273),2025-10-29T21:00:00Z,24bc6e75-9864-4e18-85d6-55d0dad5b470,Olena+e2@nexudus.com,2026-08-25T19:22:41.0474334Z,1
1455638900,0.0,98,274,[],[],False,False,False,,,,,,,Individual,,,,,,Kerry White,1423807136,False,False,,,False,False,,,CloudNine Labs,2026-08-25T19:22:41.6261581Z,,False,,,False,,0.0,0.0,,,,,,,,2026-07-13T08:00:00Z,False,,,,False,True,False,False,False,False,,,,-62602,,False,,True,,,,False,,False,False,False,False,False,False,False,,,2,,False,1415381597,Meeting Room Gamma,,,,1415379774,Meeting Room,False,,Private Office Large,CloudNine Labs,False,False,Meeting Room Gamma (#274),2026-07-13T08:30:00Z,961cf156-1585-41cb-bc23-467494457b5a,Olena+e2@nexudus.com,2026-08-25T19:22:41.9542686Z,1
1455638721,0.0,99,275,[],[],False,False,False,,,,,,,Individual,,,,,,Mary Higgins,1423807131,False,False,,,False,False,,,CloudNine Labs,2026-08-25T19:22:42.4245393Z,,False,,,False,,0.0,0.0,,,,,,,,2026-07-08T15:00:00Z,False,,,,False,True,False,False,False,False,,,,-69382,,False,,True,,,,False,,False,False,False,False,False,False,False,,,2,,False,1415381597,Meeting Room Gamma,,,,1415379774,Meeting Room,False,,,CloudNine Labs,False,False,Meeting Room Gamma (#275),2026-07-08T16:00:00Z,83fe509c-1087-4822-be17-d9e9ee89bc7f,Olena+e2@nexudus.com,2026-08-25T19:22:42.7682881Z,1
1455638902,0.0,100,276,[],[],False,False,False,,,,,,,Individual,,,,,,Janice Glover,1423807138,False,False,,,False,False,,,Echo Digital,2026-08-25T19:22:43.2830405Z,,False,,,False,,0.0,0.0,,,,,,,,2026-04-22T13:00:00Z,False,,,,False,True,False,False,False,False,,,,-180382,,False,,True,,,,False,,False,False,False,False,False,False,False,,,2,,False,1415381598,Meeting Room Delta,,,,1415379774,Meeting Room,False,,Dedicated Desk Monthly,Echo Digital,False,False,Meeting Room Delta (#276),2026-04-22T21:00:00Z,e3928fbc-2f10-4d0a-9f93-3abef36c220d,Olena+e2@nexudus.com,2026-08-25T19:22:43.6580327Z,1
1455638903,0.0,101,277,[],[],False,False,False,,,,,,,Individual,,,,,,Francesca White,1423806943,False,False,,,False,False,,,Delta Ventures,2026-08-25T19:22:44.1587502Z,,False,,,False,,0.0,0.0,,,,,,,,2026-08-12T09:00:00Z,False,,,,False,True,False,False,False,False,,,,-19342,,False,,True,,,,False,,False,False,False,False,False,False,False,,,2,,False,1415381699,Parking Bay P2,,,,1415379675,Parking,False,,Private Office Small,Delta Ventures,False,False,Parking Bay P2 (#277),2026-08-12T11:00:00Z,45cd1259-da7c-4344-9ff2-4bbe146eaa70,Olena+e2@nexudus.com,2026-08-25T19:22:44.5344793Z,1
1455638905,0.0,102,278,[],[],False,False,False,,,,,,,Individual,,,,,,Ryan Nelson,1423807154,False,False,,,False,False,,,,2026-08-25T19:23:22.3110583Z,,False,,,False,,0.0,0.0,,,,,,,,2026-01-07T17:00:00Z,False,,,,False,True,False,False,False,False,,,,-331343,,False,,True,,,,False,,False,False,False,False,False,False,False,,,2,,False,1415381699,Parking Bay P2,,,,1415379675,Parking,False,,"Dedicated Desk Monthly, Private Office Small",,False,False,Parking Bay P2 (#278),2026-01-07T19:00:00Z,9199e8fd-9f4c-4157-b25a-60ae35c073fb,Olena+e2@nexudus.com,2026-08-25T19:23:22.670428Z,1
1455638722,0.0,103,279,[],[],False,False,False,,,,,,,Individual,,,,,,Heather Ryan,1423807133,False,False,,,False,False,,,Bright Studio,2026-08-25T19:23:23.1182368Z,,False,,,False,,0.0,0.0,,,,,,,,2026-07-21T12:00:00Z,False,,,,False,True,False,False,False,False,,,,-50843,,False,,True,,,,False,,False,False,False,False,False,False,False,,,2,,False,1415381695,Hot Desk Area D,,,,1415379775,Hot Desk,False,,Dedicated Desk Monthly,Bright Studio,False,False,Hot Desk Area D (#279),2026-07-21T12:30:00Z,9f7f0cec-a9d4-4808-bb0d-3ad54386cc9b,Olena+e2@nexudus.com,2026-08-25T19:23:23.4151299Z,1
1455638906,0.0,104,280,[],[],False,False,False,,,,,,,Individual,,,,,,Chelsea Powell,1423807160,False,False,,,False,False,,,,2026-08-25T19:23:23.936704Z,,False,,,False,,0.0,0.0,,,,,,,,2026-03-09T16:00:00Z,False,,,,False,True,False,False,False,False,,,,-243563,,False,,True,,,,False,,False,False,False,False,False,False,False,,,2,,False,1415381596,Meeting Room Beta,,,,1415379774,Meeting Room,False,,"Hot Desk Monthly, Hot Desk Quarterly",,False,False,Meeting Room Beta (#280),2026-03-09T20:00:00Z,5edff5ab-e56a-4e3c-b869-28df245aa49b,Olena+e2@nexudus.com,2026-08-25T19:23:24.3273363Z,1
1455638723,0.0,105,281,[],[],False,False,False,,,,,,,Individual,,,,,,Heather Ryan,1423807133,False,False,,,False,False,,,Bright Studio,2026-08-25T19:23:24.8070445Z,,False,,,False,,0.0,0.0,,,,,,,,2026-02-11T11:00:00Z,False,,,,False,True,False,False,False,False,,,,-281303,,False,,True,,,,False,,False,False,False,False,False,False,False,,,2,,False,1415381605,Phone Booth 2,,,,1415379674,Phone Booth,False,,Dedicated Desk Monthly,Bright Studio,False,False,Phone Booth 2 (#281),2026-02-11T11:30:00Z,11eba8f4-98ce-49ed-8ead-6e570c8a6046,Olena+e2@nexudus.com,2026-08-25T19:23:25.1664489Z,1
1455638724,0.0,106,282,[],[],False,False,False,,,,,,,Individual,,,,,,Heather Thompson,1423807148,False,False,,,False,False,,,,2026-08-25T19:23:25.6508061Z,,False,,,False,,0.0,0.0,,,,,,,,2026-06-06T19:00:00Z,False,,,,False,True,False,False,False,False,,,,-115223,,False,,True,,,,False,,False,False,False,False,False,False,False,,,2,,False,1415381606,Parking Bay P1,,,,1415379675,Parking,False,,Hot Desk Quarterly,,False,False,Parking Bay P1 (#282),2026-06-06T19:30:00Z,a9cee7b9-31da-4e92-81c0-16311b47dbfc,Olena+e2@nexudus.com,2026-08-25T19:23:26.0727116Z,1
1455638725,0.0,107,283,[],[],False,False,False,,,,,,,Individual,,,,,,Diane Newman,1423807128,False,False,,,False,False,,,Delta Ventures,2026-08-25T19:23:26.5890712Z,,False,,,False,,0.0,0.0,,,,,,,,2026-06-25T11:00:00Z,False,,,,False,True,False,False,False,False,,,,-88343,,False,,True,,,,False,,False,False,False,False,False,False,False,,,2,,False,1415381601,Hot Desk Area E,,,,1415379775,Hot Desk,False,,"Dedicated Desk Monthly, Hot Desk Quarterly",Delta Ventures,False,False,Hot Desk Area E (#283),2026-06-25T15:00:00Z,8d67bc39-522e-4604-8346-b2d3b74bd6f8,Olena+e2@nexudus.com,2026-08-25T19:23:26.8859251Z,1
1455638907,0.0,108,284,"[{'BookingId': 1455638907, 'ProductId': 1415477043, 'ProductName': 'Catering - Lunch', 'ProductPrice': 15.0, 'ProductCurrencyCode': 'EUR', 'InvoiceInMinutes': False, 'Quantity': 1, 'Id': 1417184640, 'UpdatedOn': '2026-08-25T19:23:27.3773946Z', 'CreatedOn': '2026-08-25T19:23:27.3773946Z', 'UniqueId': '0c623ebe-498e-4eee-a76d-f8573fcd6a04', 'UpdatedBy': 'Olena+e2@nexudus.com', 'IsNew': False, 'SystemId': None, 'ToStringText': 'Catering - Lunch', 'LocalizationDetails': None, 'CustomFields': None}]",[],False,False,False,,,,,,,Individual,,,,,,Jessica Dixon,1423807150,False,False,,,False,False,,,,2026-08-25T19:23:27.3773946Z,,False,,,False,,15.0,15.0,,,,,,,,2026-03-24T08:00:00Z,False,,,,False,True,False,False,False,False,,,,-222443,,False,,True,,,,False,,False,False,False,False,False,False,False,,,2,,False,1415381596,Meeting Room Beta,,,,1415379774,Meeting Room,False,,"Dedicated Desk Monthly, Hot Desk Quarterly",,False,False,Meeting Room Beta (#284),2026-03-24T09:00:00Z,6ccf9263-4bb7-4d0a-a547-ccdc18d176b8,Olena+e2@nexudus.com,2026-08-25T19:23:27.7836475Z,1
1455638908,0.0,109,285,"[{'BookingId': 1455638908, 'ProductId': 1415477143, 'ProductName': 'Catering - Tea/Coffee', 'ProductPrice': 5.0, 'ProductCurrencyCode': 'EUR', 'InvoiceInMinutes': False, 'Quantity': 1, 'Id': 1417184641, 'UpdatedOn': '2026-08-25T19:23:28.3273301Z', 'CreatedOn': '2026-08-25T19:23:28.3273301Z', 'UniqueId': '19e0865f-9781-41ed-9108-f195e7c682e2', 'UpdatedBy': 'Olena+e2@nexudus.com', 'IsNew': False, 'SystemId': None, 'ToStringText': 'Catering - Tea/Coffee', 'LocalizationDetails': None, 'CustomFields': None}]",[],False,False,False,,,,,,,Individual,,,,,,Bethany Johnston,1423807156,False,False,,,False,False,,,,2026-08-25T19:23:28.3273301Z,,False,,,False,,5.0,5.0,,,,,,,,2026-07-15T15:00:00Z,False,,,,False,True,False,False,False,False,,,,-59303,,False,,True,,,,False,,False,False,False,False,False,False,False,,,2,,False,1415381595,Boardroom Alpha,,,,1415379774,Meeting Room,False,,"Hot Desk Monthly, Flex Fortnightly",,False,False,Boardroom Alpha (#285),2026-07-15T15:30:00Z,446f52ec-b788-4623-9af4-c205d6b5554f,Olena+e2@nexudus.com,2026-08-25T19:23:28.7648468Z,1
1455638909,0.0,110,286,[],[],False,False,False,,,,,,,Individual,,,,,,Rhys Davies,1423806952,False,False,,,False,False,,,Echo Digital,2026-08-25T19:23:29.2186235Z,,False,,,False,,0.0,0.0,,,,,,,,2026-06-12T13:00:00Z,False,,,,False,True,False,False,False,False,,,,-106943,,False,,True,,,,False,,False,False,False,False,False,False,False,,,2,,False,1415381602,Office 101,,,,1415379673,Private Office,False,,Flex Fortnightly,Echo Digital,False,False,Office 101 (#286),2026-06-12T15:00:00Z,69650167-685c-4044-9c71-2356adf8c93f,Olena+e2@nexudus.com,2026-08-25T19:23:29.547382Z,1
1455638910,0.0,111,287,[],[],False,False,False,,,,,,,Individual,,,,,,Francesca White,1423806943,False,False,,,False,False,,,Delta Ventures,2026-08-25T19:23:30.1255064Z,,False,,,False,,0.0,0.0,,,,,,,,2026-03-02T16:00:00Z,False,,,,False,True,False,False,False,False,,,,-253643,,False,,True,,,,False,,False,False,False,False,False,False,False,,,2,,False,1415381694,Hot Desk Area C,,,,1415379775,Hot Desk,False,,Private Office Small,Delta Ventures,False,False,Hot Desk Area C (#287),2026-03-02T17:00:00Z,7bbc4f48-918e-4d9f-be36-78a300342508,Olena+e2@nexudus.com,2026-08-25T19:23:30.4848671Z,1
1455638726,0.0,112,288,[],[],False,False,False,,,,,,,Individual,,,,,,Jessica White,1423806951,False,False,,,False,False,,,Echo Digital,2026-08-25T19:23:30.9823549Z,,False,,,False,,0.0,0.0,,,,,,,,2025-10-27T13:00:00Z,False,,,,False,True,False,False,False,False,,,,-435263,,False,,True,,,,False,,False,False,False,False,False,False,False,,,2,,False,1415381699,Parking Bay P2,,,,1415379675,Parking,False,,"Flex Weekly, Hot Desk Quarterly",Echo Digital,False,False,Parking Bay P2 (#288),2025-10-27T14:00:00Z,1a3a8e33-5469-407b-95b9-61831b8bb1e3,Olena+e2@nexudus.com,2026-08-25T19:23:31.4198528Z,1
1455638911,0.0,113,289,[],[],False,False,False,,,,,,,Individual,,,,,,Billy Norton,1423807141,False,False,,,False,False,,,Delta Ventures,2026-08-25T19:23:31.892372Z,,False,,,False,,0.0,0.0,,,,,,,,2026-03-31T12:00:00Z,False,,,,False,True,False,False,False,False,,,,-212123,,False,,True,,,,False,,False,False,False,False,False,False,False,,,2,,False,1415381694,Hot Desk Area C,,,,1415379775,Hot Desk,False,,Hot Desk Quarterly,Delta Ventures,False,False,Hot Desk Area C (#289),2026-03-31T12:30:00Z,8ae8d1bc-f4e6-4771-94a3-1ed35d5eb102,Olena+e2@nexudus.com,2026-08-25T19:23:32.1736106Z,1
1455638912,0.0,114,290,[],[],False,False,False,,,,,,,Individual,,,,,,Leslie Warner,1423807137,False,False,,,False,False,,,Bright Studio,2026-08-25T19:23:32.6267562Z,,False,,,False,,0.0,0.0,,,,,,,,2026-07-19T09:00:00Z,False,,,,False,True,False,False,False,False,,,,-53903,,False,,True,,,,False,,False,False,False,False,False,False,False,,,2,,False,1415381600,Hot Desk Area B,,,,1415379775,Hot Desk,False,,Flex Fortnightly,Bright Studio,False,False,Hot Desk Area B (#290),2026-07-19T11:00:00Z,02a55e31-081d-489b-804e-b3fb959a27ec,Olena+e2@nexudus.com,2026-08-25T19:23:32.9080391Z,1
1455638913,0.0,115,291,[],[],False,False,False,,,,,,,Individual,,,,,,Ryan Nelson,1423807154,False,False,,,False,False,,,,2026-08-25T19:23:33.361745Z,,False,,FREEMONTH,False,,0.0,0.0,,,,,,,,2026-05-01T11:00:00Z,False,,,,False,True,False,False,False,False,,,,-167543,,False,,True,,,,False,,False,False,False,False,False,False,False,,,2,,False,1415381596,Meeting Room Beta,,,,1415379774,Meeting Room,False,,"Dedicated Desk Monthly, Private Office Small",,False,False,Meeting Room Beta (#291),2026-05-01T13:00:00Z,0deb45b6-0fa7-426f-8363-09f502f5dca7,Olena+e2@nexudus.com,2026-08-25T19:23:33.7367659Z,1
1455638914,0.0,116,292,"[{'BookingId': 1455638914, 'ProductId': 1415477144, 'ProductName': 'AV Equipment', 'ProductPrice': 25.0, 'ProductCurrencyCode': 'EUR', 'InvoiceInMinutes': False, 'Quantity': 1, 'Id': 1417184642, 'UpdatedOn': '2026-08-25T19:23:34.2843253Z', 'CreatedOn': '2026-08-25T19:23:34.2843253Z', 'UniqueId': '6ef29cf2-ad94-4d5a-a3b4-12ef55714beb', 'UpdatedBy': 'Olena+e2@nexudus.com', 'IsNew': False, 'SystemId': None, 'ToStringText': 'AV Equipment', 'LocalizationDetails': None, 'CustomFields': None}]",[],False,False,False,,,,,,,Individual,,,,,,Robin Andrews,1423806945,False,False,,,False,False,,,Acme Corp,2026-08-25T19:23:34.2843253Z,,False,,,False,,25.0,25.0,,,,,,,,2026-01-27T08:00:00Z,False,,,,False,True,False,False,False,False,,,,-303083,,False,,True,,,,False,,False,False,False,False,False,False,False,,,2,,False,1415381595,Boardroom Alpha,,,,1415379774,Meeting Room,False,,Flex Fortnightly,Acme Corp,False,False,Boardroom Alpha (#292),2026-01-27T08:30:00Z,33a56695-2ee8-4b9f-bb98-57d8f8b7dac9,Olena+e2@nexudus.com,2026-08-25T19:23:34.7374557Z,1
1455638727,0.0,117,293,[],[],False,False,False,,,,,,,Individual,,,,,,Samantha Quinn,1423807134,False,False,,,False,False,,,Echo Digital,2026-08-25T19:23:35.2042896Z,,False,,,False,,0.0,0.0,,,,,,,,2026-02-02T09:00:00Z,False,,,,False,True,False,False,False,False,,,,-294383,,False,,True,,,,False,,False,False,False,False,False,False,False,,,2,,False,1415381696,Office 102,,,,1415379673,Private Office,False,,Private Office Large,Echo Digital,False,False,Office 102 (#293),2026-02-02T11:00:00Z,213f6e02-aab6-418b-a580-c3e1ff234340,Olena+e2@nexudus.com,2026-08-25T19:23:35.5949397Z,1
1455638915,0.0,118,294,"[{'BookingId': 1455638915, 'ProductId': 1415477043, 'ProductName': 'Catering - Lunch', 'ProductPrice': 15.0, 'ProductCurrencyCode': 'EUR', 'InvoiceInMinutes': False, 'Quantity': 1, 'Id': 1417184643, 'UpdatedOn': '2026-08-25T19:23:36.1600064Z', 'CreatedOn': '2026-08-25T19:23:36.1600064Z', 'UniqueId': '33055cde-804c-4486-b161-ec1a4b80fc04', 'UpdatedBy': 'Olena+e2@nexudus.com', 'IsNew': False, 'SystemId': None, 'ToStringText': 'Catering - Lunch', 'LocalizationDetails': None, 'CustomFields': None}]",[],False,False,False,,,,,,,Individual,,,,,,Diane Newman,1423807128,False,False,,,False,False,,,Delta Ventures,2026-08-25T19:23:36.1600064Z,,False,,,False,,15.0,15.0,,,,,,,,2026-01-02T08:00:00Z,False,,,,False,True,False,False,False,False,,,,-339083,,False,,True,,,,False,,False,False,False,False,False,False,False,,,2,,False,1415381694,Hot Desk Area C,,,,1415379775,Hot Desk,False,,"Dedicated Desk Monthly, Hot Desk Quarterly",Delta Ventures,False,False,Hot Desk Area C (#294),2026-01-02T10:00:00Z,57029f01-999d-4965-9e72-f08058fd5b7b,Olena+e2@nexudus.com,2026-08-25T19:23:36.5200804Z,1
1455638916,0.0,119,295,[],[],False,False,False,,,,,,,Individual,,,,,,Jacqueline Wilson,1423807153,False,False,,,False,False,,,,2026-08-25T19:23:37.0044336Z,,False,,,False,,0.0,0.0,,,,,,,,2026-06-26T15:00:00Z,False,,,,False,True,False,False,False,False,,,,-86663,,False,,True,,,,False,,False,False,False,False,False,False,False,,,2,,False,1415381606,Parking Bay P1,,,,1415379675,Parking,False,,"Private Office Large, Flex Fortnightly, Hot Desk Monthly",,False,False,Parking Bay P1 (#295),2026-06-26T15:30:00Z,cb74d34a-540f-4b49-a710-e1e8de04b2b7,Olena+e2@nexudus.com,2026-08-25T19:23:37.348185Z,1
1455638728,0.0,120,296,[],[],False,False,False,,,,,,,Individual,,,,,,Samantha Quinn,1423807134,False,False,,,False,False,,,Echo Digital,2026-08-25T19:23:37.9827584Z,,False,,,False,,0.0,0.0,,,,,,,,2026-07-03T10:00:00Z,False,,,,False,True,False,False,False,False,,,,-76883,,False,,True,,,,False,,False,False,False,False,False,False,False,,,2,,False,1415381597,Meeting Room Gamma,,,,1415379774,Meeting Room,False,,Private Office Large,Echo Digital,False,False,Meeting Room Gamma (#296),2026-07-03T12:00:00Z,06439b80-d732-4348-bb69-b4f8f43ccd05,Olena+e2@nexudus.com,2026-08-25T19:23:38.3890344Z,1
1455638729,0.0,121,297,[],[],False,False,False,,,,,,,Individual,,,,,,Glen Hawkins,1423807157,False,False,,,False,False,,,,2026-08-25T19:23:38.8740926Z,,False,,,False,,0.0,0.0,,,,,,,,2026-04-20T08:00:00Z,False,,,,False,True,False,False,False,False,,,,-183563,,False,,True,,,,False,,False,False,False,False,False,False,False,,,2,,False,1415381601,Hot Desk Area E,,,,1415379775,Hot Desk,False,,"Flex Weekly, Dedicated Desk Monthly",,False,False,Hot Desk Area E (#297),2026-04-20T09:00:00Z,c2957598-2519-4ac1-aa7c-0cbc93b271ed,Olena+e2@nexudus.com,2026-08-25T19:23:39.1709414Z,1
1455638917,0.0,122,298,[],[],False,False,False,,,,,,,Individual,,,,,,Bruce Cross,1423806953,False,False,,,False,False,,,,2026-08-25T19:23:39.6836318Z,,False,,,False,,0.0,0.0,,,,,,,,2026-06-08T15:00:00Z,False,,,,False,True,False,False,False,False,,,,-112583,,False,,True,,,,False,,False,False,False,False,False,False,False,,,2,,False,1415381596,Meeting Room Beta,,,,1415379774,Meeting Room,False,,Hot Desk Quarterly,,False,False,Meeting Room Beta (#298),2026-06-08T16:00:00Z,495ffb16-254f-45a9-a228-fff920a92002,Olena+e2@nexudus.com,2026-08-25T19:23:40.0430449Z,1
1455638918,0.0,123,299,[],[],False,False,False,,,,,,,Individual,,,,,,Megan Taylor,1423806950,False,False,,,False,False,,,CloudNine Labs,2026-08-25T19:23:40.5273904Z,,False,,,False,,0.0,0.0,,,,,,,,2026-07-06T10:00:00Z,False,,,,False,True,False,False,False,False,,,,-72563,,False,,True,,,,False,,False,False,False,False,False,False,False,,,2,,False,1415381695,Hot Desk Area D,,,,1415379775,Hot Desk,False,,Dedicated Desk Monthly,CloudNine Labs,False,False,Hot Desk Area D (#299),2026-07-06T10:30:00Z,683f0b21-fab0-482f-bbba-67092b8b0440,Olena+e2@nexudus.com,2026-08-25T19:23:40.8412174Z,1
1455638919,0.0,124,300,[],[],False,False,False,,,,,,,Individual,,,,,,Sian Cox,1423807129,False,False,,,False,False,,,CloudNine Labs,2026-08-25T19:23:41.3099779Z,,False,,,False,,0.0,0.0,,,,,,,,2026-05-07T08:00:00Z,False,,,,False,True,False,False,False,False,,,,-159083,,False,,True,,,,False,,False,False,False,False,False,False,False,,,2,,False,1415381698,Phone Booth 1,,,,1415379674,Phone Booth,False,,Hot Desk Quarterly,CloudNine Labs,False,False,Phone Booth 1 (#300),2026-05-07T12:00:00Z,10fffcd6-7728-49cf-8cef-0473b1fc5605,Olena+e2@nexudus.com,2026-08-25T19:23:41.5912187Z,1
1455638730,0.0,125,301,[],[],False,False,False,,,,,,,Individual,,,,,,Jessica Dixon,1423807150,False,False,,,False,False,,,,2026-08-25T19:23:42.0948154Z,,False,,,False,,0.0,0.0,,,,,,,,2025-11-03T10:00:00Z,False,,,,False,True,False,False,False,False,,,,-425363,,False,,True,,,,False,,False,False,False,False,False,False,False,,,2,,False,1415381603,Office 103,,,,1415379673,Private Office,False,,"Dedicated Desk Monthly, Hot Desk Quarterly",,False,False,Office 103 (#301),2025-11-03T12:00:00Z,2920a7c4-1a75-4c52-8894-59dc5fe291cd,Olena+e2@nexudus.com,2026-08-25T19:23:42.5010653Z,1
1455638920,0.0,126,302,[],[],False,False,False,,,,,,,Individual,,,,,,Ashley Smith,1423807127,False,False,,,False,False,,,Acme Corp,2026-08-25T19:23:43.0300486Z,,False,,,False,,0.0,0.0,,,,,,,,2026-04-21T11:00:00Z,False,,,,False,True,False,False,False,False,,,,-181943,,False,,True,,,,False,,False,False,False,False,False,False,False,,,2,,False,1415381694,Hot Desk Area C,,,,1415379775,Hot Desk,False,,"Private Office Small, Flex Fortnightly",Acme Corp,False,False,Hot Desk Area C (#302),2026-04-21T15:00:00Z,99fe1864-f226-44b0-a320-f937581dac71,Olena+e2@nexudus.com,2026-08-25T19:23:43.3738087Z,1
1455638921,0.0,127,303,[],[],False,False,False,,,,,,,Individual,,,,,,Charles Kelly,1423807158,False,False,,,False,False,,,,2026-08-25T19:23:43.9362905Z,,False,,,False,,0.0,0.0,,,,,,,,2026-07-11T14:00:00Z,False,,,,False,True,False,False,False,False,,,,-65123,,False,,True,,,,False,,False,False,False,False,False,False,False,,,2,,False,1415381595,Boardroom Alpha,,,,1415379774,Meeting Room,False,,"Private Office Large, Hot Desk Quarterly",,False,False,Boardroom Alpha (#303),2026-07-11T14:30:00Z,07acfd3c-b85b-4dc7-9d47-88888865df5b,Olena+e2@nexudus.com,2026-08-25T19:23:44.2800619Z,1
1455638922,0.0,128,304,[],[],False,False,False,,,,,,,Individual,,,,,,Jonathan Middleton,1423807146,False,False,,,False,False,,,Delta Ventures,2026-08-25T19:23:44.7644105Z,,False,,,False,,0.0,0.0,,,,,,,,2026-07-20T15:00:00Z,False,,,,False,True,False,False,False,False,,,,-52103,,False,,True,,,,False,,False,False,False,False,False,False,False,,,2,,False,1415381602,Office 101,,,,1415379673,Private Office,False,,Flex Fortnightly,Delta Ventures,False,False,Office 101 (#304),2026-07-20T23:00:00Z,e4c34df5-3c71-4722-ab2b-f933e6213f6e,Olena+e2@nexudus.com,2026-08-25T19:23:45.1408234Z,1
1455638731,0.0,129,305,[],[],False,False,False,,,,,,,Individual,,,,,,Bethany Johnston,1423807156,False,False,,,False,False,,,,2026-08-25T19:23:45.6455938Z,,False,,,False,,0.0,0.0,,,,,,,,2026-05-11T15:00:00Z,False,,,,False,True,False,False,False,False,,,,-152903,,False,,True,,,,False,,False,False,False,False,False,False,False,,,2,,False,1415381695,Hot Desk Area D,,,,1415379775,Hot Desk,False,,"Hot Desk Monthly, Flex Fortnightly",,False,False,Hot Desk Area D (#305),2026-05-11T15:30:00Z,b96a50f0-9b43-437c-a5c3-e4954fe74434,Olena+e2@nexudus.com,2026-08-25T19:23:45.9268632Z,1
1455638923,0.0,130,306,[],[],False,False,False,,,,,,,Individual,,,,,,Josephine Hammond,1423807147,False,False,,,False,False,,,,2026-08-25T19:23:46.4234119Z,,False,,,False,,0.0,0.0,,,,,,,,2026-04-13T11:00:00Z,False,,,,False,True,False,False,False,False,,,,-193463,,False,,True,,,,False,,False,False,False,False,False,False,False,,,2,,False,1415381697,Office 104,,,,1415379673,Private Office,False,,Dedicated Desk Monthly,,False,False,Office 104 (#306),2026-04-13T15:00:00Z,a05335f3-1b43-4c1f-bbfb-8f22fd8d8378,Olena+e2@nexudus.com,2026-08-25T19:23:46.8296788Z,1
1455638924,0.0,131,307,[],[],False,False,False,,,,,,,Individual,,,,,,Victor Harrison,1423806942,False,False,,,False,False,,,Acme Corp,2026-08-25T19:23:47.3296546Z,,False,,,False,,0.0,0.0,,,,,,,,2026-07-28T18:00:00Z,False,,,,False,True,False,False,False,False,,,,-40403,,False,,True,,,,False,,False,False,False,False,False,False,False,,,2,,False,1415381697,Office 104,,,,1415379673,Private Office,False,,Dedicated Desk Monthly,Acme Corp,False,False,Office 104 (#307),2026-07-28T20:00:00Z,0a2b3b28-6dbb-406d-b6cd-9e395ec2f22b,Olena+e2@nexudus.com,2026-08-25T19:23:47.7373089Z,1
1455638926,0.0,132,308,[],[],False,False,False,,,,,,,Individual,,,,,,Rachael Byrne,1423806954,False,False,,,False,False,,,,2026-08-25T19:24:24.9135161Z,,False,,,False,,0.0,0.0,,,,,,,,2026-01-08T15:00:00Z,False,,,,False,True,False,False,False,False,,,,-330024,,False,,True,,,,False,,False,False,False,False,False,False,False,,,2,,False,1415381699,Parking Bay P2,,,,1415379675,Parking,False,,"Private Office Large, Flex Fortnightly",,False,False,Parking Bay P2 (#308),2026-01-08T16:00:00Z,6c716e5c-9bcd-4bf4-ba6f-6fe9e91107a9,Olena+e2@nexudus.com,2026-08-25T19:24:25.5072627Z,1
1455638927,0.0,133,309,[],[],False,False,False,,,,,,,Individual,,,,,,Irene Wilson,1423807143,False,False,,,False,False,,,Bright Studio,2026-08-25T19:24:26.2110474Z,,False,,,False,,0.0,0.0,,,,,,,,2026-04-06T16:00:00Z,False,,,,False,True,False,False,False,False,,,,-203244,,False,,True,,,,False,,False,False,False,False,False,False,False,,,2,,False,1415381693,Hot Desk Area A,,,,1415379775,Hot Desk,False,,"Hot Desk Monthly, Private Office Annual",Bright Studio,False,False,Hot Desk Area A (#309),2026-04-06T18:00:00Z,de2dae93-d2ae-4ccb-b91c-3cc9b0e4f683,Olena+e2@nexudus.com,2026-08-25T19:24:26.6498857Z,1
1455638732,0.0,134,310,[],[],False,False,False,,,,,,,Individual,,,,,,Heather Ryan,1423807133,False,False,,,False,False,,,Bright Studio,2026-08-25T19:24:27.20084Z,,False,,,False,,0.0,0.0,,,,,,,,2026-07-07T13:00:00Z,False,,,,False,True,False,False,False,False,,,,-70944,,False,,True,,,,False,,False,False,False,False,False,False,False,,,2,,False,1415381695,Hot Desk Area D,,,,1415379775,Hot Desk,False,,Dedicated Desk Monthly,Bright Studio,False,False,Hot Desk Area D (#310),2026-07-07T15:00:00Z,4f942d84-d111-4094-a233-ade744f1630a,Olena+e2@nexudus.com,2026-08-25T19:24:27.5289388Z,1
1455638928,0.0,135,311,[],[],False,False,False,,,,,,,Individual,,,,,,Jeremy Mellor,1423807142,False,False,,,False,False,,,Bright Studio,2026-08-25T19:24:28.0873875Z,,False,,,False,,0.0,0.0,,,,,,,,2026-05-26T09:00:00Z,False,,,,False,True,False,False,False,False,,,,-131664,,False,,True,,,,False,,False,False,False,False,False,False,False,,,2,,False,1415381598,Meeting Room Delta,,,,1415379774,Meeting Room,False,,"Hot Desk Monthly, Dedicated Desk Monthly",Bright Studio,False,False,Meeting Room Delta (#311),2026-05-26T11:00:00Z,3a643e0b-2e01-4db4-9909-78aa1538357a,Olena+e2@nexudus.com,2026-08-25T19:24:28.5986292Z,1
1455638929,0.0,136,312,[],[],False,False,False,,,,,,,Individual,,,,,,Jay Rees,1423806949,False,False,,,False,False,,,Echo Digital,2026-08-25T19:24:29.1767835Z,,False,,,False,,0.0,0.0,,,,,,,,2026-07-04T08:00:00Z,False,,,,False,True,False,False,False,False,,,,-75564,,False,,True,,,,False,,False,False,False,False,False,False,False,,,2,,False,1415381599,Meeting Room Epsilon,,,,1415379774,Meeting Room,False,,"Dedicated Desk Monthly, Private Office Large",Echo Digital,False,False,Meeting Room Epsilon (#312),2026-07-04T16:00:00Z,5d897332-a41f-4bc8-9183-366917bb9419,Olena+e2@nexudus.com,2026-08-25T19:24:29.7861499Z,1
1455638734,0.0,137,313,[],[],False,False,False,,,,,,,Individual,,,,,,Gemma Ferguson,1423806947,False,False,,,False,False,,,Bright Studio,2026-08-25T19:24:30.264612Z,,False,,,False,,,,,,,,,,,2026-04-22T14:00:00Z,False,,,,False,True,False,False,False,False,,,,-180324,,False,,True,,,,False,,False,False,False,False,False,False,False,,,2,,False,1415381601,Hot Desk Area E,,,,1415379775,Hot Desk,False,,Flex Weekly,Bright Studio,True,False,Hot Desk Area E (#313),2026-04-22T15:00:00Z,35474527-70ff-4885-8110-ffbce055d648,Olena+e2@nexudus.com,2026-08-25T19:24:30.3427022Z,1
1455638735,0.0,138,314,[],[],False,False,False,,,,,,,Individual,,,,,,Ashley Smith,1423807127,False,False,,,False,False,,,Acme Corp,2026-08-25T19:24:30.8590326Z,,False,,,False,,0.0,0.0,,,,,,,,2026-06-16T18:00:00Z,False,,,,False,True,False,False,False,False,,,,-100884,,False,,True,,,,False,,False,False,False,False,False,False,False,,,2,,False,1415381601,Hot Desk Area E,,,,1415379775,Hot Desk,False,,"Private Office Small, Flex Fortnightly",Acme Corp,False,False,Hot Desk Area E (#314),2026-06-16T19:00:00Z,d37cf4e3-eec4-4d05-822a-565a7e0035a5,Olena+e2@nexudus.com,2026-08-25T19:24:31.1878395Z,1
1455638930,0.0,139,315,[],[],False,False,False,,,,,,,Individual,,,,,,Samantha Quinn,1423807134,False,False,,,False,False,,,Echo Digital,2026-08-25T19:24:31.6467879Z,,False,,,False,,,,,,,,,,,2025-12-08T15:00:00Z,False,,,,False,True,False,False,False,False,,,,-374664,,False,,True,,,,False,,False,False,False,False,False,False,False,,,2,,False,1415381598,Meeting Room Delta,,,,1415379774,Meeting Room,False,,Private Office Large,Echo Digital,True,False,Meeting Room Delta (#315),2025-12-08T16:00:00Z,716d1b96-86ef-40a2-a936-ea3b44e8fab4,Olena+e2@nexudus.com,2026-08-25T19:24:31.7092806Z,1
1455638736,0.0,140,316,[],[],False,False,False,,,,,,,Individual,,,,,,Megan Taylor,1423806950,False,False,,,False,False,,,CloudNine Labs,2026-08-25T19:24:32.172215Z,,False,,,False,,0.0,0.0,,,,,,,,2026-06-15T10:00:00Z,False,,,,False,True,False,False,False,False,,,,-102804,,False,,True,,,,False,,False,False,False,False,False,False,False,,,2,,False,1415381603,Office 103,,,,1415379673,Private Office,False,,Dedicated Desk Monthly,CloudNine Labs,False,False,Office 103 (#316),2026-06-15T12:00:00Z,4e91927f-7692-4601-a7a4-6319b8988dd5,Olena+e2@nexudus.com,2026-08-25T19:24:32.7230409Z,1
1455638737,0.0,141,317,[],[],False,False,False,,,,,,,Individual,,,,,,Gemma Ferguson,1423806947,False,False,,,False,False,,,Bright Studio,2026-08-25T19:24:33.5056536Z,,False,,,False,,,,,,,,,,,2026-02-16T16:00:00Z,False,,,,False,True,False,False,False,False,,,,-273804,,False,,True,,,,False,,False,False,False,False,False,False,False,,,2,,False,1415381694,Hot Desk Area C,,,,1415379775,Hot Desk,False,,Flex Weekly,Bright Studio,True,False,Hot Desk Area C (#317),2026-02-16T16:30:00Z,31b107b3-9530-4921-a687-40227b99fb06,Olena+e2@nexudus.com,2026-08-25T19:24:33.5837722Z,1
1455638931,0.0,142,318,[],[],False,False,False,,,,,,,Individual,,,,,,Tracy Harrison,1423807135,False,False,,,False,False,,,Acme Corp,2026-08-25T19:24:34.101183Z,,False,,,False,,0.0,0.0,,,,,,,,2026-08-03T19:00:00Z,False,,,,False,True,False,False,False,False,,,,-31704,,False,,True,,,,False,,False,False,False,False,False,False,False,,,2,,False,1415381693,Hot Desk Area A,,,,1415379775,Hot Desk,False,,Hot Desk Quarterly,Acme Corp,False,False,Hot Desk Area A (#318),2026-08-03T21:00:00Z,3f4df01f-7f4a-4e1e-8d1e-9024904effea,Olena+e2@nexudus.com,2026-08-25T19:24:34.5386827Z,1
1455638738,0.0,143,319,"[{'BookingId': 1455638738, 'ProductId': 1415477144, 'ProductName': 'AV Equipment', 'ProductPrice': 25.0, 'ProductCurrencyCode': 'EUR', 'InvoiceInMinutes': False, 'Quantity': 1, 'Id': 1417183396, 'UpdatedOn': '2026-08-25T19:24:35.2569986Z', 'CreatedOn': '2026-08-25T19:24:35.2569986Z', 'UniqueId': '4510aba1-a01a-4843-b8db-62b28af33866', 'UpdatedBy': 'Olena+e2@nexudus.com', 'IsNew': False, 'SystemId': None, 'ToStringText': 'AV Equipment', 'LocalizationDetails': None, 'CustomFields': None}]",[],False,False,False,,,,,,,Individual,,,,,,Leigh Butler,1423806946,False,False,,,False,False,,,Delta Ventures,2026-08-25T19:24:35.2569986Z,,False,,,False,,25.0,25.0,,,,,,,,2026-05-22T16:00:00Z,False,,,,False,True,False,False,False,False,,,,-137004,,False,,True,,,,False,,False,False,False,False,False,False,False,,,2,,False,1415381598,Meeting Room Delta,,,,1415379774,Meeting Room,False,,Dedicated Desk Monthly,Delta Ventures,False,False,Meeting Room Delta (#319),2026-05-22T18:00:00Z,6be684ee-63ab-49a2-adf2-e50a0958500c,Olena+e2@nexudus.com,2026-08-25T19:24:35.8045394Z,1
1455638739,0.0,144,320,"[{'BookingId': 1455638739, 'ProductId': 1415477043, 'ProductName': 'Catering - Lunch', 'ProductPrice': 15.0, 'ProductCurrencyCode': 'EUR', 'InvoiceInMinutes': False, 'Quantity': 1, 'Id': 1417183397, 'UpdatedOn': '2026-08-25T19:24:36.5076624Z', 'CreatedOn': '2026-08-25T19:24:36.5076624Z', 'UniqueId': 'ef2e5801-72eb-4245-9dda-8a0359b66e75', 'UpdatedBy': 'Olena+e2@nexudus.com', 'IsNew': False, 'SystemId': None, 'ToStringText': 'Catering - Lunch', 'LocalizationDetails': None, 'CustomFields': None}]",[],False,False,False,,,,,,,Individual,,,,,,Jessica Dixon,1423807150,False,False,,,False,False,,,,2026-08-25T19:24:36.4920418Z,,False,,,False,,15.0,15.0,,,,,,,,2026-03-06T17:00:00Z,False,,,,False,True,False,False,False,False,,,,-247824,,False,,True,,,,False,,False,False,False,False,False,False,False,,,2,,False,1415381692,Meeting Room Zeta,,,,1415379774,Meeting Room,False,,"Dedicated Desk Monthly, Hot Desk Quarterly",,False,False,Meeting Room Zeta (#320),2026-03-06T19:00:00Z,e358e6ec-45f2-4cf9-804f-a46818d18571,Olena+e2@nexudus.com,2026-08-25T19:24:36.9938367Z,1
1455638740,0.0,145,321,[],[],False,False,False,,,,,,,Individual,,,,,,Heather Thompson,1423807148,False,False,,,False,False,,,,2026-08-25T19:24:37.5057256Z,,False,,,False,,0.0,0.0,,,,,,,,2026-07-02T14:00:00Z,False,,,,False,True,False,False,False,False,,,,-78084,,False,,True,,,,False,,False,False,False,False,False,False,False,,,2,,False,1415381600,Hot Desk Area B,,,,1415379775,Hot Desk,False,,Hot Desk Quarterly,,False,False,Hot Desk Area B (#321),2026-07-02T18:00:00Z,e8650039-7710-4eaa-aab4-8e9dfac1b41a,Olena+e2@nexudus.com,2026-08-25T19:24:37.8345583Z,1
1455638932,0.0,146,322,"[{'BookingId': 1455638932, 'ProductId': 1415477043, 'ProductName': 'Catering - Lunch', 'ProductPrice': 15.0, 'ProductCurrencyCode': 'EUR', 'InvoiceInMinutes': False, 'Quantity': 1, 'Id': 1417184644, 'UpdatedOn': '2026-08-25T19:24:38.353654Z', 'CreatedOn': '2026-08-25T19:24:38.353654Z', 'UniqueId': '2e0e216b-d172-435f-9e74-adf7a65a7c68', 'UpdatedBy': 'Olena+e2@nexudus.com', 'IsNew': False, 'SystemId': None, 'ToStringText': 'Catering - Lunch', 'LocalizationDetails': None, 'CustomFields': None}]",[],False,False,False,,,,,,,Individual,,,,,,Heather Thompson,1423807148,False,False,,,False,False,,,,2026-08-25T19:24:38.353654Z,,False,,,False,,,,,,,,,,,2026-08-03T11:00:00Z,False,,,,False,True,False,False,False,False,,,,-32184,,False,,True,,,,False,,False,False,False,False,False,False,False,,,2,,False,1415381698,Phone Booth 1,,,,1415379674,Phone Booth,False,,Hot Desk Quarterly,,True,False,Phone Booth 1 (#322),2026-08-03T11:30:00Z,812c4323-a785-40e3-bae0-66584a97ebcd,Olena+e2@nexudus.com,2026-08-25T19:24:38.4474207Z,1
1455638741,0.0,147,323,[],[],False,False,False,,,,,,,Individual,,,,,,Lesley Humphries,1423807149,False,False,,,False,False,,,,2026-08-25T19:24:38.9439546Z,,False,,,False,,0.0,0.0,,,,,,,,2026-03-23T16:00:00Z,False,,,,False,True,False,False,False,False,,,,-223404,,False,,True,,,,False,,False,False,False,False,False,False,False,,,2,,False,1415381597,Meeting Room Gamma,,,,1415379774,Meeting Room,False,,Hot Desk Monthly,,False,False,Meeting Room Gamma (#323),2026-03-23T17:00:00Z,ce07485e-84cd-4344-84bf-e1ff586ffeeb,Olena+e2@nexudus.com,2026-08-25T19:24:39.3189602Z,1
1455638742,0.0,148,324,[],[],False,False,False,,,,,,,Individual,,,,,,Josephine Hammond,1423807147,False,False,,,False,False,,,,2026-08-25T19:24:39.9133875Z,,False,,,False,,0.0,0.0,,,,,,,,2026-03-25T19:00:00Z,False,,,,False,True,False,False,False,False,,,,-220344,,False,,True,,,,False,,False,False,False,False,False,False,False,,,2,,False,1415381599,Meeting Room Epsilon,,,,1415379774,Meeting Room,False,,Dedicated Desk Monthly,,False,False,Meeting Room Epsilon (#324),2026-03-25T21:00:00Z,bb1280eb-f06c-4eda-93f7-39a49e3a050c,Olena+e2@nexudus.com,2026-08-25T19:24:40.3359365Z,1
1455638933,0.0,149,325,[],[],False,False,False,,,,,,,Individual,,,,,,Diane Newman,1423807128,False,False,,,False,False,,,Delta Ventures,2026-08-25T19:24:40.7925054Z,,False,,,False,,0.0,0.0,,,,,,,,2026-07-23T19:00:00Z,False,,,,False,True,False,False,False,False,,,,-47544,,False,,True,,,,False,,False,False,False,False,False,False,False,,,2,,False,1415381598,Meeting Room Delta,,,,1415379774,Meeting Room,False,,"Dedicated Desk Monthly, Hot Desk Quarterly",Delta Ventures,False,False,Meeting Room Delta (#325),2026-07-23T21:00:00Z,9779c57b-1311-427b-ad77-dd005a9406c8,Olena+e2@nexudus.com,2026-08-25T19:24:41.1675127Z,1
1455638743,0.0,150,326,[],[],False,False,False,,,,,,,Individual,,,,,,Paula Harvey,1423807140,False,False,,,False,False,,,Echo Digital,2026-08-25T19:24:41.6484587Z,,False,,,False,,0.0,0.0,,,,,,,,2026-06-10T19:00:00Z,False,,,,False,True,False,False,False,False,,,,-109464,,False,,True,,,,False,,False,False,False,False,False,False,False,,,2,,False,1415381692,Meeting Room Zeta,,,,1415379774,Meeting Room,False,,Flex Fortnightly,Echo Digital,False,False,Meeting Room Zeta (#326),2026-06-10T20:00:00Z,37b14aaf-7a81-4f26-aa09-d05a04d9aea0,Olena+e2@nexudus.com,2026-08-25T19:24:42.3054067Z,1
1455638744,0.0,151,327,[],[],False,False,False,,,,,,,Individual,,,,,,Megan Taylor,1423806950,False,False,,,False,False,,,CloudNine Labs,2026-08-25T19:24:42.9971807Z,,False,,,False,,0.0,0.0,,,,,,,,2026-02-18T11:00:00Z,False,,,,False,True,False,False,False,False,,,,-271224,,False,,True,,,,False,,False,False,False,False,False,False,False,,,2,,False,1415381598,Meeting Room Delta,,,,1415379774,Meeting Room,False,,Dedicated Desk Monthly,CloudNine Labs,False,False,Meeting Room Delta (#327),2026-02-18T12:00:00Z,8a12e7f3-0e4f-47f1-b8aa-d5ccc583122e,Olena+e2@nexudus.com,2026-08-25T19:24:43.8565623Z,1
1455638745,0.0,152,328,[],[],False,False,False,,,,,,,Individual,,,,,,Jacob Robinson,1423807144,False,False,,,False,False,,,Delta Ventures,2026-08-25T19:24:44.6079336Z,,False,,,False,,0.0,0.0,,,,,,,,2026-03-31T11:00:00Z,False,,,,False,True,False,False,False,False,,,,-212184,,False,,True,,,,False,,False,False,False,False,False,False,False,,,2,,False,1415381692,Meeting Room Zeta,,,,1415379774,Meeting Room,False,,"Hot Desk Quarterly, Private Office Annual",Delta Ventures,False,False,Meeting Room Zeta (#328),2026-03-31T12:00:00Z,8e3ab60e-ddc3-4fb8-929c-f4f63adad24a,Olena+e2@nexudus.com,2026-08-25T19:24:45.2172897Z,1
1455638746,0.0,153,329,[],[],False,False,False,,,,,,,Individual,,,,,,Dylan Young,1423806948,False,False,,,False,False,,,CloudNine Labs,2026-08-25T19:24:45.9204126Z,,False,,,False,,0.0,0.0,,,,,,,,2026-02-04T13:00:00Z,False,,,,False,True,False,False,False,False,,,,-291264,,False,,True,,,,False,,False,False,False,False,False,False,False,,,2,,False,1415381599,Meeting Room Epsilon,,,,1415379774,Meeting Room,False,,Hot Desk Monthly,CloudNine Labs,False,False,Meeting Room Epsilon (#329),2026-02-04T14:00:00Z,c7a67681-adab-40c1-9e28-a5b03c756b5f,Olena+e2@nexudus.com,2026-08-25T19:24:46.5617437Z,1
1455638747,0.0,154,330,"[{'BookingId': 1455638747, 'ProductId': 1415477144, 'ProductName': 'AV Equipment', 'ProductPrice': 25.0, 'ProductCurrencyCode': 'EUR', 'InvoiceInMinutes': False, 'Quantity': 1, 'Id': 1417183398, 'UpdatedOn': '2026-08-25T19:24:47.1248746Z', 'CreatedOn': '2026-08-25T19:24:47.1248746Z', 'UniqueId': '06263fd3-5254-4292-844f-4ac94d19e0a0', 'UpdatedBy': 'Olena+e2@nexudus.com', 'IsNew': False, 'SystemId': None, 'ToStringText': 'AV Equipment', 'LocalizationDetails': None, 'CustomFields': None}]",[],False,False,False,,,,,,,Individual,,,,,,Jay Rees,1423806949,False,False,,,False,False,,,Echo Digital,2026-08-25T19:24:47.1248746Z,,False,,,False,,25.0,25.0,,,,,,,,2026-06-24T09:00:00Z,False,,,,False,True,False,False,False,False,,,,-89904,,False,,True,,,,False,,False,False,False,False,False,False,False,,,2,,False,1415381597,Meeting Room Gamma,,,,1415379774,Meeting Room,False,,"Dedicated Desk Monthly, Private Office Large",Echo Digital,False,False,Meeting Room Gamma (#330),2026-06-24T10:00:00Z,9724f004-cf4a-43de-bc10-ec7847dba3fe,Olena+e2@nexudus.com,2026-08-25T19:24:47.7342708Z,1
1455638934,0.0,155,331,[],[],False,False,False,,,,,,,Individual,,,,,,Diane Newman,1423807128,False,False,,,False,False,,,Delta Ventures,2026-08-25T19:24:48.1878567Z,,False,,,False,,0.0,0.0,,,,,,,,2025-12-22T08:00:00Z,False,,,,False,True,False,False,False,False,,,,-354924,,False,,True,,,,False,,False,False,False,False,False,False,False,,,2,,False,1415381692,Meeting Room Zeta,,,,1415379774,Meeting Room,False,,"Dedicated Desk Monthly, Hot Desk Quarterly",Delta Ventures,False,False,Meeting Room Zeta (#331),2025-12-22T10:00:00Z,17ce432b-af2b-4f4d-836f-b40b9e1fa2b3,Olena+e2@nexudus.com,2026-08-25T19:24:48.5283986Z,1
1455638935,0.0,156,332,[],[],False,False,False,,,,,,,Individual,,,,,,Chelsea Powell,1423807160,False,False,,,False,False,,,,2026-08-25T19:24:49.2940107Z,,False,,,False,,0.0,0.0,,,,,,,,2026-07-22T14:00:00Z,False,,,,False,True,False,False,False,False,,,,-49284,,False,,True,,,,False,,False,False,False,False,False,False,False,,,2,,False,1415381600,Hot Desk Area B,,,,1415379775,Hot Desk,False,,"Hot Desk Monthly, Hot Desk Quarterly",,False,False,Hot Desk Area B (#332),2026-07-22T15:00:00Z,d89e53ea-a1bf-4de4-a455-450a7d44e251,Olena+e2@nexudus.com,2026-08-25T19:24:49.6221407Z,1
1455638936,0.0,157,333,[],[],False,False,False,,,,,,,Individual,,,,,,Lesley Humphries,1423807149,False,False,,,False,False,,,,2026-08-25T19:24:50.0752541Z,,False,,,False,,0.0,0.0,,,,,,,,2025-11-12T12:00:00Z,False,,,,False,True,False,False,False,False,,,,-412284,,False,,True,,,,False,,False,False,False,False,False,False,False,,,2,,False,1415381696,Office 102,,,,1415379673,Private Office,False,,Hot Desk Monthly,,False,False,Office 102 (#333),2025-11-12T14:00:00Z,acb6128e-ebaa-4de9-8ed9-89c97dc4574c,Olena+e2@nexudus.com,2026-08-25T19:24:50.4665636Z,1
1455638748,0.0,158,334,[],[],False,False,False,,,,,,,Individual,,,,,,Gemma Elliott,1423807139,False,False,,,False,False,,,Bright Studio,2026-08-25T19:24:50.9399964Z,,False,,,False,,0.0,0.0,,,,,,,,2026-03-16T08:00:00Z,False,,,,False,True,False,False,False,False,,,,-233964,,False,,True,,,,False,,False,False,False,False,False,False,False,,,2,,False,1415381606,Parking Bay P1,,,,1415379675,Parking,False,,Hot Desk Monthly,Bright Studio,False,False,Parking Bay P1 (#334),2026-03-16T08:30:00Z,917c2be4-5f9d-4e81-b9c3-247319c0fc4b,Olena+e2@nexudus.com,2026-08-25T19:24:51.4712366Z,1
1455638937,0.0,159,335,"[{'BookingId': 1455638937, 'ProductId': 1415477043, 'ProductName': 'Catering - Lunch', 'ProductPrice': 15.0, 'ProductCurrencyCode': 'EUR', 'InvoiceInMinutes': False, 'Quantity': 1, 'Id': 1417184645, 'UpdatedOn': '2026-08-25T19:24:51.9828415Z', 'CreatedOn': '2026-08-25T19:24:51.9828415Z', 'UniqueId': '36ceef33-3405-4198-986a-244487accc40', 'UpdatedBy': 'Olena+e2@nexudus.com', 'IsNew': False, 'SystemId': None, 'ToStringText': 'Catering - Lunch', 'LocalizationDetails': None, 'CustomFields': None}]",[],False,False,False,,,,,,,Individual,,,,,,Lesley Humphries,1423807149,False,False,,,False,False,,,,2026-08-25T19:24:51.9828415Z,,False,,,False,,15.0,15.0,,,,,,,,2026-06-10T19:00:00Z,False,,,,False,True,False,False,False,False,,,,-109464,,False,,True,,,,False,,False,False,False,False,False,False,False,,,2,,False,1415381599,Meeting Room Epsilon,,,,1415379774,Meeting Room,False,,Hot Desk Monthly,,False,False,Meeting Room Epsilon (#335),2026-06-10T20:00:00Z,c138837c-813e-40b7-b1af-a352f1efbc6d,Olena+e2@nexudus.com,2026-08-25T19:24:52.3890902Z,1
1455638938,0.0,160,336,[],[],False,False,False,,,,,,,Individual,,,,,,Paula Harvey,1423807140,False,False,,,False,False,,,Echo Digital,2026-08-25T19:24:52.8429148Z,,False,,,False,,0.0,0.0,,,,,,,,2026-05-25T10:00:00Z,False,,,,False,True,False,False,False,False,,,,-133044,,False,,True,,,,False,,False,False,False,False,False,False,False,,,2,,False,1415381601,Hot Desk Area E,,,,1415379775,Hot Desk,False,,Flex Fortnightly,Echo Digital,False,False,Hot Desk Area E (#336),2026-05-25T14:00:00Z,d2d44e56-fedf-4106-8573-3954a4c195c4,Olena+e2@nexudus.com,2026-08-25T19:24:53.1404843Z,1
1455638749,0.0,161,337,[],[],False,False,False,,,,,,,Individual,,,,,,Heather Ryan,1423807133,False,False,,,False,False,,,Bright Studio,2026-08-25T19:24:53.5975359Z,,False,,,False,,0.0,0.0,,,,,,,,2026-04-07T08:00:00Z,False,,,,False,True,False,False,False,False,,,,-202284,,False,,True,,,,False,,False,False,False,False,False,False,False,,,2,,False,1415381599,Meeting Room Epsilon,,,,1415379774,Meeting Room,False,,Dedicated Desk Monthly,Bright Studio,False,False,Meeting Room Epsilon (#337),2026-04-07T09:00:00Z,257e5043-00d7-48fa-9694-9aeb3ffc470f,Olena+e2@nexudus.com,2026-08-25T19:24:53.9725453Z,1
1455638940,0.0,162,338,[],[],False,False,False,,,,,,,Individual,,,,,,Ashley Smith,1423807127,False,False,,,False,False,,,Acme Corp,2026-08-25T19:25:25.2934294Z,,False,,,False,,0.0,0.0,,,,,,,,2025-10-07T08:00:00Z,False,,,,False,True,False,False,False,False,,,,-464365,,False,,True,,,,False,,False,False,False,False,False,False,False,,,2,,False,1415381692,Meeting Room Zeta,,,,1415379774,Meeting Room,False,,"Private Office Small, Flex Fortnightly",Acme Corp,False,False,Meeting Room Zeta (#338),2025-10-07T10:00:00Z,15f6e507-af28-4692-992d-bc97cc635470,Olena+e2@nexudus.com,2026-08-25T19:25:25.6378852Z,1
1455638750,0.0,163,339,[],[],False,False,False,,,,,,,Individual,,,,,,Josephine Hammond,1423807147,False,False,,,False,False,,,,2026-08-25T19:25:26.1619394Z,,False,,,False,,0.0,0.0,,,,,,,,2026-06-22T15:00:00Z,False,,,,False,True,False,False,False,False,,,,-92425,,False,,True,,,,False,,False,False,False,False,False,False,False,,,2,,False,1415381694,Hot Desk Area C,,,,1415379775,Hot Desk,False,,Dedicated Desk Monthly,,False,False,Hot Desk Area C (#339),2026-06-22T16:00:00Z,f7c46699-be73-408a-b56e-be1c589e6919,Olena+e2@nexudus.com,2026-08-25T19:25:26.4588258Z,1
1455638941,0.0,165,340,[],[],False,False,False,,,,,,,Individual,,,,,,Stanley Holmes,1423807151,False,False,,,False,False,,,,2026-08-25T19:25:27.2329964Z,,False,,,False,,0.0,0.0,,,,,,,,2026-04-29T09:00:00Z,False,,,,False,True,False,False,False,False,,,,-170545,,False,,True,,,,False,,False,False,False,False,False,False,False,,,2,,False,1415381694,Hot Desk Area C,,,,1415379775,Hot Desk,False,,Hot Desk Monthly,,False,False,Hot Desk Area C (#340),2026-04-29T10:00:00Z,9602a3fa-da77-4bc3-83fa-6c6a2ae379d9,Olena+e2@nexudus.com,2026-08-25T19:25:27.5462205Z,1
1455638942,0.0,166,341,[],[],False,False,False,,,,,,,Individual,,,,,,Irene Wilson,1423807143,False,False,,,False,False,,,Bright Studio,2026-08-25T19:25:28.0305635Z,,False,,,False,,0.0,0.0,,,,,,,,2026-03-05T19:00:00Z,False,,,,False,True,False,False,False,False,,,,-249145,,False,,True,,,,False,,False,False,False,False,False,False,False,,,2,,False,1415381694,Hot Desk Area C,,,,1415379775,Hot Desk,False,,"Hot Desk Monthly, Private Office Annual",Bright Studio,False,False,Hot Desk Area C (#341),2026-03-05T21:00:00Z,2ff11e8c-6e72-4d37-bace-2d90b2386a22,Olena+e2@nexudus.com,2026-08-25T19:25:28.3118151Z,1
1455638751,0.0,167,342,[],[],False,False,False,,,,,,,Individual,,,,,,Irene Wilson,1423807143,False,False,,,False,False,,,Bright Studio,2026-08-25T19:25:28.7882689Z,,False,,,False,,0.0,0.0,,,,,,,,2026-07-06T15:00:00Z,False,,,,False,True,False,False,False,False,,,,-72265,,False,,True,,,,False,,False,False,False,False,False,False,False,,,2,,False,1415381692,Meeting Room Zeta,,,,1415379774,Meeting Room,False,,"Hot Desk Monthly, Private Office Annual",Bright Studio,False,False,Meeting Room Zeta (#342),2026-07-06T19:00:00Z,9edb9f02-4d1e-4fcb-8549-48c51d2654a6,Olena+e2@nexudus.com,2026-08-25T19:25:29.1632488Z,1
1455638943,0.0,168,343,[],[],False,False,False,,,,,,,Individual,,,,,,Mary Higgins,1423807131,False,False,,,False,False,,,CloudNine Labs,2026-08-25T19:25:29.6178105Z,,False,,,False,,0.0,0.0,,,,,,,,2026-04-20T10:00:00Z,False,,,,False,True,False,False,False,False,,,,-183445,,False,,True,,,,False,,False,False,False,False,False,False,False,,,2,,False,1415381600,Hot Desk Area B,,,,1415379775,Hot Desk,False,,,CloudNine Labs,False,False,Hot Desk Area B (#343),2026-04-20T11:00:00Z,f258bcb7-9b83-4b2c-8d45-9a7a8572b392,Olena+e2@nexudus.com,2026-08-25T19:25:29.8997007Z,1
1455638752,0.0,169,344,[],[],False,False,False,,,,,,,Individual,,,,,,Ryan Nelson,1423807154,False,False,,,False,False,,,,2026-08-25T19:25:30.398375Z,,False,,,False,,0.0,0.0,,,,,,,,2026-07-27T17:00:00Z,False,,,,False,True,False,False,False,False,,,,-41905,,False,,True,,,,False,,False,False,False,False,False,False,False,,,2,,False,1415381600,Hot Desk Area B,,,,1415379775,Hot Desk,False,,"Dedicated Desk Monthly, Private Office Small",,False,False,Hot Desk Area B (#344),2026-07-27T17:30:00Z,2b74359d-6263-4b6b-813e-74f02084e585,Olena+e2@nexudus.com,2026-08-25T19:25:32.3763796Z,1
1455638944,0.0,170,345,[],[],False,False,False,,,,,,,Individual,,,,,,Paula Harvey,1423807140,False,False,,,False,False,,,Echo Digital,2026-08-25T19:25:32.88544Z,,False,,WELCOME20,False,,0.0,0.0,,,,,,,,2026-05-19T13:00:00Z,False,,,,False,True,False,False,False,False,,,,-141505,,False,,True,,,,False,,False,False,False,False,False,False,False,,,2,,False,1415381599,Meeting Room Epsilon,,,,1415379774,Meeting Room,False,,Flex Fortnightly,Echo Digital,False,False,Meeting Room Epsilon (#345),2026-05-19T15:00:00Z,ff902041-837a-47ef-9cd1-06333527acc1,Olena+e2@nexudus.com,2026-08-25T19:25:33.2916642Z,1
1455638945,0.0,171,346,[],[],False,False,False,,,,,,,Individual,,,,,,Sian Cox,1423807129,False,False,,,False,False,,,CloudNine Labs,2026-08-25T19:25:33.776654Z,,False,,,False,,0.0,0.0,,,,,,,,2026-03-02T19:00:00Z,False,,,,False,True,False,False,False,False,,,,-253465,,False,,True,,,,False,,False,False,False,False,False,False,False,,,2,,False,1415381606,Parking Bay P1,,,,1415379675,Parking,False,,Hot Desk Quarterly,CloudNine Labs,False,False,Parking Bay P1 (#346),2026-03-02T20:00:00Z,33753ffb-5f5f-42e2-853f-e2b88f680037,Olena+e2@nexudus.com,2026-08-25T19:25:34.1047623Z,1
1455638946,0.0,172,347,[],[],False,False,False,,,,,,,Individual,,,,,,Stanley Griffiths,1423806940,False,False,,,False,False,,,Acme Corp,2026-08-25T19:25:34.6047463Z,,False,,,False,,0.0,0.0,,,,,,,,2026-03-09T12:00:00Z,False,,,,False,True,False,False,False,False,,,,-243805,,False,,True,,,,False,,False,False,False,False,False,False,False,,,2,,False,1415381596,Meeting Room Beta,,,,1415379774,Meeting Room,False,,Flex Weekly,Acme Corp,False,False,Meeting Room Beta (#347),2026-03-09T12:30:00Z,a99815f8-77a4-4f00-87f9-b1a1aedcd96a,Olena+e2@nexudus.com,2026-08-25T19:25:34.9804447Z,1
1455638947,0.0,173,348,"[{'BookingId': 1455638947, 'ProductId': 1415477143, 'ProductName': 'Catering - Tea/Coffee', 'ProductPrice': 5.0, 'ProductCurrencyCode': 'EUR', 'InvoiceInMinutes': False, 'Quantity': 1, 'Id': 1417184646, 'UpdatedOn': '2026-08-25T19:25:35.433568Z', 'CreatedOn': '2026-08-25T19:25:35.433568Z', 'UniqueId': 'adf34462-39d7-4f0d-9dcb-5afe53bdb5ae', 'UpdatedBy': 'Olena+e2@nexudus.com', 'IsNew': False, 'SystemId': None, 'ToStringText': 'Catering - Tea/Coffee', 'LocalizationDetails': None, 'CustomFields': None}]",[],False,False,False,,,,,,,Individual,,,,,,Bethany Johnston,1423807156,False,False,,,False,False,,,,2026-08-25T19:25:35.433568Z,,False,,,False,,5.0,5.0,,,,,,,,2026-06-15T13:00:00Z,False,,,,False,True,False,False,False,False,,,,-102625,,False,,True,,,,False,,False,False,False,False,False,False,False,,,2,,False,1415381698,Phone Booth 1,,,,1415379674,Phone Booth,False,,"Hot Desk Monthly, Flex Fortnightly",,False,False,Phone Booth 1 (#348),2026-06-15T14:00:00Z,39243a8b-e8e4-4e3d-a418-bd56db6af5ef,Olena+e2@nexudus.com,2026-08-25T19:25:35.824874Z,1
1455638948,0.0,174,349,[],[],False,False,False,,,,,,,Individual,,,,,,Heather Ryan,1423807133,False,False,,,False,False,,,Bright Studio,2026-08-25T19:25:36.371734Z,,False,,,False,,0.0,0.0,,,,,,,,2026-03-05T14:00:00Z,False,,,,False,True,False,False,False,False,,,,-249445,,False,,True,,,,False,,False,False,False,False,False,False,False,,,2,,False,1415381599,Meeting Room Epsilon,,,,1415379774,Meeting Room,False,,Dedicated Desk Monthly,Bright Studio,False,False,Meeting Room Epsilon (#349),2026-03-05T18:00:00Z,48140502-f1e1-4127-b4e6-e735a095ded3,Olena+e2@nexudus.com,2026-08-25T19:25:36.7623585Z,1
1455638753,0.0,175,350,[],[],False,False,False,,,,,,,Individual,,,,,,Rachael Byrne,1423806954,False,False,,,False,False,,,,2026-08-25T19:25:37.317604Z,,False,,,False,,0.0,0.0,,,,,,,,2026-06-05T16:00:00Z,False,,,,False,True,False,False,False,False,,,,-116845,,False,,True,,,,False,,False,False,False,False,False,False,False,,,2,,False,1415381597,Meeting Room Gamma,,,,1415379774,Meeting Room,False,,"Private Office Large, Flex Fortnightly",,False,False,Meeting Room Gamma (#350),2026-06-05T17:00:00Z,e8b5deb2-4432-42d9-b1ff-28e6c1a345ce,Olena+e2@nexudus.com,2026-08-25T19:25:37.6925957Z,1
1455638754,0.0,176,351,[],[],False,False,False,,,,,,,Individual,,,,,,Wayne Davidson,1423806955,False,False,,,False,False,,,,2026-08-25T19:25:38.161341Z,,False,,,False,,0.0,0.0,,,,,,,,2026-07-27T16:00:00Z,False,,,,False,True,False,False,False,False,,,,-41965,,False,,True,,,,False,,False,False,False,False,False,False,False,,,2,,False,1415381602,Office 101,,,,1415379673,Private Office,False,,"Hot Desk Monthly, Private Office Large",,False,False,Office 101 (#351),2026-07-27T17:00:00Z,389221da-50ca-40af-9622-b6a48d19226e,Olena+e2@nexudus.com,2026-08-25T19:25:38.5519612Z,1
1455638755,0.0,177,352,"[{'BookingId': 1455638755, 'ProductId': 1415477144, 'ProductName': 'AV Equipment', 'ProductPrice': 25.0, 'ProductCurrencyCode': 'EUR', 'InvoiceInMinutes': False, 'Quantity': 1, 'Id': 1417183399, 'UpdatedOn': '2026-08-25T19:25:39.0526006Z', 'CreatedOn': '2026-08-25T19:25:39.0526006Z', 'UniqueId': 'b5095471-35a0-461d-8419-62707f47e70b', 'UpdatedBy': 'Olena+e2@nexudus.com', 'IsNew': False, 'SystemId': None, 'ToStringText': 'AV Equipment', 'LocalizationDetails': None, 'CustomFields': None}]",[],False,False,False,,,,,,,Individual,,,,,,Leigh Butler,1423806946,False,False,,,False,False,,,Delta Ventures,2026-08-25T19:25:39.0526006Z,,False,,,False,,25.0,25.0,,,,,,,,2026-04-30T14:00:00Z,False,,,,False,True,False,False,False,False,,,,-168805,,False,,True,,,,False,,False,False,False,False,False,False,False,,,2,,False,1415381595,Boardroom Alpha,,,,1415379774,Meeting Room,False,,Dedicated Desk Monthly,Delta Ventures,False,False,Boardroom Alpha (#352),2026-04-30T18:00:00Z,ac8a72cf-d12c-4932-bf5f-e86491b83fbc,Olena+e2@nexudus.com,2026-08-25T19:25:39.5213449Z,1
1455638756,0.0,178,353,[],[],False,False,False,,,,,,,Individual,,,,,,Wayne Davidson,1423806955,False,False,,,False,False,,,,2026-08-25T19:25:40.0689782Z,,False,,,False,,0.0,0.0,,,,,,,,2026-07-16T17:00:00Z,False,,,,False,True,False,False,False,False,,,,-57745,,False,,True,,,,False,,False,False,False,False,False,False,False,,,2,,False,1415381698,Phone Booth 1,,,,1415379674,Phone Booth,False,,"Hot Desk Monthly, Private Office Large",,False,False,Phone Booth 1 (#353),2026-07-16T21:00:00Z,9f28506e-d52e-48c9-87b3-a3e7c9afb5f1,Olena+e2@nexudus.com,2026-08-25T19:25:40.3970202Z,1
1455638949,0.0,179,354,[],[],False,False,False,,,,,,,Individual,,,,,,Tracy Harrison,1423807135,False,False,,,False,False,,,Acme Corp,2026-08-25T19:25:40.8274165Z,,False,,,False,,0.0,0.0,,,,,,,,2026-03-12T11:00:00Z,False,,,,False,True,False,False,False,False,,,,-239545,,False,,True,,,,False,,False,False,False,False,False,False,False,,,2,,False,1415381698,Phone Booth 1,,,,1415379674,Phone Booth,False,,Hot Desk Quarterly,Acme Corp,False,False,Phone Booth 1 (#354),2026-03-12T12:00:00Z,07449f39-621d-4eaf-958c-c05a2d6dbce5,Olena+e2@nexudus.com,2026-08-25T19:25:41.1087001Z,1
1455638757,0.0,180,355,[],[],False,False,False,,,,,,,Individual,,,,,,Billy Norton,1423807141,False,False,,,False,False,,,Delta Ventures,2026-08-25T19:25:41.63211Z,,False,,,False,,0.0,0.0,,,,,,,,2026-08-03T19:00:00Z,False,,,,False,True,False,False,False,False,,,,-31705,,False,,True,,,,False,,False,False,False,False,False,False,False,,,2,,False,1415381599,Meeting Room Epsilon,,,,1415379774,Meeting Room,False,,Hot Desk Quarterly,Delta Ventures,False,False,Meeting Room Epsilon (#355),2026-08-03T21:00:00Z,3aa67116-491d-449f-ab06-bb0d1c525f4a,Olena+e2@nexudus.com,2026-08-25T19:25:42.0383465Z,1
1455638950,0.0,181,356,[],[],False,False,False,,,,,,,Individual,,,,,,Jeremy Mellor,1423807142,False,False,,,False,False,,,Bright Studio,2026-08-25T19:25:42.5624426Z,,False,,,False,,0.0,0.0,,,,,,,,2026-06-18T19:00:00Z,False,,,,False,True,False,False,False,False,,,,-97945,,False,,True,,,,False,,False,False,False,False,False,False,False,,,2,,False,1415381601,Hot Desk Area E,,,,1415379775,Hot Desk,False,,"Hot Desk Monthly, Dedicated Desk Monthly",Bright Studio,False,False,Hot Desk Area E (#356),2026-06-18T21:00:00Z,c4d18491-913b-4284-8af2-b757ca607a12,Olena+e2@nexudus.com,2026-08-25T19:25:42.8600271Z,1
1455638951,0.0,183,357,[],[],False,False,False,,,,,,,Individual,,,,,,Paula Harvey,1423807140,False,False,,,False,False,,,Echo Digital,2026-08-25T19:25:43.4850136Z,,False,,,False,,0.0,0.0,,,,,,,,2026-03-05T14:00:00Z,False,,,,False,True,False,False,False,False,,,,-249445,,False,,True,,,,False,,False,False,False,False,False,False,False,,,2,,False,1415381699,Parking Bay P2,,,,1415379675,Parking,False,,Flex Fortnightly,Echo Digital,False,False,Parking Bay P2 (#357),2026-03-05T15:00:00Z,ef9073b5-69d9-4365-9ac6-e7a5f041d06f,Olena+e2@nexudus.com,2026-08-25T19:25:43.8763393Z,1
1455638758,0.0,184,358,"[{'BookingId': 1455638758, 'ProductId': 1415477143, 'ProductName': 'Catering - Tea/Coffee', 'ProductPrice': 5.0, 'ProductCurrencyCode': 'EUR', 'InvoiceInMinutes': False, 'Quantity': 1, 'Id': 1417183400, 'UpdatedOn': '2026-08-25T19:25:44.3678113Z', 'CreatedOn': '2026-08-25T19:25:44.3678113Z', 'UniqueId': '931fc265-fc36-4dfd-8d05-80f2ca97ad22', 'UpdatedBy': 'Olena+e2@nexudus.com', 'IsNew': False, 'SystemId': None, 'ToStringText': 'Catering - Tea/Coffee', 'LocalizationDetails': None, 'CustomFields': None}]",[],False,False,False,,,,,,,Individual,,,,,,Stanley Griffiths,1423806940,False,False,,,False,False,,,Acme Corp,2026-08-25T19:25:44.3678113Z,,False,,,False,,5.0,5.0,,,,,,,,2026-03-30T17:00:00Z,False,,,,False,True,False,False,False,False,,,,-213265,,False,,True,,,,False,,False,False,False,False,False,False,False,,,2,,False,1415381696,Office 102,,,,1415379673,Private Office,False,,Flex Weekly,Acme Corp,False,False,Office 102 (#358),2026-03-30T21:00:00Z,ba19c917-7d14-4c18-96d2-efff0985a59a,Olena+e2@nexudus.com,2026-08-25T19:25:44.7904171Z,1
1455638759,0.0,185,359,[],[],False,False,False,,,,,,,Individual,,,,,,Samantha Quinn,1423807134,False,False,,,False,False,,,Echo Digital,2026-08-25T19:25:45.2747891Z,,False,,,False,,0.0,0.0,,,,,,,,2026-06-16T16:00:00Z,False,,,,False,True,False,False,False,False,,,,-101005,,False,,True,,,,False,,False,False,False,False,False,False,False,,,2,,False,1415381692,Meeting Room Zeta,,,,1415379774,Meeting Room,False,,Private Office Large,Echo Digital,False,False,Meeting Room Zeta (#359),2026-06-17T00:00:00Z,5e8ad47b-53fd-497d-9fd5-8c110ef78215,Olena+e2@nexudus.com,2026-08-25T19:25:45.6654187Z,1
1455638760,0.0,187,360,[],[],False,False,False,,,,,,,Individual,,,,,,Robin Andrews,1423806945,False,False,,,False,False,,,Acme Corp,2026-08-25T19:25:46.5109638Z,,False,,,False,,0.0,0.0,,,,,,,,2026-05-27T08:00:00Z,False,,,,False,True,False,False,False,False,,,,-130285,,False,,True,,,,False,,False,False,False,False,False,False,False,,,2,,False,1415381597,Meeting Room Gamma,,,,1415379774,Meeting Room,False,,Flex Fortnightly,Acme Corp,False,False,Meeting Room Gamma (#360),2026-05-27T10:00:00Z,2df927bf-5f05-4ec2-acb5-ba7e362f1b77,Olena+e2@nexudus.com,2026-08-25T19:25:46.9015889Z,1
1455638952,0.0,188,361,[],[],False,False,False,,,,,,,Individual,,,,,,Glen Hawkins,1423807157,False,False,,,False,False,,,,2026-08-25T19:25:47.45532Z,,False,,,False,,0.0,0.0,,,,,,,,2026-05-20T14:00:00Z,False,,,,False,True,False,False,False,False,,,,-140005,,False,,True,,,,False,,False,False,False,False,False,False,False,,,2,,False,1415381598,Meeting Room Delta,,,,1415379774,Meeting Room,False,,"Flex Weekly, Dedicated Desk Monthly",,False,False,Meeting Room Delta (#361),2026-05-20T16:00:00Z,bb3501f7-c6f8-4ac3-b492-fb8500375ddc,Olena+e2@nexudus.com,2026-08-25T19:25:47.805474Z,1
1455638761,0.0,189,362,[],[],False,False,False,,,,,,,Individual,,,,,,Sarah Reed,1423806944,False,False,,,False,False,,,Echo Digital,2026-08-25T19:25:48.2929216Z,,False,,,False,,,,,,,,,,,2026-02-13T08:00:00Z,False,,,,False,True,False,False,False,False,,,,-278605,,False,,True,,,,False,,False,False,False,False,False,False,False,,,2,,False,1415381604,Office 105,,,,1415379673,Private Office,False,,Dedicated Desk Monthly,Echo Digital,True,False,Office 105 (#362),2026-02-13T12:00:00Z,c6334017-eb74-4c82-927c-5f89bf8c257c,Olena+e2@nexudus.com,2026-08-25T19:25:48.3710531Z,1
1455638953,0.0,190,363,[],[],False,False,False,,,,,,,Individual,,,,,,Jacqueline Wilson,1423807153,False,False,,,False,False,,,,2026-08-25T19:25:48.8585618Z,,False,,,False,,0.0,0.0,,,,,,,,2026-04-20T09:00:00Z,False,,,,False,True,False,False,False,False,,,,-183505,,False,,True,,,,False,,False,False,False,False,False,False,False,,,2,,False,1415381699,Parking Bay P2,,,,1415379675,Parking,False,,"Private Office Large, Flex Fortnightly, Hot Desk Monthly",,False,False,Parking Bay P2 (#363),2026-04-20T10:00:00Z,e6b303ac-7bc8-4a50-800e-8a5a48900f4c,Olena+e2@nexudus.com,2026-08-25T19:25:49.217946Z,1
1455638762,0.0,191,364,"[{'BookingId': 1455638762, 'ProductId': 1415477043, 'ProductName': 'Catering - Lunch', 'ProductPrice': 15.0, 'ProductCurrencyCode': 'EUR', 'InvoiceInMinutes': False, 'Quantity': 1, 'Id': 1417183401, 'UpdatedOn': '2026-08-25T19:25:49.7161926Z', 'CreatedOn': '2026-08-25T19:25:49.7161926Z', 'UniqueId': '6e8a4eef-3809-41bb-a047-96f074259068', 'UpdatedBy': 'Olena+e2@nexudus.com', 'IsNew': False, 'SystemId': None, 'ToStringText': 'Catering - Lunch', 'LocalizationDetails': None, 'CustomFields': None}]",[],False,False,False,,,,,,,Individual,,,,,,Danny Hale,1423807159,False,False,,,False,False,,,,2026-08-25T19:25:49.7161926Z,,False,,,False,,15.0,15.0,,,,,,,,2026-04-16T10:00:00Z,False,,,,False,True,False,False,False,False,,,,-189205,,False,,True,,,,False,,False,False,False,False,False,False,False,,,2,,False,1415381699,Parking Bay P2,,,,1415379675,Parking,False,,"Hot Desk Monthly, Flex Fortnightly",,False,False,Parking Bay P2 (#364),2026-04-16T14:00:00Z,8c9d3585-3bc4-4f46-b914-ad673cedc0e2,Olena+e2@nexudus.com,2026-08-25T19:25:50.3724442Z,1
1455638954,0.0,192,365,[],[],False,False,False,,,,,,,Individual,,,,,,Glen Hawkins,1423807157,False,False,,,False,False,,,,2026-08-25T19:25:51.0786038Z,,False,,,False,,0.0,0.0,,,,,,,,2026-08-21T14:00:00Z,False,,,,False,True,False,False,False,False,,,,-6085,,False,,True,,,,False,,False,False,False,False,False,False,False,,,2,,False,1415381605,Phone Booth 2,,,,1415379674,Phone Booth,False,,"Flex Weekly, Dedicated Desk Monthly",,False,False,Phone Booth 2 (#365),2026-08-21T14:30:00Z,150ca7dc-aa4f-404e-8cd4-189d4d220a88,Olena+e2@nexudus.com,2026-08-25T19:25:51.3442302Z,1
1455638956,0.0,193,366,[],[],False,False,False,,,,,,,Individual,,,,,,Gemma Elliott,1423807139,False,False,,,False,False,,,Bright Studio,2026-08-25T19:26:25.7828298Z,,False,,,False,,0.0,0.0,,,,,,,,2026-07-30T15:00:00Z,False,,,,False,True,False,False,False,False,,,,-37706,,False,,True,,,,False,,False,False,False,False,False,False,False,,,2,,False,1415381596,Meeting Room Beta,,,,1415379774,Meeting Room,False,,Hot Desk Monthly,Bright Studio,False,False,Meeting Room Beta (#366),2026-07-30T16:00:00Z,2f62a794-5142-4880-9908-1293cb217914,Olena+e2@nexudus.com,2026-08-25T19:26:26.1584865Z,1
1455638957,0.0,194,367,[],[],False,False,False,,,,,,,Individual,,,,,,Sian Cox,1423807129,False,False,,,False,False,,,CloudNine Labs,2026-08-25T19:26:26.7691242Z,,False,,,False,,0.0,0.0,,,,,,,,2026-05-13T10:00:00Z,False,,,,False,True,False,False,False,False,,,,-150326,,False,,True,,,,False,,False,False,False,False,False,False,False,,,2,,False,1415381697,Office 104,,,,1415379673,Private Office,False,,Hot Desk Quarterly,CloudNine Labs,False,False,Office 104 (#367),2026-05-13T11:00:00Z,1c07f9da-eaf9-436a-a46c-9152dfdc7d9b,Olena+e2@nexudus.com,2026-08-25T19:26:27.2066328Z,1
1455638763,0.0,195,368,[],[],False,False,False,,,,,,,Individual,,,,,,Billy Norton,1423807141,False,False,,,False,False,,,Delta Ventures,2026-08-25T19:26:27.8004585Z,,False,,,False,,0.0,0.0,,,,,,,,2026-02-13T12:00:00Z,False,,,,False,True,False,False,False,False,,,,-278366,,False,,True,,,,False,,False,False,False,False,False,False,False,,,2,,False,1415381606,Parking Bay P1,,,,1415379675,Parking,False,,Hot Desk Quarterly,Delta Ventures,False,False,Parking Bay P1 (#368),2026-02-13T13:00:00Z,44dd260f-70f4-4da3-936c-ee6664714c09,Olena+e2@nexudus.com,2026-08-25T19:26:28.1911051Z,1
1455638958,0.0,197,369,[],[],False,False,False,,,,,,,Individual,,,,,,Billy Norton,1423807141,False,False,,,False,False,,,Delta Ventures,2026-08-25T19:26:29.3592725Z,,False,,,False,,0.0,0.0,,,,,,,,2026-03-12T09:00:00Z,False,,,,False,True,False,False,False,False,,,,-239666,,False,,True,,,,False,,False,False,False,False,False,False,False,,,2,,False,1415381595,Boardroom Alpha,,,,1415379774,Meeting Room,False,,Hot Desk Quarterly,Delta Ventures,False,False,Boardroom Alpha (#369),2026-03-12T09:30:00Z,1c937312-f706-4d5d-96dd-3fe67eea18a6,Olena+e2@nexudus.com,2026-08-25T19:26:29.9016545Z,1
1455638959,0.0,198,370,[],[],False,False,False,,,,,,,Individual,,,,,,Irene Wilson,1423807143,False,False,,,False,False,,,Bright Studio,2026-08-25T19:26:30.3704085Z,,False,,,False,,0.0,0.0,,,,,,,,2026-06-25T19:00:00Z,False,,,,False,True,False,False,False,False,,,,-87866,,False,,True,,,,False,,False,False,False,False,False,False,False,,,2,,False,1415381599,Meeting Room Epsilon,,,,1415379774,Meeting Room,False,,"Hot Desk Monthly, Private Office Annual",Bright Studio,False,False,Meeting Room Epsilon (#370),2026-06-25T21:00:00Z,8e92a7b8-18a5-4055-ad65-45830f03f183,Olena+e2@nexudus.com,2026-08-25T19:26:30.7467078Z,1
1455638764,0.0,199,371,[],[],False,False,False,,,,,,,Individual,,,,,,Robin Andrews,1423806945,False,False,,,False,False,,,Acme Corp,2026-08-25T19:26:31.2705858Z,,False,,,False,,0.0,0.0,,,,,,,,2025-12-01T12:00:00Z,False,,,,False,True,False,False,False,False,,,,-384926,,False,,True,,,,False,,False,False,False,False,False,False,False,,,2,,False,1415381595,Boardroom Alpha,,,,1415379774,Meeting Room,False,,Flex Fortnightly,Acme Corp,False,False,Boardroom Alpha (#371),2025-12-01T13:00:00Z,dc963ad3-8092-4421-9fe0-fc6b7ce0e594,Olena+e2@nexudus.com,2026-08-25T19:26:31.7093501Z,1
1455639169,0.0,200,372,[],[],False,False,False,,,,,,,Individual,,,,,,Suzanne Phillips,1423807155,False,False,,,False,False,,,,2026-08-25T19:26:32.4125671Z,,False,,,False,,0.0,0.0,,,,,,,,2026-06-15T08:00:00Z,False,,,,False,True,False,False,False,False,,,,-102926,,False,,True,,,,False,,False,False,False,False,False,False,False,,,2,,False,1415381599,Meeting Room Epsilon,,,,1415379774,Meeting Room,False,,"Private Office Annual, Dedicated Desk Monthly, Flex Weekly",,False,False,Meeting Room Epsilon (#372),2026-06-15T08:30:00Z,a6c1e356-2cce-4f4d-933e-af1e9707066e,Olena+e2@nexudus.com,2026-08-25T19:26:32.9125657Z,1
1455638960,0.0,201,373,[],[],False,False,False,,,,,,,Individual,,,,,,Heather Ryan,1423807133,False,False,,,False,False,,,Bright Studio,2026-08-25T19:26:33.6039088Z,,False,,,False,,0.0,0.0,,,,,,,,2025-10-02T13:00:00Z,False,,,,False,True,False,False,False,False,,,,-471266,,False,,True,,,,False,,False,False,False,False,False,False,False,,,2,,False,1415381595,Boardroom Alpha,,,,1415379774,Meeting Room,False,,Dedicated Desk Monthly,Bright Studio,False,False,Boardroom Alpha (#373),2025-10-02T17:00:00Z,f440b9bc-a95b-4dac-abcc-a5c477e2a4b8,Olena+e2@nexudus.com,2026-08-25T19:26:34.0570111Z,1
1455638961,0.0,202,374,[],[],False,False,False,,,,,,,Individual,,,,,,Danny Hale,1423807159,False,False,,,False,False,,,,2026-08-25T19:26:34.5882911Z,,False,,,False,,0.0,0.0,,,,,,,,2025-10-13T17:00:00Z,False,,,,False,True,False,False,False,False,,,,-455186,,False,,True,,,,False,,False,False,False,False,False,False,False,,,2,,False,1415381597,Meeting Room Gamma,,,,1415379774,Meeting Room,False,,"Hot Desk Monthly, Flex Fortnightly",,False,False,Meeting Room Gamma (#374),2025-10-13T21:00:00Z,bbf66dff-fdc9-4cb9-8eda-8e5371188fcb,Olena+e2@nexudus.com,2026-08-25T19:26:35.1202125Z,1
1455638962,0.0,203,375,[],[],False,False,False,,,,,,,Individual,,,,,,Megan Taylor,1423806950,False,False,,,False,False,,,CloudNine Labs,2026-08-25T19:26:35.5895761Z,,False,,,False,,0.0,0.0,,,,,,,,2026-06-15T08:00:00Z,False,,,,False,True,False,False,False,False,,,,-102926,,False,,True,,,,False,,False,False,False,False,False,False,False,,,2,,False,1415381595,Boardroom Alpha,,,,1415379774,Meeting Room,False,,Dedicated Desk Monthly,CloudNine Labs,False,False,Boardroom Alpha (#375),2026-06-15T08:30:00Z,0e54c59b-8b27-4d30-a21e-e3fdf0ab5774,Olena+e2@nexudus.com,2026-08-25T19:26:35.9333009Z,1
1455638963,0.0,204,376,[],[],False,False,False,,,,,,,Individual,,,,,,Kerry White,1423807136,False,False,,,False,False,,,CloudNine Labs,2026-08-25T19:26:36.4020511Z,,False,,,False,,0.0,0.0,,,,,,,,2025-12-17T18:00:00Z,False,,,,False,True,False,False,False,False,,,,-361526,,False,,True,,,,False,,False,False,False,False,False,False,False,,,2,,False,1415381599,Meeting Room Epsilon,,,,1415379774,Meeting Room,False,,Private Office Large,CloudNine Labs,False,False,Meeting Room Epsilon (#376),2025-12-17T18:30:00Z,ff741544-feb6-471c-a262-506b403670aa,Olena+e2@nexudus.com,2026-08-25T19:26:36.7145644Z,1
1455639170,0.0,205,377,[],[],False,False,False,,,,,,,Individual,,,,,,Sarah Reed,1423806944,False,False,,,False,False,,,Echo Digital,2026-08-25T19:26:37.2876118Z,,False,,,False,,0.0,0.0,,,,,,,,2026-02-28T18:00:00Z,False,,,,False,True,False,False,False,False,,,,-256406,,False,,True,,,,False,,False,False,False,False,False,False,False,,,2,,False,1415381605,Phone Booth 2,,,,1415379674,Phone Booth,False,,Dedicated Desk Monthly,Echo Digital,False,False,Phone Booth 2 (#377),2026-02-28T18:30:00Z,d30d7d24-b104-4c5a-b8eb-81114f1344d4,Olena+e2@nexudus.com,2026-08-25T19:26:37.725116Z,1
1455639171,0.0,206,378,[],[],False,False,False,,,,,,,Individual,,,,,,Rachael Byrne,1423806954,False,False,,,False,False,,,,2026-08-25T19:26:38.5851512Z,,False,,,False,,0.0,0.0,,,,,,,,2026-03-30T13:00:00Z,False,,,,False,True,False,False,False,False,,,,-213506,,False,,True,,,,False,,False,False,False,False,False,False,False,,,2,,False,1415381601,Hot Desk Area E,,,,1415379775,Hot Desk,False,,"Private Office Large, Flex Fortnightly",,False,False,Hot Desk Area E (#378),2026-03-30T14:00:00Z,bc365b86-4762-49fc-a780-a4588cbc22e9,Olena+e2@nexudus.com,2026-08-25T19:26:38.851394Z,1
1455638964,0.0,207,379,"[{'BookingId': 1455638964, 'ProductId': 1415477143, 'ProductName': 'Catering - Tea/Coffee', 'ProductPrice': 5.0, 'ProductCurrencyCode': 'EUR', 'InvoiceInMinutes': False, 'Quantity': 1, 'Id': 1417184647, 'UpdatedOn': '2026-08-25T19:26:39.3259777Z', 'CreatedOn': '2026-08-25T19:26:39.3259777Z', 'UniqueId': '9a339617-2420-4b96-820b-26c897fcc274', 'UpdatedBy': 'Olena+e2@nexudus.com', 'IsNew': False, 'SystemId': None, 'ToStringText': 'Catering - Tea/Coffee', 'LocalizationDetails': None, 'CustomFields': None}]",[],False,False,False,,,,,,,Individual,,,,,,Danny Hale,1423807159,False,False,,,False,False,,,,2026-08-25T19:26:39.3259777Z,,False,,,False,,,,,,,,,,,2025-12-26T12:00:00Z,False,,,,False,True,False,False,False,False,,,,-348926,,False,,True,,,,False,,False,False,False,False,False,False,False,,,2,,False,1415381605,Phone Booth 2,,,,1415379674,Phone Booth,False,,"Hot Desk Monthly, Flex Fortnightly",,True,False,Phone Booth 2 (#379),2025-12-26T13:00:00Z,6cdfc635-cffd-4812-bf2b-f30da0b4a66b,Olena+e2@nexudus.com,2026-08-25T19:26:39.372848Z,1
1455639172,0.0,208,380,[],[],False,False,False,,,,,,,Individual,,,,,,Rachael Byrne,1423806954,False,False,,,False,False,,,,2026-08-25T19:26:39.8201682Z,,False,,,False,,0.0,0.0,,,,,,,,2026-03-16T13:00:00Z,False,,,,False,True,False,False,False,False,,,,-233666,,False,,True,,,,False,,False,False,False,False,False,False,False,,,2,,False,1415381597,Meeting Room Gamma,,,,1415379774,Meeting Room,False,,"Private Office Large, Flex Fortnightly",,False,False,Meeting Room Gamma (#380),2026-03-16T17:00:00Z,0564aaf5-0cf2-46a2-8378-024e84aa0982,Olena+e2@nexudus.com,2026-08-25T19:26:40.1974543Z,1
1455639173,0.0,209,381,[],[],False,False,False,,,,,,,Individual,,,,,,Gemma Ferguson,1423806947,False,False,,,False,False,,,Bright Studio,2026-08-25T19:26:40.7286984Z,,False,,,False,,0.0,0.0,,,,,,,,2026-04-20T19:00:00Z,False,,,,False,True,False,False,False,False,,,,-182906,,False,,True,,,,False,,False,False,False,False,False,False,False,,,2,,False,1415381692,Meeting Room Zeta,,,,1415379774,Meeting Room,False,,Flex Weekly,Bright Studio,False,False,Meeting Room Zeta (#381),2026-04-20T20:00:00Z,c6488e5d-5f63-4346-81bf-afd79e6f390e,Olena+e2@nexudus.com,2026-08-25T19:26:41.1668526Z,1
1455638965,0.0,210,382,[],[],False,False,False,,,,,,,Individual,,,,,,Ellie Lee,1423807145,False,False,,,False,False,,,CloudNine Labs,2026-08-25T19:26:41.7022174Z,,False,,,False,,0.0,0.0,,,,,,,,2026-04-03T10:00:00Z,False,,,,False,True,False,False,False,False,,,,-207926,,False,,True,,,,False,,False,False,False,False,False,False,False,,,2,,False,1415381606,Parking Bay P1,,,,1415379675,Parking,False,,"Hot Desk Monthly, Flex Weekly",CloudNine Labs,False,False,Parking Bay P1 (#382),2026-04-03T12:00:00Z,f1a500f0-3a49-4ad2-a749-700f447979bc,Olena+e2@nexudus.com,2026-08-25T19:26:42.0616491Z,1
1455639174,0.0,211,383,[],[],False,False,False,,,,,,,Individual,,,,,,Leigh Butler,1423806946,False,False,,,False,False,,,Delta Ventures,2026-08-25T19:26:42.5889778Z,,False,,,False,,0.0,0.0,,,,,,,,2026-01-09T14:00:00Z,False,,,,False,True,False,False,False,False,,,,-328646,,False,,True,,,,False,,False,False,False,False,False,False,False,,,2,,False,1415381602,Office 101,,,,1415379673,Private Office,False,,Dedicated Desk Monthly,Delta Ventures,False,False,Office 101 (#383),2026-01-09T15:00:00Z,1b393564-cdaf-4e85-8733-b953a0b12583,Olena+e2@nexudus.com,2026-08-25T19:26:43.0421045Z,1
1455639175,0.0,212,384,[],[],False,False,False,,,,,,,Individual,,,,,,Paula Harvey,1423807140,False,False,,,False,False,,,Echo Digital,2026-08-25T19:26:44.08973Z,,False,,,False,,0.0,0.0,,,,,,,,2025-10-27T15:00:00Z,False,,,,False,True,False,False,False,False,,,,-435146,,False,,True,,,,False,,False,False,False,False,False,False,False,,,2,,False,1415381598,Meeting Room Delta,,,,1415379774,Meeting Room,False,,Flex Fortnightly,Echo Digital,False,False,Meeting Room Delta (#384),2025-10-27T23:00:00Z,8d98bd99-e8d7-4cf3-a8b7-acd3cfb288ec,Olena+e2@nexudus.com,2026-08-25T19:26:44.511577Z,1
1455638966,0.0,213,385,[],[],False,False,False,,,,,,,Individual,,,,,,Jay Rees,1423806949,False,False,,,False,False,,,Echo Digital,2026-08-25T19:26:45.9705063Z,,False,,,False,,0.0,0.0,,,,,,,,2026-06-08T14:00:00Z,False,,,,False,True,False,False,False,False,,,,-112646,,False,,True,,,,False,,False,False,False,False,False,False,False,,,2,,False,1415381697,Office 104,,,,1415379673,Private Office,False,,"Dedicated Desk Monthly, Private Office Large",Echo Digital,False,False,Office 104 (#385),2026-06-08T18:00:00Z,b524cda5-88cb-4823-8b6d-86de95a6a9c5,Olena+e2@nexudus.com,2026-08-25T19:26:46.392384Z,1
1455639176,0.0,214,386,[],[],False,False,False,,,,,,,Individual,,,,,,Jonathan Middleton,1423807146,False,False,,,False,False,,,Delta Ventures,2026-08-25T19:26:46.8938929Z,,False,,,False,,0.0,0.0,,,,,,,,2026-05-11T09:00:00Z,False,,,,False,True,False,False,False,False,,,,-153266,,False,,True,,,,False,,False,False,False,False,False,False,False,,,2,,False,1415381699,Parking Bay P2,,,,1415379675,Parking,False,,Flex Fortnightly,Delta Ventures,False,False,Parking Bay P2 (#386),2026-05-11T11:00:00Z,c7f93146-ae5c-49a6-899b-5623297dca03,Olena+e2@nexudus.com,2026-08-25T19:26:47.2532778Z,1
1455639270,0.0,215,387,[],[],False,False,False,,,,,,,Individual,,,,,,Danny Hale,1423807159,False,False,,,False,False,,,,2026-08-25T19:26:47.7217973Z,,False,,,False,,0.0,0.0,,,,,,,,2026-04-10T18:00:00Z,False,,,,False,True,False,False,False,False,,,,-197366,,False,,True,,,,False,,False,False,False,False,False,False,False,,,2,,False,1415381596,Meeting Room Beta,,,,1415379774,Meeting Room,False,,"Hot Desk Monthly, Flex Fortnightly",,False,False,Meeting Room Beta (#387),2026-04-10T19:00:00Z,4d48864b-e62e-485d-b2e4-c46521808e34,Olena+e2@nexudus.com,2026-08-25T19:26:48.0975028Z,1
1455639271,0.0,216,388,[],[],False,False,False,,,,,,,Individual,,,,,,Jay Rees,1423806949,False,False,,,False,False,,,Echo Digital,2026-08-25T19:26:48.566902Z,,False,,,False,,0.0,0.0,,,,,,,,2026-07-27T09:00:00Z,False,,,,False,True,False,False,False,False,,,,-42386,,False,,True,,,,False,,False,False,False,False,False,False,False,,,2,,False,1415381605,Phone Booth 2,,,,1415379674,Phone Booth,False,,"Dedicated Desk Monthly, Private Office Large",Echo Digital,False,False,Phone Booth 2 (#388),2026-07-27T10:00:00Z,6b8a194b-a2db-49bb-aaa9-4fa0947498c8,Olena+e2@nexudus.com,2026-08-25T19:26:48.9076852Z,1
1455639177,0.0,217,389,[],[],False,False,False,,,,,,,Individual,,,,,,Bethany Johnston,1423807156,False,False,,,False,False,,,,2026-08-25T19:26:49.3795298Z,,False,,,False,,0.0,0.0,,,,,,,,2026-01-22T17:00:00Z,False,,,,False,True,False,False,False,False,,,,-309746,,False,,True,,,,False,,False,False,False,False,False,False,False,,,2,,False,1415381695,Hot Desk Area D,,,,1415379775,Hot Desk,False,,"Hot Desk Monthly, Flex Fortnightly",,False,False,Hot Desk Area D (#389),2026-01-22T18:00:00Z,a753dc89-b877-4d6f-9a3f-5ecd7ed833f3,Olena+e2@nexudus.com,2026-08-25T19:26:49.6764495Z,1
1455639272,0.0,218,390,[],[],False,False,False,,,,,,,Individual,,,,,,Charles Kelly,1423807158,False,False,,,False,False,,,,2026-08-25T19:26:50.143358Z,,False,,,False,,,,,,,,,,,2026-04-28T11:00:00Z,False,,,,False,True,False,False,False,False,,,,-171866,,False,,True,,,,False,,False,False,False,False,False,False,False,,,2,,False,1415381596,Meeting Room Beta,,,,1415379774,Meeting Room,False,,"Private Office Large, Hot Desk Quarterly",,True,False,Meeting Room Beta (#390),2026-04-28T13:00:00Z,9ec49dd4-6757-4c06-9b52-e69b0d22f61e,Olena+e2@nexudus.com,2026-08-25T19:26:50.1902502Z,1
1455639273,0.0,219,391,[],[],False,False,False,,,,,,,Individual,,,,,,Jay Rees,1423806949,False,False,,,False,False,,,Echo Digital,2026-08-25T19:26:50.6902454Z,,False,,,False,,0.0,0.0,,,,,,,,2025-11-21T10:00:00Z,False,,,,False,True,False,False,False,False,,,,-399446,,False,,True,,,,False,,False,False,False,False,False,False,False,,,2,,False,1415381692,Meeting Room Zeta,,,,1415379774,Meeting Room,False,,"Dedicated Desk Monthly, Private Office Large",Echo Digital,False,False,Meeting Room Zeta (#391),2025-11-21T14:00:00Z,5398fcf2-d81d-4eae-b548-b398b9dab668,Olena+e2@nexudus.com,2026-08-25T19:26:51.0502564Z,1
1455639178,0.0,220,392,[],[],False,False,False,,,,,,,Individual,,,,,,Stanley Griffiths,1423806940,False,False,,,False,False,,,Acme Corp,2026-08-25T19:26:51.5370669Z,,False,,,False,,0.0,0.0,,,,,,,,2026-04-30T14:00:00Z,False,,,,False,True,False,False,False,False,,,,-168806,,False,,True,,,,False,,False,False,False,False,False,False,False,,,2,,False,1415381602,Office 101,,,,1415379673,Private Office,False,,Flex Weekly,Acme Corp,False,False,Office 101 (#392),2026-04-30T16:00:00Z,2b9ca951-b8e4-40f0-9a79-faae284421fa,Olena+e2@nexudus.com,2026-08-25T19:26:51.9121182Z,1
1455639274,0.0,221,393,[],[],False,False,False,,,,,,,Individual,,,,,,Jay Rees,1423806949,False,False,,,False,False,,,Echo Digital,2026-08-25T19:26:52.4103599Z,,False,,,False,,,,,,,,,,,2026-03-07T15:00:00Z,False,,,,False,True,False,False,False,False,,,,-246506,,False,,True,,,,False,,False,False,False,False,False,False,False,,,2,,False,1415381694,Hot Desk Area C,,,,1415379775,Hot Desk,False,,"Dedicated Desk Monthly, Private Office Large",Echo Digital,True,False,Hot Desk Area C (#393),2026-03-07T16:00:00Z,73fc8091-c84f-4467-bc6d-79c214472a58,Olena+e2@nexudus.com,2026-08-25T19:26:52.472849Z,1
1455639275,0.0,223,394,[],[],False,False,False,,,,,,,Individual,,,,,,Teresa Hopkins,1423807130,False,False,,,False,False,,,Acme Corp,2026-08-25T19:27:26.2374305Z,,False,,,False,,0.0,0.0,,,,,,,,2026-07-07T11:00:00Z,False,,,,False,True,False,False,False,False,,,,-71067,,False,,True,,,,False,,False,False,False,False,False,False,False,,,2,,False,1415381601,Hot Desk Area E,,,,1415379775,Hot Desk,False,,Hot Desk Quarterly,Acme Corp,False,False,Hot Desk Area E (#394),2026-07-07T11:30:00Z,12e37e85-a26e-4d88-9868-01d8a55f1cb8,Olena+e2@nexudus.com,2026-08-25T19:27:26.5193161Z,1
1455639276,0.0,224,395,[],[],False,False,False,,,,,,,Individual,,,,,,Tracy Harrison,1423807135,False,False,,,False,False,,,Acme Corp,2026-08-25T19:27:27.2393668Z,,False,,,False,,0.0,0.0,,,,,,,,2026-04-23T09:00:00Z,False,,,,False,True,False,False,False,False,,,,-179187,,False,,True,,,,False,,False,False,False,False,False,False,False,,,2,,False,1415381695,Hot Desk Area D,,,,1415379775,Hot Desk,False,,Hot Desk Quarterly,Acme Corp,False,False,Hot Desk Area D (#395),2026-04-23T10:00:00Z,c35f4f66-6212-4ad7-8dd5-ecc11e8e0843,Olena+e2@nexudus.com,2026-08-25T19:27:27.8174728Z,1
1455639277,0.0,225,396,[],[],False,False,False,,,,,,,Individual,,,,,,Bruce Cross,1423806953,False,False,,,False,False,,,,2026-08-25T19:27:28.2706327Z,,False,,,False,,0.0,0.0,,,,,,,,2026-07-29T14:00:00Z,False,,,,False,True,False,False,False,False,,,,-39207,,False,,True,,,,False,,False,False,False,False,False,False,False,,,2,,False,1415381699,Parking Bay P2,,,,1415379675,Parking,False,,Hot Desk Quarterly,,False,False,Parking Bay P2 (#396),2026-07-29T16:00:00Z,272f0178-aa33-4e4d-ad29-f794c9c5dcfb,Olena+e2@nexudus.com,2026-08-25T19:27:28.6712226Z,1
1455639180,0.0,226,397,[],[],False,False,False,,,,,,,Individual,,,,,,Leigh Butler,1423806946,False,False,,,False,False,,,Delta Ventures,2026-08-25T19:27:29.3243495Z,,False,,,False,,0.0,0.0,,,,,,,,2026-02-19T16:00:00Z,False,,,,False,True,False,False,False,False,,,,-269487,,False,,True,,,,False,,False,False,False,False,False,False,False,,,2,,False,1415381596,Meeting Room Beta,,,,1415379774,Meeting Room,False,,Dedicated Desk Monthly,Delta Ventures,False,False,Meeting Room Beta (#397),2026-02-19T18:00:00Z,b419de11-8f0c-4879-b092-99d6d80bd781,Olena+e2@nexudus.com,2026-08-25T19:27:29.7305513Z,1
1455639278,0.0,227,398,[],[],False,False,False,,,,,,,Individual,,,,,,Danny Hale,1423807159,False,False,,,False,False,,,,2026-08-25T19:27:30.2976141Z,,False,,,False,,0.0,0.0,,,,,,,,2026-05-20T15:00:00Z,False,,,,False,True,False,False,False,False,,,,-139947,,False,,True,,,,False,,False,False,False,False,False,False,False,,,2,,False,1415381699,Parking Bay P2,,,,1415379675,Parking,False,,"Hot Desk Monthly, Flex Fortnightly",,False,False,Parking Bay P2 (#398),2026-05-20T17:00:00Z,0d9b6f8a-48a4-407b-ae31-d0a4a53386b5,Olena+e2@nexudus.com,2026-08-25T19:27:30.7038448Z,1
1455639181,0.0,228,399,[],[],False,False,False,,,,,,,Individual,,,,,,Rhys Davies,1423806952,False,False,,,False,False,,,Echo Digital,2026-08-25T19:27:31.2781366Z,,False,,,False,,0.0,0.0,,,,,,,,2026-05-11T15:00:00Z,False,,,,False,True,False,False,False,False,,,,-152907,,False,,True,,,,False,,False,False,False,False,False,False,False,,,2,,False,1415381693,Hot Desk Area A,,,,1415379775,Hot Desk,False,,Flex Fortnightly,Echo Digital,False,False,Hot Desk Area A (#399),2026-05-11T17:00:00Z,e9c0b565-54dc-415f-877a-233379f7b536,Olena+e2@nexudus.com,2026-08-25T19:27:31.7006311Z,1
1455639279,0.0,229,400,"[{'BookingId': 1455639279, 'ProductId': 1415477144, 'ProductName': 'AV Equipment', 'ProductPrice': 25.0, 'ProductCurrencyCode': 'EUR', 'InvoiceInMinutes': False, 'Quantity': 1, 'Id': 1417184648, 'UpdatedOn': '2026-08-25T19:27:32.3302083Z', 'CreatedOn': '2026-08-25T19:27:32.3302083Z', 'UniqueId': 'cfaf529e-1d5b-4ee3-bf28-8e619823e170', 'UpdatedBy': 'Olena+e2@nexudus.com', 'IsNew': False, 'SystemId': None, 'ToStringText': 'AV Equipment', 'LocalizationDetails': None, 'CustomFields': None}]",[],False,False,False,,,,,,,Individual,,,,,,Colin Lloyd,1423807132,False,False,,,False,False,,,Delta Ventures,2026-08-25T19:27:32.3302083Z,,False,,,False,,25.0,25.0,,,,,,,,2026-01-01T13:00:00Z,False,,,,False,True,False,False,False,False,,,,-340227,,False,,True,,,,False,,False,False,False,False,False,False,False,,,2,,False,1415381598,Meeting Room Delta,,,,1415379774,Meeting Room,False,,Flex Fortnightly,Delta Ventures,False,False,Meeting Room Delta (#400),2026-01-01T17:00:00Z,744ea788-e362-46b7-8a70-9c6b685e07c4,Olena+e2@nexudus.com,2026-08-25T19:27:32.8302102Z,1
1455639182,0.0,230,401,[],[],False,False,False,,,,,,,Individual,,,,,,Gemma Elliott,1423807139,False,False,,,False,False,,,Bright Studio,2026-08-25T19:27:33.3263406Z,,False,,,False,,0.0,0.0,,,,,,,,2026-01-05T17:00:00Z,False,,,,False,True,False,False,False,False,,,,-334227,,False,,True,,,,False,,False,False,False,False,False,False,False,,,2,,False,1415381598,Meeting Room Delta,,,,1415379774,Meeting Room,False,,Hot Desk Monthly,Bright Studio,False,False,Meeting Room Delta (#401),2026-01-05T17:30:00Z,a0c7a351-b201-41f4-866c-7cadecb5f7b4,Olena+e2@nexudus.com,2026-08-25T19:27:33.8575684Z,1
1455639280,0.0,231,402,[],[],False,False,False,,,,,,,Individual,,,,,,Bethany Johnston,1423807156,False,False,,,False,False,,,,2026-08-25T19:27:34.378333Z,,False,,,False,,0.0,0.0,,,,,,,,2026-04-23T14:00:00Z,False,,,,False,True,False,False,False,False,,,,-178887,,False,,True,,,,False,,False,False,False,False,False,False,False,,,2,,False,1415381602,Office 101,,,,1415379673,Private Office,False,,"Hot Desk Monthly, Flex Fortnightly",,False,False,Office 101 (#402),2026-04-23T14:30:00Z,d063eea4-e37b-4dfe-acea-4be9ee21d688,Olena+e2@nexudus.com,2026-08-25T19:27:34.8783477Z,1
1455639281,0.0,232,403,[],[],False,False,False,,,,,,,Individual,,,,,,Mary Higgins,1423807131,False,False,,,False,False,,,CloudNine Labs,2026-08-25T19:27:35.3633572Z,,False,,,False,,0.0,0.0,,,,,,,,2026-07-02T09:00:00Z,False,,,,False,True,False,False,False,False,,,,-78387,,False,,True,,,,False,,False,False,False,False,False,False,False,,,2,,False,1415381602,Office 101,,,,1415379673,Private Office,False,,,CloudNine Labs,False,False,Office 101 (#403),2026-07-02T10:00:00Z,5c999a91-827a-476b-ad32-3a81891b88f7,Olena+e2@nexudus.com,2026-08-25T19:27:35.7712075Z,1
1455639282,0.0,233,404,[],[],False,False,False,,,,,,,Individual,,,,,,Mary Higgins,1423807131,False,False,,,False,False,,,CloudNine Labs,2026-08-25T19:27:36.2725705Z,,False,,,False,,0.0,0.0,,,,,,,,2026-08-03T18:00:00Z,False,,,,False,True,False,False,False,False,,,,-31767,,False,,True,,,,False,,False,False,False,False,False,False,False,,,2,,False,1415381694,Hot Desk Area C,,,,1415379775,Hot Desk,False,,,CloudNine Labs,False,False,Hot Desk Area C (#404),2026-08-03T20:00:00Z,b4307296-7902-4767-aedc-7a2c2e024882,Olena+e2@nexudus.com,2026-08-25T19:27:36.5382233Z,1
1455639183,0.0,234,405,[],[],False,False,False,,,,,,,Individual,,,,,,Teresa Hopkins,1423807130,False,False,,,False,False,,,Acme Corp,2026-08-25T19:27:37.0485329Z,,False,,,False,,0.0,0.0,,,,,,,,2026-08-07T13:00:00Z,False,,,,False,True,False,False,False,False,,,,-26307,,False,,True,,,,False,,False,False,False,False,False,False,False,,,2,,False,1415381699,Parking Bay P2,,,,1415379675,Parking,False,,Hot Desk Quarterly,Acme Corp,False,False,Parking Bay P2 (#405),2026-08-07T15:00:00Z,76844acf-c577-40f6-8cb5-14163f6d139e,Olena+e2@nexudus.com,2026-08-25T19:27:37.4398499Z,1
1455639283,0.0,235,406,[],[],False,False,False,,,,,,,Individual,,,,,,Bruce Cross,1423806953,False,False,,,False,False,,,,2026-08-25T19:27:37.9136444Z,,False,,BOOKFREE,False,,0.0,0.0,,,,,,,,2026-01-27T19:00:00Z,False,,,,False,True,False,False,False,False,,,,-302427,,False,,True,,,,False,,False,False,False,False,False,False,False,,,2,,False,1415381602,Office 101,,,,1415379673,Private Office,False,,Hot Desk Quarterly,,False,False,Office 101 (#406),2026-01-27T20:00:00Z,957df49e-456d-46c4-a75a-7d3dcbbcee17,Olena+e2@nexudus.com,2026-08-25T19:27:38.2730708Z,1
1455639284,0.0,236,407,[],[],False,False,False,,,,,,,Individual,,,,,,Diane Newman,1423807128,False,False,,,False,False,,,Delta Ventures,2026-08-25T19:27:38.7417969Z,,False,,,False,,,,,,,,,,,2026-06-23T12:00:00Z,False,,,,False,True,False,False,False,False,,,,-91167,,False,,True,,,,False,,False,False,False,False,False,False,False,,,2,,False,1415381692,Meeting Room Zeta,,,,1415379774,Meeting Room,False,,"Dedicated Desk Monthly, Hot Desk Quarterly",Delta Ventures,True,False,Meeting Room Zeta (#407),2026-06-23T14:00:00Z,93ac8375-075f-47b7-87a1-18d77b7ba4a0,Olena+e2@nexudus.com,2026-08-25T19:27:38.8043008Z,1
1455639285,0.0,237,408,[],[],False,False,False,,,,,,,Individual,,,,,,Jeremy Mellor,1423807142,False,False,,,False,False,,,Bright Studio,2026-08-25T19:27:39.273051Z,,False,,,False,,0.0,0.0,,,,,,,,2026-05-29T16:00:00Z,False,,,,False,True,False,False,False,False,,,,-126927,,False,,True,,,,False,,False,False,False,False,False,False,False,,,2,,False,1415381695,Hot Desk Area D,,,,1415379775,Hot Desk,False,,"Hot Desk Monthly, Dedicated Desk Monthly",Bright Studio,False,False,Hot Desk Area D (#408),2026-05-29T16:30:00Z,ec371fa1-ef21-4c81-94e3-62b4e3df8280,Olena+e2@nexudus.com,2026-08-25T19:27:39.5543042Z,1
1455639184,0.0,238,409,"[{'BookingId': 1455639184, 'ProductId': 1415477043, 'ProductName': 'Catering - Lunch', 'ProductPrice': 15.0, 'ProductCurrencyCode': 'EUR', 'InvoiceInMinutes': False, 'Quantity': 1, 'Id': 1417183402, 'UpdatedOn': '2026-08-25T19:27:40.0148459Z', 'CreatedOn': '2026-08-25T19:27:40.0148459Z', 'UniqueId': '671da766-f00c-47d0-9659-846d66d51702', 'UpdatedBy': 'Olena+e2@nexudus.com', 'IsNew': False, 'SystemId': None, 'ToStringText': 'Catering - Lunch', 'LocalizationDetails': None, 'CustomFields': None}]",[],False,False,False,,,,,,,Individual,,,,,,Rachael Byrne,1423806954,False,False,,,False,False,,,,2026-08-25T19:27:40.0148459Z,,False,,,False,,15.0,15.0,,,,,,,,2026-03-23T19:00:00Z,False,,,,False,True,False,False,False,False,,,,-223227,,False,,True,,,,False,,False,False,False,False,False,False,False,,,2,,False,1415381699,Parking Bay P2,,,,1415379675,Parking,False,,"Private Office Large, Flex Fortnightly",,False,False,Parking Bay P2 (#409),2026-03-23T23:00:00Z,86c240f7-dea0-4021-bfa0-2be0267407e0,Olena+e2@nexudus.com,2026-08-25T19:27:40.6560841Z,1
1455639286,0.0,239,410,[],[],False,False,False,,,,,,,Individual,,,,,,Mary Higgins,1423807131,False,False,,,False,False,,,CloudNine Labs,2026-08-25T19:27:41.2118355Z,,False,,,False,,0.0,0.0,,,,,,,,2026-02-18T10:00:00Z,False,,,,False,True,False,False,False,False,,,,-271287,,False,,True,,,,False,,False,False,False,False,False,False,False,,,2,,False,1415381596,Meeting Room Beta,,,,1415379774,Meeting Room,False,,,CloudNine Labs,False,False,Meeting Room Beta (#410),2026-02-18T11:00:00Z,487f88f6-a288-43cc-9007-ef1ec0361b6a,Olena+e2@nexudus.com,2026-08-25T19:27:41.6180957Z,1
1455639185,0.0,240,411,[],[],False,False,False,,,,,,,Individual,,,,,,Gemma Elliott,1423807139,False,False,,,False,False,,,Bright Studio,2026-08-25T19:27:42.0786766Z,,False,,,False,,0.0,0.0,,,,,,,,2026-07-27T08:00:00Z,False,,,,False,True,False,False,False,False,,,,-42447,,False,,True,,,,False,,False,False,False,False,False,False,False,,,2,,False,1415381693,Hot Desk Area A,,,,1415379775,Hot Desk,False,,Hot Desk Monthly,Bright Studio,False,False,Hot Desk Area A (#411),2026-07-27T09:00:00Z,f659411f-a638-4097-9160-1f93e12a5c42,Olena+e2@nexudus.com,2026-08-25T19:27:42.4068029Z,1
1455639358,0.0,56,412,"[{'BookingId': 1455639358, 'ProductId': 1415477144, 'ProductName': 'AV Equipment', 'ProductPrice': 25.0, 'ProductCurrencyCode': 'EUR', 'InvoiceInMinutes': False, 'Quantity': 1, 'Id': 1417184655, 'UpdatedOn': '2026-08-25T20:38:08.0132667Z', 'CreatedOn': '2026-08-25T20:38:08.0132667Z', 'UniqueId': 'b762008d-3105-4524-bf96-d6d64d541eb6', 'UpdatedBy': 'Olena+e2@nexudus.com', 'IsNew': False, 'SystemId': None, 'ToStringText': 'AV Equipment', 'LocalizationDetails': None, 'CustomFields': None}]",[],False,False,False,,,,,,,Individual,,,,,,Jay Rees,1423806949,False,False,,,False,False,,,Echo Digital,2026-08-25T20:38:08.0132667Z,,False,,,False,,25.0,25.0,,,,,,,,2026-03-09T18:00:00Z,False,,,,False,True,False,False,False,False,,,,-243518,,False,,True,,,,False,,False,False,False,False,False,False,False,,,2,,False,1415381603,Office 103,,,,1415379673,Private Office,False,,Private Office Large,Echo Digital,False,False,Office 103 (#412),2026-03-09T20:00:00Z,67567718-0b01-4234-976b-821716d0c478,Olena+e2@nexudus.com,2026-08-25T20:38:08.5451479Z,1
1455639261,0.0,182,413,[],[],False,False,False,,,,,,,Individual,,,,,,Wayne Davidson,1423806955,False,False,,,False,False,,,,2026-08-25T20:38:10.0417076Z,,False,,,False,,0.0,0.0,,,,,,,,2026-05-14T11:00:00Z,False,,,,False,True,False,False,False,False,,,,-148898,,False,,True,,,,False,,False,False,False,False,False,False,False,,,2,,False,1415381692,Meeting Room Zeta,,,,1415379774,Meeting Room,False,,Private Office Large,,False,False,Meeting Room Zeta (#413),2026-05-14T11:30:00Z,04b1aa90-71e2-4f14-ae4d-ffffaf4ab7e3,Olena+e2@nexudus.com,2026-08-25T20:38:10.4323431Z,1
1455639262,0.0,222,414,[],[],False,False,False,,,,,,,Individual,,,,,,Lesley Humphries,1423807149,False,False,,,False,False,,,,2026-08-25T20:38:11.7100648Z,,False,,,False,,0.0,0.0,,,,,,,,2026-07-18T11:00:00Z,False,,,,False,True,False,False,False,False,,,,-55298,,False,,True,,,,False,,False,False,False,False,False,False,False,,,2,,False,1415381599,Meeting Room Epsilon,,,,1415379774,Meeting Room,False,,,,False,False,Meeting Room Epsilon (#414),2026-07-18T19:00:00Z,5fdb156f-5c06-4590-b807-ec89898a98f7,Olena+e2@nexudus.com,2026-08-25T20:38:12.0545221Z,1
