Id,BusinessId,BusinessName,CheckinIndex,CoworkerFullName,CoworkerId,CoworkerTimePassGuid,CreatedOn,CustomFields,FromTime,IsNew,LastActivity,LocalizationDetails,MacAddresses,Source,SystemId,TariffAtTheTimeOfCheckin,TeamsAtTheTimeOfCheckin,ToStringText,ToTime,UniqueId,UpdatedBy,UpdatedOn
1446308824,1421022733,MAIN_E2 (PARENT Location),1,Glen Hawkins,1423750051,d1b397b8-0bfa-4275-b57c-cfe9e1dede1e,2026-08-24T16:24:20.5288593Z,,2026-07-14T08:45:00Z,False,,,,3,,"Flex Weekly, Dedicated Desk Monthly, Flex Weekly, Dedicated Desk Monthly",,Glen Hawkins,2026-07-14T17:00:00,898efa93-9da7-4991-8b06-7bbb9392342e,Olena+e2@nexudus.com,2026-08-24T16:24:20.5288593Z
1446308825,1421022733,MAIN_E2 (PARENT Location),2,Ashley Smith,1423747607,d3d38c11-1857-467b-a5d6-687c294f5c7e,2026-08-24T16:24:21.6233323Z,,2026-08-04T07:00:00Z,False,,,,2,,"Private Office Small, Flex Fortnightly, Private Office Small, Flex Fortnightly",Acme Corp,Ashley Smith,2026-08-04T13:00:00,37194985-41c8-460f-99ed-65cb2eba0acc,Olena+e2@nexudus.com,2026-08-24T16:24:21.6233323Z
1446308826,1421022733,MAIN_E2 (PARENT Location),3,Chelsea Powell,1423750056,b1788773-2331-4177-a9a7-cabf7142f60c,2026-08-24T16:24:22.5776049Z,,2026-08-17T10:30:00Z,False,,,,2,,"Hot Desk Quarterly, Hot Desk Monthly, Hot Desk Quarterly",,Chelsea Powell,2026-08-17T15:45:00,53330733-401b-481c-9eaa-5f5eb881be95,Olena+e2@nexudus.com,2026-08-24T16:24:22.5776049Z
1446308827,1421022733,MAIN_E2 (PARENT Location),4,Teresa Hopkins,1423747609,2b790791-dee5-48ba-a6e5-66cab1af3359,2026-08-24T16:24:23.7501523Z,,2026-04-12T08:30:00Z,False,,,,1,,"Hot Desk Quarterly, Hot Desk Quarterly",Acme Corp,Teresa Hopkins,2026-04-12T16:30:00,db7f4849-d875-4190-90b0-b7bf327854f9,Olena+e2@nexudus.com,2026-08-24T16:24:23.7501523Z
1446308828,1421022733,MAIN_E2 (PARENT Location),5,Francesca White,1423747912,559e641a-2c48-483c-bcba-c1ba8f4b35d6,2026-08-24T16:24:24.6102366Z,,2026-03-22T07:30:00Z,False,,,,2,,"Private Office Small, Private Office Small",Delta Ventures,Francesca White,2026-03-22T12:45:00,df716936-5e82-4f89-a7c8-07eefc6dff54,Olena+e2@nexudus.com,2026-08-24T16:24:24.6102366Z
1446308829,1421022733,MAIN_E2 (PARENT Location),6,Josephine Hammond,1423749946,45ef021a-0ee5-4b5b-af7a-9119f99f4b4a,2026-08-24T16:24:25.4077998Z,,2026-05-20T07:00:00Z,False,,,,2,,Dedicated Desk Monthly,,Josephine Hammond,2026-05-20T09:45:00,2a1a629e-7124-4e5c-959d-f00a3754286a,Olena+e2@nexudus.com,2026-08-24T16:24:25.4077998Z
1446308830,1421022733,MAIN_E2 (PARENT Location),7,Jeremy Mellor,1423749942,e4cd2c3f-80e3-4806-a774-78c7aae4fe97,2026-08-24T16:24:26.4866515Z,,2026-06-01T10:15:00Z,False,,,,2,,"Dedicated Desk Monthly, Hot Desk Monthly, Dedicated Desk Monthly",Bright Studio,Jeremy Mellor,2026-06-01T19:15:00Z,ac749ff0-1e00-40c3-bfaa-f8b4fcf79ff7,Olena+e2@nexudus.com,2026-08-24T16:24:26.4866515Z
1446308831,1421022733,MAIN_E2 (PARENT Location),8,Sian Cox,1423747908,e41b7563-7220-469d-8f55-e7c9bb338ebe,2026-08-24T16:24:27.3467515Z,,2026-05-08T10:30:00Z,False,,,,3,,"Hot Desk Quarterly, Hot Desk Quarterly",CloudNine Labs,Sian Cox,2026-05-08T15:15:00,29d70e1b-d317-42e5-8a99-0d763bb8bbab,Olena+e2@nexudus.com,2026-08-24T16:24:27.3467515Z
1446308832,1421022733,MAIN_E2 (PARENT Location),9,Wayne Davidson,1423750055,a71f6fc4-6410-4e67-bfec-be43fef48f99,2026-08-24T16:24:28.174875Z,,2026-03-28T07:00:00Z,False,,,,1,,"Private Office Large, Hot Desk Monthly, Private Office Large",,Wayne Davidson,2026-03-28T12:30:00,3721b0eb-b94a-48ae-9e6d-66b727f9da48,Olena+e2@nexudus.com,2026-08-24T16:24:28.174875Z
1446308833,1421022733,MAIN_E2 (PARENT Location),10,Ellie Lee,1423750045,34ec77d5-93b7-4aa2-89ad-e0f06a026e1d,2026-08-24T16:24:29.0200328Z,,2026-06-18T07:15:00Z,False,,,,1,,"Hot Desk Monthly, Flex Weekly",CloudNine Labs,Ellie Lee,2026-06-18T14:30:00,85418a35-531a-4c1d-904e-ef2af612e21e,Olena+e2@nexudus.com,2026-08-24T16:24:29.0200328Z
1446308834,1421022733,MAIN_E2 (PARENT Location),11,Jeremy Mellor,1423749942,fbd02813-5b23-4fb0-b7c7-55bef669bba8,2026-08-24T16:24:30.0696713Z,,2026-05-25T08:30:00Z,False,,,,1,,"Dedicated Desk Monthly, Hot Desk Monthly, Dedicated Desk Monthly",Bright Studio,Jeremy Mellor,2026-05-25T14:00:00,84c8500f-54d3-477e-8a07-f30e4e3c4a74,Olena+e2@nexudus.com,2026-08-24T16:24:30.0696713Z
1446308835,1421022733,MAIN_E2 (PARENT Location),12,Diane Newman,1423747608,bdc09e62-cafa-4fa7-80c1-672b78db6cf9,2026-08-24T16:24:30.9766104Z,,2026-07-13T07:30:00Z,False,,,,2,,"Dedicated Desk Monthly, Hot Desk Quarterly, Dedicated Desk Monthly, Hot Desk Quarterly",Delta Ventures,Diane Newman,2026-07-13T14:15:00,d7b8868e-eade-4e9b-81f9-db8c743b1906,Olena+e2@nexudus.com,2026-08-24T16:24:30.9766104Z
1446308836,1421022733,MAIN_E2 (PARENT Location),13,Irene Wilson,1423750041,3c89adf5-5af1-4313-8f80-c26770c2bc6b,2026-08-24T16:24:31.9777823Z,,2026-03-14T07:15:00Z,False,,,,2,,"Private Office Annual, Hot Desk Monthly, Private Office Annual",Bright Studio,Irene Wilson,2026-03-14T14:30:00,b82e6210-4ff4-490d-a6f7-6f989831460b,Olena+e2@nexudus.com,2026-08-24T16:24:31.9777823Z
1446308837,1421022733,MAIN_E2 (PARENT Location),14,Gemma Elliott,1423749940,15c573af-4eb0-4c7d-b557-9dc4262bc22d,2026-08-24T16:24:33.0253245Z,,2026-03-21T07:15:00Z,False,,,,1,,"Hot Desk Monthly, Hot Desk Monthly",Bright Studio,Gemma Elliott,2026-03-21T13:30:00,9044bac2-d5dc-410f-84d9-5e2eb6696d17,Olena+e2@nexudus.com,2026-08-24T16:24:33.0253245Z
1446308838,1421022733,MAIN_E2 (PARENT Location),15,Sarah Reed,1423749936,bb8770c3-2abe-4f9c-875c-c48335e46bf6,2026-08-24T16:24:33.9890277Z,,2026-07-26T07:45:00Z,False,,,,1,,"Dedicated Desk Monthly, Dedicated Desk Monthly",Echo Digital,Sarah Reed,2026-07-26T13:45:00,8e863b93-66af-460c-835c-607fd40bb21d,Olena+e2@nexudus.com,2026-08-24T16:24:33.9890277Z
1446308839,1421022733,MAIN_E2 (PARENT Location),16,Jeremy Mellor,1423749942,66ee9df3-7ed2-40d6-892d-8d6db95ceda3,2026-08-24T16:24:35.0211139Z,,2026-08-23T07:30:00Z,False,,,,2,,"Dedicated Desk Monthly, Hot Desk Monthly, Dedicated Desk Monthly",Bright Studio,Jeremy Mellor,2026-08-23T15:15:00,e99f6cc7-39a6-407c-a9e7-9e726797c41e,Olena+e2@nexudus.com,2026-08-24T16:24:35.0211139Z
1446308840,1421022733,MAIN_E2 (PARENT Location),17,Ashley Smith,1423747607,1a80bec6-d35d-4d94-8e19-6e92a9899cfd,2026-08-24T16:24:36.0366842Z,,2026-07-17T07:30:00Z,False,,,,3,,"Private Office Small, Flex Fortnightly, Private Office Small, Flex Fortnightly",Acme Corp,Ashley Smith,2026-07-17T10:15:00,8b683b07-7ab9-47ae-aba4-fee1ec1862ed,Olena+e2@nexudus.com,2026-08-24T16:24:36.0366842Z
1446308841,1421022733,MAIN_E2 (PARENT Location),18,Samantha Quinn,1423749935,2023745c-6934-4adb-a264-c1e4f510b8db,2026-08-24T16:24:36.9754713Z,,2026-06-29T10:45:00Z,False,,,,2,,"Private Office Large, Private Office Large",Echo Digital,Samantha Quinn,2026-06-29T15:00:00,fa453fed-be49-4c17-8130-1450966578ec,Olena+e2@nexudus.com,2026-08-24T16:24:36.9754713Z
1446308842,1421022733,MAIN_E2 (PARENT Location),19,Megan Taylor,1423750043,b90e719c-46e3-43d6-b812-b65ccb1fea4a,2026-08-24T16:24:37.8192354Z,,2026-05-01T09:15:00Z,False,,,,1,,"Dedicated Desk Monthly, Dedicated Desk Monthly, Dedicated Desk Monthly",CloudNine Labs,Megan Taylor,2026-05-01T12:15:00,6c2d1766-5209-4906-a96b-f01ebf0e033e,Olena+e2@nexudus.com,2026-08-24T16:24:37.8192354Z
1446308843,1421022733,MAIN_E2 (PARENT Location),20,Francesca White,1423747912,ea5578c9-3a81-48b0-a193-260fb57d8c2c,2026-08-24T16:24:38.7105306Z,,2026-04-21T09:15:00Z,False,,,,1,,"Private Office Small, Private Office Small",Delta Ventures,Francesca White,2026-04-21T17:15:00,894a565e-cf33-43ca-8f39-561643d6f87c,Olena+e2@nexudus.com,2026-08-24T16:24:38.7105306Z
1446308844,1421022733,MAIN_E2 (PARENT Location),21,Irene Wilson,1423750041,2ad5df84-144d-46fb-8db4-1650aef0321a,2026-08-24T16:24:39.7424743Z,,2026-05-27T07:00:00Z,False,,,,2,,"Private Office Annual, Hot Desk Monthly, Private Office Annual",Bright Studio,Irene Wilson,2026-05-27T14:00:00,5cef63ca-3460-4735-aa7b-8725dcd145b2,Olena+e2@nexudus.com,2026-08-24T16:24:39.7424743Z
1446308845,1421022733,MAIN_E2 (PARENT Location),22,Jeremy Mellor,1423749942,14cc892e-5f5d-4568-838b-cc7f736f6f43,2026-08-24T16:24:40.7275265Z,,2026-06-15T08:15:00Z,False,,,,1,,"Dedicated Desk Monthly, Hot Desk Monthly, Dedicated Desk Monthly",Bright Studio,Jeremy Mellor,2026-06-15T16:30:00,cf4cdec2-9e84-453d-b617-95af257cbc59,Olena+e2@nexudus.com,2026-08-24T16:24:40.7275265Z
1446308846,1421022733,MAIN_E2 (PARENT Location),23,Tracy Harrison,1423749937,1805e26b-4ef0-4575-8e73-6a9153ced189,2026-08-24T16:24:42.0094258Z,,2026-07-31T08:00:00Z,False,,,,1,,"Hot Desk Quarterly, Hot Desk Quarterly",Acme Corp,Tracy Harrison,2026-07-31T10:45:00,8f75092c-88c3-4a51-bb5a-cc08cba1e839,Olena+e2@nexudus.com,2026-08-24T16:24:42.0094258Z
1446308847,1421022733,MAIN_E2 (PARENT Location),24,Sian Cox,1423747908,ea68529b-a22f-4b46-8e23-b430df6e5b23,2026-08-24T16:24:44.8076918Z,,2026-08-02T07:00:00Z,False,,,,2,,"Hot Desk Quarterly, Hot Desk Quarterly",CloudNine Labs,Sian Cox,2026-08-02T13:00:00Z,b2fdc2b8-a61b-42dd-b025-22f2b70df564,Olena+e2@nexudus.com,2026-08-24T16:24:44.8076918Z
1446308848,1421022733,MAIN_E2 (PARENT Location),25,Jeremy Mellor,1423749942,5cceb5b1-4024-49f8-ba40-0ba5884e1cbf,2026-08-24T16:24:46.8918887Z,,2026-03-12T07:00:00Z,False,,,,2,,"Dedicated Desk Monthly, Hot Desk Monthly, Dedicated Desk Monthly",Bright Studio,Jeremy Mellor,2026-03-12T10:00:00,16ff8e27-5e47-47c3-affa-4c619a571450,Olena+e2@nexudus.com,2026-08-24T16:24:46.8918887Z
1446308849,1421022733,MAIN_E2 (PARENT Location),26,Josephine Hammond,1423749946,fb79daa4-118d-45fb-902c-211f881df5df,2026-08-24T16:24:48.7059551Z,,2026-05-09T07:45:00Z,False,,,,1,,Dedicated Desk Monthly,,Josephine Hammond,2026-05-09T11:15:00,7ff20d17-74d3-4276-9975-c67eb87c8a05,Olena+e2@nexudus.com,2026-08-24T16:24:48.7059551Z
1446308850,1421022733,MAIN_E2 (PARENT Location),27,Tracy Harrison,1423749937,a5138d94-8526-4550-a3e0-7f53c48c3f51,2026-08-24T16:24:50.9267406Z,,2026-03-27T10:45:00Z,False,,,,2,,"Hot Desk Quarterly, Hot Desk Quarterly",Acme Corp,Tracy Harrison,2026-03-27T16:45:00,a099cf9c-3f3a-4c35-9415-eb35a2fd4c4a,Olena+e2@nexudus.com,2026-08-24T16:24:50.9267406Z
1446308851,1421022733,MAIN_E2 (PARENT Location),28,Sarah Reed,1423749936,8b624f97-b6f0-4748-ad4e-4f75f53df7f2,2026-08-24T16:24:53.5964287Z,,2026-03-07T08:00:00Z,False,,,,1,,"Dedicated Desk Monthly, Dedicated Desk Monthly",Echo Digital,Sarah Reed,2026-03-07T15:00:00,8f5d7b2e-bebb-4d5f-a0de-34516b7ef105,Olena+e2@nexudus.com,2026-08-24T16:24:53.5964287Z
1446308852,1421022733,MAIN_E2 (PARENT Location),29,Gemma Ferguson,1423750038,cdb6663e-3c8b-4526-929e-5de398d63b8d,2026-08-24T16:24:55.8946374Z,,2026-04-13T09:45:00Z,False,,,,2,,"Flex Weekly, Flex Weekly",Bright Studio,Gemma Ferguson,2026-04-13T16:30:00,518a3d09-f3eb-4daf-a309-ba97b0b12d76,Olena+e2@nexudus.com,2026-08-24T16:24:55.8946374Z
1446308853,1421022733,MAIN_E2 (PARENT Location),30,Paula Harvey,1423750037,436b5f49-3cc8-4fc5-ac16-6a29691645e2,2026-08-24T16:24:57.3165584Z,,2026-05-28T10:00:00Z,False,,,,2,,"Flex Fortnightly, Flex Fortnightly",Echo Digital,Paula Harvey,2026-05-28T16:15:00,3d493af1-7fbe-4d9a-8aed-9d848915da9d,Olena+e2@nexudus.com,2026-08-24T16:24:57.3165584Z
1446308856,1421022733,MAIN_E2 (PARENT Location),31,Lesley Humphries,1423749947,5f95958d-e929-430e-b5c1-e43d67fcdcf3,2026-08-24T16:25:21.29302Z,,2026-06-24T08:00:00Z,False,,,,1,,Hot Desk Monthly,,Lesley Humphries,2026-06-24T14:45:00,91be8f0a-cd9c-4843-8072-0e12de27f630,Olena+e2@nexudus.com,2026-08-24T16:25:21.29302Z
1446308857,1421022733,MAIN_E2 (PARENT Location),32,Irene Wilson,1423750041,1dcdb568-e462-4e80-ab6a-e20a2eadce83,2026-08-24T16:25:22.3093555Z,,2026-04-07T10:15:00Z,False,,,,1,,"Private Office Annual, Hot Desk Monthly, Private Office Annual",Bright Studio,Irene Wilson,2026-04-07T17:15:00,1c604015-29f3-4837-b407-2e514bd4dcfe,Olena+e2@nexudus.com,2026-08-24T16:25:22.3093555Z
1446308858,1421022733,MAIN_E2 (PARENT Location),33,Dylan Young,1423749941,26b762b8-ac27-4046-9d5a-3f35185d8b54,2026-08-24T16:25:23.497644Z,,2026-03-06T08:00:00Z,False,,,,3,,"Hot Desk Monthly, Hot Desk Monthly",CloudNine Labs,Dylan Young,2026-03-06T15:15:00,b93dad01-e842-4765-94fb-b5986751c394,Olena+e2@nexudus.com,2026-08-24T16:25:23.497644Z
1446308859,1421022733,MAIN_E2 (PARENT Location),34,Jacob Robinson,1423750042,3ce70702-e475-454a-b27c-47144faf4877,2026-08-24T16:25:24.451528Z,,2026-04-19T09:15:00Z,False,,,,1,,"Private Office Annual, Hot Desk Quarterly, Private Office Annual",Delta Ventures,Jacob Robinson,2026-04-19T12:45:00Z,7dcdb291-a1ea-4718-b0f8-ff3f6f8b1746,Olena+e2@nexudus.com,2026-08-24T16:25:24.451528Z
1446308860,1421022733,MAIN_E2 (PARENT Location),35,Gemma Elliott,1423749940,22ca0d68-5e57-4d07-a87a-2861d49ba41f,2026-08-24T16:25:25.9570216Z,,2026-08-24T08:00:00Z,False,,,,2,,"Hot Desk Monthly, Hot Desk Monthly",Bright Studio,Gemma Elliott,,ae8c2ee2-5ada-46c1-a0b2-65d5b933a308,Olena+e2@nexudus.com,2026-08-24T16:25:25.9570216Z
1446308861,1421022733,MAIN_E2 (PARENT Location),36,Colin Lloyd,1423747910,2c137da3-a6eb-4aa2-b50a-b01bd3b9fbf2,2026-08-24T16:25:29.8371231Z,,2026-06-26T10:15:00Z,False,,,,1,,"Flex Fortnightly, Flex Fortnightly",Delta Ventures,Colin Lloyd,2026-06-26T14:30:00,8324d3d2-33ab-4142-9212-968505c31b47,Olena+e2@nexudus.com,2026-08-24T16:25:29.8371231Z
1446308862,1421022733,MAIN_E2 (PARENT Location),37,Jeremy Mellor,1423749942,e4cd2c3f-80e3-4806-a774-78c7aae4fe97,2026-08-24T16:25:31.1034655Z,,2026-06-01T07:00:00Z,False,,,,2,,"Dedicated Desk Monthly, Hot Desk Monthly, Dedicated Desk Monthly",Bright Studio,Jeremy Mellor,2026-06-01T13:15:00,74d01eea-3680-44eb-a814-9fb30f1bab00,Olena+e2@nexudus.com,2026-08-24T16:25:31.1034655Z
1446308863,1421022733,MAIN_E2 (PARENT Location),38,Gemma Ferguson,1423750038,b4197541-13fe-4255-8899-8027d3745965,2026-08-24T16:25:32.283436Z,,2026-03-29T07:30:00Z,False,,,,2,,"Flex Weekly, Flex Weekly",Bright Studio,Gemma Ferguson,2026-03-29T12:00:00Z,94194139-46b7-4e16-9769-25ec7e7ad48d,Olena+e2@nexudus.com,2026-08-24T16:25:32.283436Z
1446308864,1421022733,MAIN_E2 (PARENT Location),39,Leanne Foster,1423747610,4cfb6104-2a57-4bc8-9b72-06c1ed9c2e41,2026-08-24T16:25:33.6904216Z,,2026-07-21T07:45:00Z,False,,,,1,,"Hot Desk Monthly, Hot Desk Monthly",Acme Corp,Leanne Foster,2026-07-21T12:30:00,b919997a-6eb0-4c08-a6dc-9b1c96fc0cf3,Olena+e2@nexudus.com,2026-08-24T16:25:33.6904216Z
1446308865,1421022733,MAIN_E2 (PARENT Location),40,Janice Glover,1423749939,29e9243f-43ef-4d97-b312-41a3f531628a,2026-08-24T16:25:34.7323474Z,,2026-06-17T08:30:00Z,False,,,,2,,"Dedicated Desk Monthly, Dedicated Desk Monthly",Echo Digital,Janice Glover,2026-06-17T11:00:00Z,2da91527-b3a3-4bae-92c5-5449cb457eb0,Olena+e2@nexudus.com,2026-08-24T16:25:34.7323474Z
1446308867,1421022733,MAIN_E2 (PARENT Location),41,Sarah Reed,1423749936,3cd10d81-14c2-4532-89b2-439ee1d020cf,2026-08-24T16:25:35.5962645Z,,2026-05-31T08:45:00Z,False,,,,2,,"Dedicated Desk Monthly, Dedicated Desk Monthly",Echo Digital,Sarah Reed,2026-05-31T17:15:00,388eb590-4ae4-472d-a72e-7502b0616d06,Olena+e2@nexudus.com,2026-08-24T16:25:35.5962645Z
1446308868,1421022733,MAIN_E2 (PARENT Location),42,Colin Lloyd,1423747910,381fb614-aedf-4a93-a947-39cfba950a37,2026-08-24T16:25:39.3796438Z,,2026-06-16T07:00:00Z,False,,,,2,,"Flex Fortnightly, Flex Fortnightly",Delta Ventures,Colin Lloyd,2026-06-16T13:30:00Z,3aa40314-19ab-4507-8f54-c6ab26d9fa23,Olena+e2@nexudus.com,2026-08-24T16:25:39.3796438Z
1446308869,1421022733,MAIN_E2 (PARENT Location),43,Paula Harvey,1423750037,93b0d6cb-2b95-4ac6-8a54-4ad35ea5e059,2026-08-24T16:25:41.8883418Z,,2026-03-29T08:30:00Z,False,,,,1,,"Flex Fortnightly, Flex Fortnightly",Echo Digital,Paula Harvey,2026-03-29T15:45:00,70178004-2041-47b9-b36d-9e32a70078c9,Olena+e2@nexudus.com,2026-08-24T16:25:41.8883418Z
1446308870,1421022733,MAIN_E2 (PARENT Location),44,Gemma Ferguson,1423750038,b31d6033-103c-4169-88b2-2c4cd0f2d838,2026-08-24T16:25:42.9515611Z,,2026-06-09T10:30:00Z,False,,,,2,,"Flex Weekly, Flex Weekly",Bright Studio,Gemma Ferguson,2026-06-09T18:30:00,0d0b8c03-386c-43f7-85b7-3a9afdb89512,Olena+e2@nexudus.com,2026-08-24T16:25:42.9515611Z
1446308871,1421022733,MAIN_E2 (PARENT Location),45,Robin Andrews,1423747913,9d57fd48-0202-4904-a83a-02e355022c43,2026-08-24T16:25:44.0459843Z,,2026-08-17T10:30:00Z,False,,,,1,,"Flex Fortnightly, Flex Fortnightly",Acme Corp,Robin Andrews,2026-08-17T17:15:00,d132cfdf-b8bc-414c-8555-23accc4a9b03,Olena+e2@nexudus.com,2026-08-24T16:25:44.0459843Z
1446308872,1421022733,MAIN_E2 (PARENT Location),46,Tracy Harrison,1423749937,177d67b3-b0ed-4897-80e7-366c232e0321,2026-08-24T16:25:45.1091847Z,,2026-04-11T10:30:00Z,False,,,,1,,"Hot Desk Quarterly, Hot Desk Quarterly",Acme Corp,Tracy Harrison,2026-04-11T18:30:00,b9913fce-6853-45ea-add5-25ed745a8783,Olena+e2@nexudus.com,2026-08-24T16:25:45.1091847Z
1446308873,1421022733,MAIN_E2 (PARENT Location),47,Glen Hawkins,1423750051,a904ea30-883b-479d-adae-3ff19e46c6a6,2026-08-24T16:25:46.0317223Z,,2026-07-13T10:00:00Z,False,,,,1,,"Flex Weekly, Dedicated Desk Monthly, Flex Weekly, Dedicated Desk Monthly",,Glen Hawkins,2026-07-13T15:45:00,fdceb62c-75f5-4760-a6b6-3567ab64a93b,Olena+e2@nexudus.com,2026-08-24T16:25:46.0317223Z
1446308874,1421022733,MAIN_E2 (PARENT Location),48,Jay Rees,1423750040,e7c5296c-0890-4664-aa23-1f2575357cd3,2026-08-24T16:25:47.2513744Z,,2026-06-22T10:45:00Z,False,,,,2,,"Private Office Large, Dedicated Desk Monthly, Private Office Large",Echo Digital,Jay Rees,2026-06-22T17:15:00,628c0e8d-7ffb-4c0a-9401-437cd0a57c32,Olena+e2@nexudus.com,2026-08-24T16:25:47.2513744Z
1446308875,1421022733,MAIN_E2 (PARENT Location),49,Jessica White,1423750044,5fffa60d-7f6b-44a5-bd93-2d101bed143c,2026-08-24T16:25:48.4551343Z,,2026-05-20T07:45:00Z,False,,,,1,,"Flex Weekly, Hot Desk Quarterly",Echo Digital,Jessica White,2026-05-20T13:45:00,027d00d9-b10e-4d73-a63e-56095c29b4de,Olena+e2@nexudus.com,2026-08-24T16:25:48.4551343Z
1446308876,1421022733,MAIN_E2 (PARENT Location),50,Francesca White,1423747912,cfb219bb-d609-4982-8218-92a346712338,2026-08-24T16:25:49.4878384Z,,2026-03-04T07:45:00Z,False,,,,2,,"Private Office Small, Private Office Small",Delta Ventures,Francesca White,2026-03-04T13:15:00Z,72aefe3d-ab28-4ad1-9193-ba4731150def,Olena+e2@nexudus.com,2026-08-24T16:25:49.4878384Z
1446308877,1421022733,MAIN_E2 (PARENT Location),51,Megan Taylor,1423750043,01f5b045-80ad-419f-b0e4-429c9d423dd8,2026-08-24T16:25:50.6760413Z,,2026-07-07T07:30:00Z,False,,,,2,,"Dedicated Desk Monthly, Dedicated Desk Monthly, Dedicated Desk Monthly",CloudNine Labs,Megan Taylor,2026-07-07T14:15:00,37a7b8ce-9965-4439-acbb-edf022fa17a7,Olena+e2@nexudus.com,2026-08-24T16:25:50.6760413Z
1446308878,1421022733,MAIN_E2 (PARENT Location),52,Sian Cox,1423747908,a114abb3-82c3-4c06-bc85-59bb8172a632,2026-08-24T16:25:51.6923691Z,,2026-04-10T07:15:00Z,False,,,,3,,"Hot Desk Quarterly, Hot Desk Quarterly",CloudNine Labs,Sian Cox,2026-04-10T16:45:00,e4f4119e-08ec-4cbd-8f5d-a45715a6c520,Olena+e2@nexudus.com,2026-08-24T16:25:51.6923691Z
1446308879,1421022733,MAIN_E2 (PARENT Location),53,Lesley Humphries,1423749947,bdc019bd-7a20-46de-8b39-80fae3b842cb,2026-08-24T16:25:52.4892199Z,,2026-04-22T10:45:00Z,False,,,,1,,Hot Desk Monthly,,Lesley Humphries,2026-04-22T17:30:00,da3637b8-249b-4efc-94af-77bec41edbed,Olena+e2@nexudus.com,2026-08-24T16:25:52.4892199Z
1446308880,1421022733,MAIN_E2 (PARENT Location),54,Megan Taylor,1423750043,b734ab9a-893b-4a78-9e49-de13ed35843c,2026-08-24T16:25:53.3954628Z,,2026-03-04T10:45:00Z,False,,,,2,,"Dedicated Desk Monthly, Dedicated Desk Monthly, Dedicated Desk Monthly",CloudNine Labs,Megan Taylor,2026-03-04T19:15:00,ef28deaf-5aba-4fcc-aef9-b8bad782c7e8,Olena+e2@nexudus.com,2026-08-24T16:25:53.3954628Z
1446308881,1421022733,MAIN_E2 (PARENT Location),55,Leigh Butler,1423750036,2e5c31f9-1bc4-4025-b74f-aac3717cd7f8,2026-08-24T16:25:54.2711813Z,,2026-08-12T07:00:00Z,False,,,,2,,"Dedicated Desk Monthly, Dedicated Desk Monthly",Delta Ventures,Leigh Butler,2026-08-12T16:30:00,415c84f4-7ab8-48e0-b5bb-1809a84d2e46,Olena+e2@nexudus.com,2026-08-24T16:25:54.2711813Z
1446308882,1421022733,MAIN_E2 (PARENT Location),56,Sian Cox,1423747908,823c4b73-5cb9-4671-bef7-493682eec805,2026-08-24T16:25:55.1781102Z,,2026-08-22T09:15:00Z,False,,,,1,,"Hot Desk Quarterly, Hot Desk Quarterly",CloudNine Labs,Sian Cox,2026-08-22T12:45:00,b9cc5f0e-27aa-40f4-a989-c12433b2a95c,Olena+e2@nexudus.com,2026-08-24T16:25:55.1781102Z
1446308883,1421022733,MAIN_E2 (PARENT Location),57,Josephine Hammond,1423749946,aa2f3e60-086c-4193-ab30-f4ca551fb43d,2026-08-24T16:25:56.0537311Z,,2026-03-23T10:45:00Z,False,,,,2,,Dedicated Desk Monthly,,Josephine Hammond,2026-03-23T19:45:00Z,af00ca74-6aca-4066-a89e-571f07aa9236,Olena+e2@nexudus.com,2026-08-24T16:25:56.0537311Z
1446308884,1421022733,MAIN_E2 (PARENT Location),58,Janice Glover,1423749939,49a111dc-8093-4cb9-b6ff-36827ffcd033,2026-08-24T16:25:56.9763308Z,,2026-03-05T10:45:00Z,False,,,,3,,"Dedicated Desk Monthly, Dedicated Desk Monthly",Echo Digital,Janice Glover,2026-03-05T13:00:00,1515090e-c693-4236-8c4d-b4439e3bba73,Olena+e2@nexudus.com,2026-08-24T16:25:56.9763308Z
1446308885,1421022733,MAIN_E2 (PARENT Location),59,Jeremy Mellor,1423749942,481f8c4e-c0d9-4ffd-afae-3f2f7f1fcf35,2026-08-24T16:26:22.2372203Z,,2026-05-20T09:30:00Z,False,,,,1,,"Dedicated Desk Monthly, Hot Desk Monthly, Dedicated Desk Monthly",Bright Studio,Jeremy Mellor,2026-05-20T11:45:00,57555e0a-a8af-4263-9178-d488bb7f9ae8,Olena+e2@nexudus.com,2026-08-24T16:26:22.2372203Z
1446308886,1421022733,MAIN_E2 (PARENT Location),60,Lesley Humphries,1423749947,a777f6d9-6b4a-4eb6-8895-23be89b747ec,2026-08-24T16:26:23.8791751Z,,2026-07-24T07:15:00Z,False,,,,2,,Hot Desk Monthly,,Lesley Humphries,2026-07-24T10:45:00,2025ca50-a8d1-4d32-8e0b-1e3e0bcaac8d,Olena+e2@nexudus.com,2026-08-24T16:26:23.8791751Z
1446308887,1421022733,MAIN_E2 (PARENT Location),61,Stanley Holmes,1423750048,21b27518-7eda-4ca6-8191-90d1076e2356,2026-08-24T16:26:24.8323019Z,,2026-06-07T10:00:00Z,False,,,,3,,"Hot Desk Monthly, Hot Desk Monthly, Hot Desk Monthly",,Stanley Holmes,2026-06-07T14:30:00,b73e413d-7f39-4f78-8edb-f3f29a0184c7,Olena+e2@nexudus.com,2026-08-24T16:26:24.8323019Z
1446309405,1421022733,MAIN_E2 (PARENT Location),62,Gemma Elliott,1423749940,487d2212-b050-4485-86c1-8a98fe709867,2026-08-24T16:26:26.3850809Z,,2026-07-22T08:15:00Z,False,,,,1,,"Hot Desk Monthly, Hot Desk Monthly",Bright Studio,Gemma Elliott,2026-07-22T18:15:00,34148d82-90cd-409e-af2c-f9ee4a4d0348,Olena+e2@nexudus.com,2026-08-24T16:26:26.3850809Z
1446308888,1421022733,MAIN_E2 (PARENT Location),63,Gemma Ferguson,1423750038,d2218abc-a4b2-412e-9751-f32402d3ebda,2026-08-24T16:26:27.865615Z,,2026-08-02T07:15:00Z,False,,,,2,,"Flex Weekly, Flex Weekly",Bright Studio,Gemma Ferguson,2026-08-02T11:15:00,f93322f4-81ff-4d59-b136-14487dbe2f0c,Olena+e2@nexudus.com,2026-08-24T16:26:27.865615Z
1446308889,1421022733,MAIN_E2 (PARENT Location),64,Mary Higgins,1423747909,15aa3b2c-a2b0-4634-a534-e7519b5af322,2026-08-24T16:26:32.3314392Z,,2026-03-03T09:15:00Z,False,,,,1,,,CloudNine Labs,Mary Higgins,2026-03-03T14:45:00Z,5ffddfd2-5fa5-4acc-88cd-888ed6d740ab,Olena+e2@nexudus.com,2026-08-24T16:26:32.3314392Z
1446309698,1421022733,MAIN_E2 (PARENT Location),65,Mary Higgins,1423747909,71ed8f0c-c72a-4caa-ad3e-42a7f8928ebb,2026-08-24T16:26:36.6622698Z,,2026-06-02T08:00:00Z,False,,,,2,,,CloudNine Labs,Mary Higgins,2026-06-02T13:15:00,9e5b594d-4e08-449c-baef-2a2daaa948b8,Olena+e2@nexudus.com,2026-08-24T16:26:36.6622698Z
1446309700,1421022733,MAIN_E2 (PARENT Location),66,Colin Lloyd,1423747910,11c5d63a-3b56-48a8-94da-0c24bb1c7537,2026-08-24T16:26:40.7430356Z,,2026-07-15T08:30:00Z,False,,,,1,,"Flex Fortnightly, Flex Fortnightly",Delta Ventures,Colin Lloyd,2026-07-15T11:30:00,4f075ae9-37c7-4035-8bee-60cdca95a046,Olena+e2@nexudus.com,2026-08-24T16:26:40.7430356Z
1446309406,1421022733,MAIN_E2 (PARENT Location),67,Jessica White,1423750044,baac43c6-43ea-43d1-bf7f-c1bdb4f25434,2026-08-24T16:26:41.8594339Z,,2026-08-07T08:30:00Z,False,,,,2,,"Flex Weekly, Hot Desk Quarterly",Echo Digital,Jessica White,2026-08-07T15:15:00,d072cb66-c471-49fc-bc3e-4af47567e3f7,Olena+e2@nexudus.com,2026-08-24T16:26:41.8594339Z
1446309407,1421022733,MAIN_E2 (PARENT Location),68,Victor Harrison,1423747911,a5d1f8a9-be02-4795-9feb-def1a6eb888a,2026-08-24T16:26:44.9126362Z,,2026-03-25T10:15:00Z,False,,,,1,,"Dedicated Desk Monthly, Dedicated Desk Monthly",Acme Corp,Victor Harrison,2026-03-25T15:45:00Z,360b0c7b-7721-44ab-8c8e-2f9822df4c8d,Olena+e2@nexudus.com,2026-08-24T16:26:44.9126362Z
1446309701,1421022733,MAIN_E2 (PARENT Location),69,Irene Wilson,1423750041,3e3b5fcd-0232-446b-819e-ff0c7e5aa7b0,2026-08-24T16:26:46.6371092Z,,2026-03-30T07:30:00Z,False,,,,2,,"Private Office Annual, Hot Desk Monthly, Private Office Annual",Bright Studio,Irene Wilson,2026-03-30T16:00:00Z,fb8d6674-f56f-4bb8-b37b-67d7530a821f,Olena+e2@nexudus.com,2026-08-24T16:26:46.6371092Z
1446309702,1421022733,MAIN_E2 (PARENT Location),70,Glen Hawkins,1423750051,3c18ed6c-3f6e-46f9-b9c0-f0cb721bccb4,2026-08-24T16:26:47.6221614Z,,2026-04-27T08:00:00Z,False,,,,2,,"Flex Weekly, Dedicated Desk Monthly, Flex Weekly, Dedicated Desk Monthly",,Glen Hawkins,2026-04-27T13:00:00,14d18e7e-f9ba-4e40-a9a4-75f0b9ea30ff,Olena+e2@nexudus.com,2026-08-24T16:26:47.6221614Z
1446309408,1421022733,MAIN_E2 (PARENT Location),71,Bethany Johnston,1423750050,a409b0a4-740e-4a34-95c6-62f7f0373ac5,2026-08-24T16:26:48.5551248Z,,2026-03-13T09:00:00Z,False,,,,2,,"Flex Fortnightly, Hot Desk Monthly, Hot Desk Monthly, Flex Fortnightly",,Bethany Johnston,2026-03-13T15:00:00Z,1db6b7a4-c3b8-47f2-a900-850d740336ab,Olena+e2@nexudus.com,2026-08-24T16:26:48.5551248Z
1446309409,1421022733,MAIN_E2 (PARENT Location),72,Wayne Davidson,1423750055,1f7231de-1ba2-47a3-8dc8-97aebfa7ef2a,2026-08-24T16:26:49.4932917Z,,2026-03-05T07:45:00Z,False,,,,1,,"Private Office Large, Hot Desk Monthly, Private Office Large",,Wayne Davidson,2026-03-05T14:30:00,9aea4a93-56ce-4a8d-90f2-b120e0f35bac,Olena+e2@nexudus.com,2026-08-24T16:26:49.4932917Z
1446309703,1421022733,MAIN_E2 (PARENT Location),73,Diane Newman,1423747608,e0637bb1-4110-453d-b497-43664d014f71,2026-08-24T16:26:50.4836046Z,,2026-04-19T10:30:00Z,False,,,,2,,"Dedicated Desk Monthly, Hot Desk Quarterly, Dedicated Desk Monthly, Hot Desk Quarterly",Delta Ventures,Diane Newman,2026-04-19T16:30:00,4e1616f3-ea99-4ef5-b9d6-95bf9ba1f8af,Olena+e2@nexudus.com,2026-08-24T16:26:50.4836046Z
1446309410,1421022733,MAIN_E2 (PARENT Location),74,Lesley Humphries,1423749947,3b7b7d30-3fbf-4c22-9175-2772054222d0,2026-08-24T16:26:51.461532Z,,2026-04-01T10:30:00Z,False,,,,1,,Hot Desk Monthly,,Lesley Humphries,2026-04-01T19:30:00,5c4c672a-0d24-4841-982b-636a55578da9,Olena+e2@nexudus.com,2026-08-24T16:26:51.461532Z
1446309704,1421022733,MAIN_E2 (PARENT Location),75,Tracy Harrison,1423749937,8f4ad21d-206d-4490-bd5d-0df12dca8f0a,2026-08-24T16:26:52.7293595Z,,2026-05-07T08:45:00Z,False,,,,2,,"Hot Desk Quarterly, Hot Desk Quarterly",Acme Corp,Tracy Harrison,2026-05-07T12:45:00Z,b8fdf8d4-e667-49b0-ae6e-0b96916d4df6,Olena+e2@nexudus.com,2026-08-24T16:26:52.7293595Z
1446309705,1421022733,MAIN_E2 (PARENT Location),76,Irene Wilson,1423750041,e0fea52d-c6dc-41fc-b966-1dc69d11cee1,2026-08-24T16:26:53.8394344Z,,2026-05-29T10:00:00Z,False,,,,2,,"Private Office Annual, Hot Desk Monthly, Private Office Annual",Bright Studio,Irene Wilson,2026-05-29T13:00:00Z,5d4f09a5-1b07-4849-9082-022ce38a58e3,Olena+e2@nexudus.com,2026-08-24T16:26:53.8394344Z
1446309706,1421022733,MAIN_E2 (PARENT Location),77,Heather Ryan,1423749934,58d3f53a-c7e3-4fa7-be16-ddae28871eb1,2026-08-24T16:26:55.0275972Z,,2026-07-18T08:45:00Z,False,,,,3,,"Dedicated Desk Monthly, Dedicated Desk Monthly",Bright Studio,Heather Ryan,2026-07-18T11:15:00,d982cd83-1f9d-40c7-8101-e4ae08b48ae7,Olena+e2@nexudus.com,2026-08-24T16:26:55.0275972Z
1446309411,1421022733,MAIN_E2 (PARENT Location),78,Rachael Byrne,1423750053,b72e12aa-203e-4f11-a257-f8002749363f,2026-08-24T16:26:56.0121085Z,,2026-08-22T09:15:00Z,False,,,,1,,"Flex Fortnightly, Private Office Large, Flex Fortnightly",,Rachael Byrne,2026-08-22T12:15:00,991ec0ee-a03a-4852-9a03-451a63b7c892,Olena+e2@nexudus.com,2026-08-24T16:26:56.0121085Z
1446309412,1421022733,MAIN_E2 (PARENT Location),79,Glen Hawkins,1423750051,3399d966-b8f1-4866-8b1a-ec6561bd599c,2026-08-24T16:26:56.9503626Z,,2026-04-12T10:45:00Z,False,,,,2,,"Flex Weekly, Dedicated Desk Monthly, Flex Weekly, Dedicated Desk Monthly",,Glen Hawkins,2026-04-12T13:15:00,d483a618-1893-4a03-9658-a83043efc9dd,Olena+e2@nexudus.com,2026-08-24T16:26:56.9503626Z
1446309413,1421022733,MAIN_E2 (PARENT Location),80,Rachael Byrne,1423750053,b2e3a79c-51fc-4e49-a726-39f061cde70c,2026-08-24T16:26:57.9824262Z,,2026-04-14T09:00:00Z,False,,,,2,,"Flex Fortnightly, Private Office Large, Flex Fortnightly",,Rachael Byrne,2026-04-14T14:30:00,e4a6877a-5ecc-4c74-bdef-62986de34779,Olena+e2@nexudus.com,2026-08-24T16:26:57.9824262Z
1446309707,1421022733,MAIN_E2 (PARENT Location),81,Chelsea Powell,1423750056,15630511-779e-4f21-abeb-6713cd039f3c,2026-08-24T16:27:01.1354936Z,,2026-03-16T08:30:00Z,False,,,,1,,"Hot Desk Quarterly, Hot Desk Monthly, Hot Desk Quarterly",,Chelsea Powell,2026-03-16T12:15:00,d2f63390-3c01-445d-987c-4c16338e7042,Olena+e2@nexudus.com,2026-08-24T16:27:01.1354936Z
1446309414,1421022733,MAIN_E2 (PARENT Location),82,Janice Glover,1423749939,272714f5-1d0b-47a2-aa02-b8153c63d0b0,2026-08-24T16:27:02.3310821Z,,2026-08-18T08:00:00Z,False,,,,3,,"Dedicated Desk Monthly, Dedicated Desk Monthly",Echo Digital,Janice Glover,2026-08-18T13:15:00,8bb089a3-b4b6-4ef6-8fde-6bce27966c66,Olena+e2@nexudus.com,2026-08-24T16:27:02.3310821Z
1446309708,1421022733,MAIN_E2 (PARENT Location),83,Mary Higgins,1423747909,6e80fe8f-7225-463a-8183-c2dc53f0506b,2026-08-24T16:27:06.0147Z,,2026-08-15T08:45:00Z,False,,,,3,,,CloudNine Labs,Mary Higgins,2026-08-15T16:15:00,250d4fae-fb50-4ed1-87f2-1ad9d9681b34,Olena+e2@nexudus.com,2026-08-24T16:27:06.0147Z
1446309709,1421022733,MAIN_E2 (PARENT Location),84,Tracy Harrison,1423749937,23e3fbc7-2ced-4f96-8cd0-73eff7783efe,2026-08-24T16:27:07.202909Z,,2026-07-13T09:45:00Z,False,,,,1,,"Hot Desk Quarterly, Hot Desk Quarterly",Acme Corp,Tracy Harrison,2026-07-13T17:45:00,a917a87c-6a95-4470-bc5d-07efc6b33e9d,Olena+e2@nexudus.com,2026-08-24T16:27:07.202909Z
1446309415,1421022733,MAIN_E2 (PARENT Location),85,Rhys Davies,1423749944,d4ad9f4e-3a3a-4128-b6ae-ba8e27c20af5,2026-08-24T16:27:22.9845505Z,,2026-08-03T10:30:00Z,False,,,,3,,Flex Fortnightly,Echo Digital,Rhys Davies,2026-08-03T17:30:00,23acc8c4-93d6-4a1c-af15-1077231a81ca,Olena+e2@nexudus.com,2026-08-24T16:27:22.9845505Z
1446309710,1421022733,MAIN_E2 (PARENT Location),86,Jeremy Mellor,1423749942,bdc79086-8bf3-4e30-a170-0c47340907bd,2026-08-24T16:27:24.1191552Z,,2026-05-30T08:30:00Z,False,,,,2,,"Dedicated Desk Monthly, Hot Desk Monthly, Dedicated Desk Monthly",Bright Studio,Jeremy Mellor,2026-05-30T12:30:00Z,3ca27388-47bb-4da7-b7bc-534cc1059843,Olena+e2@nexudus.com,2026-08-24T16:27:24.1191552Z
1446309711,1421022733,MAIN_E2 (PARENT Location),87,Rachael Byrne,1423750053,3cfcc6a7-8ccc-46a3-bdea-439aebee9489,2026-08-24T16:27:25.1191705Z,,2026-04-15T10:00:00Z,False,,,,1,,"Flex Fortnightly, Private Office Large, Flex Fortnightly",,Rachael Byrne,2026-04-15T14:30:00,acdb3c52-02af-421f-a238-9ac67083c133,Olena+e2@nexudus.com,2026-08-24T16:27:25.1191705Z
1446309416,1421022733,MAIN_E2 (PARENT Location),88,Gemma Elliott,1423749940,0bad465d-ac01-44f3-8da5-ce761ed0ee53,2026-08-24T16:27:26.3532231Z,,2026-08-08T10:30:00Z,False,,,,1,,"Hot Desk Monthly, Hot Desk Monthly",Bright Studio,Gemma Elliott,2026-08-08T14:00:00,994ce092-8ae5-4275-bf2c-630dde71dafd,Olena+e2@nexudus.com,2026-08-24T16:27:26.3532231Z
1446309712,1421022733,MAIN_E2 (PARENT Location),89,Leanne Foster,1423747610,509fa067-1e89-4f91-b643-136da8431da8,2026-08-24T16:27:27.4173497Z,,2026-07-22T07:45:00Z,False,,,,3,,"Hot Desk Monthly, Hot Desk Monthly",Acme Corp,Leanne Foster,2026-07-22T10:45:00,4093f8ad-17d4-4c84-ba19-35f871df7d57,Olena+e2@nexudus.com,2026-08-24T16:27:27.4173497Z
1446309713,1421022733,MAIN_E2 (PARENT Location),90,Tracy Harrison,1423749937,c782007a-9ff1-4939-ba63-7f5a20f59e5c,2026-08-24T16:27:28.4811517Z,,2026-03-30T10:30:00Z,False,,,,1,,"Hot Desk Quarterly, Hot Desk Quarterly",Acme Corp,Tracy Harrison,2026-03-30T18:00:00Z,741f0774-f8f1-4c0b-b0e5-daeeaa1f267b,Olena+e2@nexudus.com,2026-08-24T16:27:28.4811517Z
1446309714,1421022733,MAIN_E2 (PARENT Location),91,Sian Cox,1423747908,739cfbe6-75e2-42a2-aee3-1b88b3e9faf6,2026-08-24T16:27:29.465519Z,,2026-08-03T08:30:00Z,False,,,,2,,"Hot Desk Quarterly, Hot Desk Quarterly",CloudNine Labs,Sian Cox,2026-08-03T17:15:00,9dc48d5a-e82d-4737-a7d9-c9b17bd16bf0,Olena+e2@nexudus.com,2026-08-24T16:27:29.465519Z
1446309418,1421022733,MAIN_E2 (PARENT Location),92,Jessica White,1423750044,4cd69911-0b8b-45f9-8ca3-0662a0f59b99,2026-08-24T16:27:30.8425858Z,,2026-07-12T07:15:00Z,False,,,,1,,"Flex Weekly, Hot Desk Quarterly",Echo Digital,Jessica White,2026-07-12T13:30:00,a6a2ebdb-122a-4691-80d8-c3b52fe42c16,Olena+e2@nexudus.com,2026-08-24T16:27:30.8425858Z
1446309715,1421022733,MAIN_E2 (PARENT Location),93,Leslie Warner,1423750035,c91d53bc-d713-4978-aaff-a7cea8202eb9,2026-08-24T16:27:32.1031537Z,,2026-08-20T10:15:00Z,False,,,,1,,"Flex Fortnightly, Flex Fortnightly",Bright Studio,Leslie Warner,2026-08-20T19:15:00,f2d969d7-7600-43d6-bc43-2bfb0b6fba20,Olena+e2@nexudus.com,2026-08-24T16:27:32.1031537Z
1446309419,1421022733,MAIN_E2 (PARENT Location),94,Jay Rees,1423750040,3244219e-ad26-44c8-9c49-a88c86f9180f,2026-08-24T16:27:33.0811031Z,,2026-07-28T09:30:00Z,False,,,,2,,"Private Office Large, Dedicated Desk Monthly, Private Office Large",Echo Digital,Jay Rees,2026-07-28T12:00:00,8a3f6f19-8969-4921-a5c6-8a7e2a5656a5,Olena+e2@nexudus.com,2026-08-24T16:27:33.0811031Z
1446309716,1421022733,MAIN_E2 (PARENT Location),95,Francesca White,1423747912,8a91ca5e-7407-45a2-a3c1-b715f29c3911,2026-08-24T16:27:33.9788051Z,,2026-07-18T07:15:00Z,False,,,,2,,"Private Office Small, Private Office Small",Delta Ventures,Francesca White,2026-07-18T13:15:00,7f44e257-e77c-4996-856b-24fb27b943db,Olena+e2@nexudus.com,2026-08-24T16:27:33.9788051Z
1446309717,1421022733,MAIN_E2 (PARENT Location),96,Megan Taylor,1423750043,a62980dc-b4a0-4724-9eb1-f0c51db9375c,2026-08-24T16:27:34.7770216Z,,2026-03-17T09:15:00Z,False,,,,2,,"Dedicated Desk Monthly, Dedicated Desk Monthly, Dedicated Desk Monthly",CloudNine Labs,Megan Taylor,2026-03-17T16:15:00,3fa76b84-78fb-4a18-97e5-0018c78d355b,Olena+e2@nexudus.com,2026-08-24T16:27:34.7770216Z
1446309718,1421022733,MAIN_E2 (PARENT Location),97,Gemma Elliott,1423749940,d5481d8f-063b-4416-84d8-a095057b81e7,2026-08-24T16:27:35.8082725Z,,2026-03-22T07:15:00Z,False,,,,2,,"Hot Desk Monthly, Hot Desk Monthly",Bright Studio,Gemma Elliott,2026-03-22T17:15:00,d05858b2-d47d-4efd-8dc7-663e341ef812,Olena+e2@nexudus.com,2026-08-24T16:27:35.8082725Z
1446309420,1421022733,MAIN_E2 (PARENT Location),98,Leanne Foster,1423747610,8c94cb88-a3bd-4669-8feb-18946efa1b66,2026-08-24T16:27:36.8288321Z,,2026-05-03T10:30:00Z,False,,,,1,,"Hot Desk Monthly, Hot Desk Monthly",Acme Corp,Leanne Foster,2026-05-03T19:15:00,f4dce819-5256-4feb-8ab8-1495c8dd475b,Olena+e2@nexudus.com,2026-08-24T16:27:36.8288321Z
1446309719,1421022733,MAIN_E2 (PARENT Location),99,Paula Harvey,1423750037,cacbe465-af40-4282-b4ea-e312e917dfa2,2026-08-24T16:27:37.7471097Z,,2026-05-03T09:45:00Z,False,,,,2,,"Flex Fortnightly, Flex Fortnightly",Echo Digital,Paula Harvey,2026-05-03T18:45:00,39c6c596-8f6a-4d6f-856b-f02f207c62be,Olena+e2@nexudus.com,2026-08-24T16:27:37.7471097Z
1446309720,1421022733,MAIN_E2 (PARENT Location),100,Jay Rees,1423750040,32bd8a1e-7f6c-49e2-92f1-164ed90efad6,2026-08-24T16:27:38.7002708Z,,2026-07-17T10:45:00Z,False,,,,2,,"Private Office Large, Dedicated Desk Monthly, Private Office Large",Echo Digital,Jay Rees,2026-07-17T18:30:00,4b7d2869-269f-491d-9ddd-fd82a34b40e9,Olena+e2@nexudus.com,2026-08-24T16:27:38.7002708Z
1446309721,1421022733,MAIN_E2 (PARENT Location),101,Diane Newman,1423747608,a3441589-885f-4cf8-a508-386769e229b9,2026-08-24T16:27:39.5453706Z,,2026-07-25T07:15:00Z,False,,,,2,,"Dedicated Desk Monthly, Hot Desk Quarterly, Dedicated Desk Monthly, Hot Desk Quarterly",Delta Ventures,Diane Newman,2026-07-25T10:15:00,902a52cc-5c61-44e4-9e68-ab039b3dedbc,Olena+e2@nexudus.com,2026-08-24T16:27:39.5453706Z
1446309421,1421022733,MAIN_E2 (PARENT Location),102,Stanley Holmes,1423750048,b608846b-53ef-4d91-95b4-ae0deb40a8d1,2026-08-24T16:27:40.4721697Z,,2026-06-09T08:00:00Z,False,,,,1,,"Hot Desk Monthly, Hot Desk Monthly, Hot Desk Monthly",,Stanley Holmes,2026-06-09T13:30:00Z,9d7070ae-abd3-40df-b8b9-70ba5087a530,Olena+e2@nexudus.com,2026-08-24T16:27:40.4721697Z
1446309422,1421022733,MAIN_E2 (PARENT Location),103,Francesca White,1423747912,a8502448-e0cd-41d4-ba85-fac4c302e335,2026-08-24T16:27:41.2846932Z,,2026-04-27T08:30:00Z,False,,,,1,,"Private Office Small, Private Office Small",Delta Ventures,Francesca White,2026-04-27T11:45:00,3a68bd10-8df3-4b0c-aaa6-f7f7a20531ba,Olena+e2@nexudus.com,2026-08-24T16:27:41.2846932Z
1446309722,1421022733,MAIN_E2 (PARENT Location),104,Francesca White,1423747912,c513afda-157e-4b43-8aaa-e84f6c33db21,2026-08-24T16:27:42.2139358Z,,2026-02-27T08:15:00Z,False,,,,1,,"Private Office Small, Private Office Small",Delta Ventures,Francesca White,2026-02-27T12:15:00,6838ada5-0d7a-4632-ab15-6296c12583a2,Olena+e2@nexudus.com,2026-08-24T16:27:42.2139358Z
1446309423,1421022733,MAIN_E2 (PARENT Location),105,Victor Harrison,1423747911,50fd56e2-b16f-47de-8435-cb53ce96e0fc,2026-08-24T16:27:43.3016667Z,,2026-08-10T09:30:00Z,False,,,,1,,"Dedicated Desk Monthly, Dedicated Desk Monthly",Acme Corp,Victor Harrison,2026-08-10T13:30:00,f124504d-e11c-4ea3-abe5-f364531bb20f,Olena+e2@nexudus.com,2026-08-24T16:27:43.3016667Z
1446309723,1421022733,MAIN_E2 (PARENT Location),106,Jessica White,1423750044,9a425550-f949-469f-b824-08e9b86a0d53,2026-08-24T16:27:44.2187352Z,,2026-05-13T08:30:00Z,False,,,,2,,"Flex Weekly, Hot Desk Quarterly",Echo Digital,Jessica White,2026-05-13T15:30:00,d83b2df0-35f5-4fbc-a2b6-ae79dc008267,Olena+e2@nexudus.com,2026-08-24T16:27:44.2187352Z
1446309424,1421022733,MAIN_E2 (PARENT Location),107,Jacob Robinson,1423750042,135c48c1-1490-4dd7-9d48-b42f879f8a43,2026-08-24T16:27:45.0687112Z,,2026-08-18T07:45:00Z,False,,,,3,,"Private Office Annual, Hot Desk Quarterly, Private Office Annual",Delta Ventures,Jacob Robinson,2026-08-18T15:15:00Z,ef9cc7e4-b896-42c7-bdca-b8bb3da1d0c9,Olena+e2@nexudus.com,2026-08-24T16:27:45.0687112Z
1446309425,1421022733,MAIN_E2 (PARENT Location),108,Colin Lloyd,1423747910,c249e5ed-3d62-4598-8a63-820984aa576b,2026-08-24T16:27:49.6983906Z,,2026-05-28T10:15:00Z,False,,,,2,,"Flex Fortnightly, Flex Fortnightly",Delta Ventures,Colin Lloyd,2026-05-28T17:45:00,cb993bd4-342c-4027-a7ab-eb180a6fd182,Olena+e2@nexudus.com,2026-08-24T16:27:49.6983906Z
1446309724,1421022733,MAIN_E2 (PARENT Location),109,Colin Lloyd,1423747910,93bffe73-cead-4144-939b-e0634f9359d3,2026-08-24T16:27:53.4719519Z,,2026-05-14T07:30:00Z,False,,,,2,,"Flex Fortnightly, Flex Fortnightly",Delta Ventures,Colin Lloyd,2026-05-14T15:45:00,a7bbddba-17ad-410d-8a61-ea9248c299ff,Olena+e2@nexudus.com,2026-08-24T16:27:53.4719519Z
1446309725,1421022733,MAIN_E2 (PARENT Location),110,Jacob Robinson,1423750042,d4521f5d-3a2d-4864-a11c-4b1e2a1a6c59,2026-08-24T16:27:54.64514Z,,2026-04-24T08:45:00Z,False,,,,1,,"Private Office Annual, Hot Desk Quarterly, Private Office Annual",Delta Ventures,Jacob Robinson,2026-04-24T15:45:00,25e258cb-2e46-4d4b-999d-e5d471112a6a,Olena+e2@nexudus.com,2026-08-24T16:27:54.64514Z
1446309726,1421022733,MAIN_E2 (PARENT Location),111,Lesley Humphries,1423749947,12d3c5a8-08c7-4cbf-999d-a137f20adcb4,2026-08-24T16:27:55.4576501Z,,2026-04-06T09:45:00Z,False,,,,2,,Hot Desk Monthly,,Lesley Humphries,2026-04-06T18:45:00,6038b12f-2688-4417-95d2-a55b42b48be1,Olena+e2@nexudus.com,2026-08-24T16:27:55.4576501Z
1446309727,1421022733,MAIN_E2 (PARENT Location),112,Megan Taylor,1423750043,1f263c3c-7b45-4faa-a3af-0f884cdac5fa,2026-08-24T16:27:56.3795259Z,,2026-06-04T10:00:00Z,False,,,,2,,"Dedicated Desk Monthly, Dedicated Desk Monthly, Dedicated Desk Monthly",CloudNine Labs,Megan Taylor,2026-06-04T13:30:00Z,ed089143-9404-4f22-a41f-5e90d2d394c9,Olena+e2@nexudus.com,2026-08-24T16:27:56.3795259Z
1446309426,1421022733,MAIN_E2 (PARENT Location),113,Teresa Hopkins,1423747609,fc491a4e-944e-4af2-be5c-121de6445713,2026-08-24T16:28:23.9702564Z,,2026-05-25T07:15:00Z,False,,,,1,,"Hot Desk Quarterly, Hot Desk Quarterly",Acme Corp,Teresa Hopkins,2026-05-25T12:00:00,6d1ffef3-4804-471e-b78d-47d37df5b5d1,Olena+e2@nexudus.com,2026-08-24T16:28:23.9702564Z
1446309427,1421022733,MAIN_E2 (PARENT Location),114,Colin Lloyd,1423747910,5dac77d0-ac9a-4c70-8b87-c27b7e161020,2026-08-24T16:28:27.4905138Z,,2026-08-12T07:30:00Z,False,,,,2,,"Flex Fortnightly, Flex Fortnightly",Delta Ventures,Colin Lloyd,2026-08-12T10:15:00,807d41fe-18d3-4637-b4c4-d7b3ea0c924c,Olena+e2@nexudus.com,2026-08-24T16:28:27.4905138Z
1446309728,1421022733,MAIN_E2 (PARENT Location),115,Paula Harvey,1423750037,1c7bd23b-4f72-446a-95e5-eba0c4641b76,2026-08-24T16:28:28.8327476Z,,2026-06-24T10:00:00Z,False,,,,3,,"Flex Fortnightly, Flex Fortnightly",Echo Digital,Paula Harvey,2026-06-24T18:30:00Z,e4e92011-8520-49d9-aa81-cb90ae3113d9,Olena+e2@nexudus.com,2026-08-24T16:28:28.8327476Z
1446309428,1421022733,MAIN_E2 (PARENT Location),116,Gemma Elliott,1423749940,94475fe7-17a7-48c2-90ff-36d4ffa4cba5,2026-08-24T16:28:30.0054388Z,,2026-05-10T07:15:00Z,False,,,,2,,"Hot Desk Monthly, Hot Desk Monthly",Bright Studio,Gemma Elliott,2026-05-10T13:00:00,6f3f8d19-803c-4a82-8af8-80a8f28ee85a,Olena+e2@nexudus.com,2026-08-24T16:28:30.0054388Z
1446309729,1421022733,MAIN_E2 (PARENT Location),117,Glen Hawkins,1423750051,22109bc6-9554-460d-abeb-187f06fce73a,2026-08-24T16:28:30.9586003Z,,2026-03-23T10:30:00Z,False,,,,2,,"Flex Weekly, Dedicated Desk Monthly, Flex Weekly, Dedicated Desk Monthly",,Glen Hawkins,2026-03-23T17:00:00,7058d195-ec6c-45b4-9635-5313e7b8612c,Olena+e2@nexudus.com,2026-08-24T16:28:30.9586003Z
1446309730,1421022733,MAIN_E2 (PARENT Location),118,Lesley Humphries,1423749947,824f1e0d-3902-488f-bbcd-56ce86c994fb,2026-08-24T16:28:34.544708Z,,2026-03-27T07:15:00Z,False,,,,2,,Hot Desk Monthly,,Lesley Humphries,2026-03-27T13:15:00,bbdbc176-b3d2-4c66-a1bf-e95f50cc7a54,Olena+e2@nexudus.com,2026-08-24T16:28:34.544708Z
1446309430,1421022733,MAIN_E2 (PARENT Location),119,Lesley Humphries,1423749947,66d3898e-a584-4465-8ae1-c9f463a4403b,2026-08-24T16:28:38.2818002Z,,2026-03-25T07:00:00Z,False,,,,1,,Hot Desk Monthly,,Lesley Humphries,2026-03-25T13:00:00,d2649bf2-2b45-49c8-9fe1-071b5acfda11,Olena+e2@nexudus.com,2026-08-24T16:28:38.2818002Z
1446309731,1421022733,MAIN_E2 (PARENT Location),120,Diane Newman,1423747608,5c6c6806-0eb2-4e6a-a5ce-d82636b20d99,2026-08-24T16:28:39.3128892Z,,2026-03-05T09:45:00Z,False,,,,3,,"Dedicated Desk Monthly, Hot Desk Quarterly, Dedicated Desk Monthly, Hot Desk Quarterly",Delta Ventures,Diane Newman,2026-03-05T15:15:00,066cb93e-2415-4f9c-83b2-3ec085c684c0,Olena+e2@nexudus.com,2026-08-24T16:28:39.3128892Z
1446309431,1421022733,MAIN_E2 (PARENT Location),121,Jacob Robinson,1423750042,842d6de6-09f0-498e-84c5-276e1c9fef97,2026-08-24T16:28:40.1425575Z,,2026-08-08T07:45:00Z,False,,,,2,,"Private Office Annual, Hot Desk Quarterly, Private Office Annual",Delta Ventures,Jacob Robinson,2026-08-08T11:45:00,ee48d1f7-05b3-46be-a3f1-3aef451e22be,Olena+e2@nexudus.com,2026-08-24T16:28:40.1425575Z
1446309432,1421022733,MAIN_E2 (PARENT Location),122,Lesley Humphries,1423749947,a777f6d9-6b4a-4eb6-8895-23be89b747ec,2026-08-24T16:28:40.955055Z,,2026-07-24T10:15:00Z,False,,,,2,,Hot Desk Monthly,,Lesley Humphries,2026-07-24T12:45:00,0048d33f-ab5d-4fb0-adc8-f6b6c9814bc2,Olena+e2@nexudus.com,2026-08-24T16:28:40.955055Z
1446309433,1421022733,MAIN_E2 (PARENT Location),123,Mary Higgins,1423747909,e9575c97-77d1-4351-8756-2670d88fd614,2026-08-24T16:28:44.9577633Z,,2026-03-31T10:45:00Z,False,,,,2,,,CloudNine Labs,Mary Higgins,2026-03-31T14:15:00,1eac5218-e68f-4ed2-a76a-18a2800ca969,Olena+e2@nexudus.com,2026-08-24T16:28:44.9577633Z
1446309434,1421022733,MAIN_E2 (PARENT Location),124,Diane Newman,1423747608,9d0a7959-19cd-4c30-8b93-b1446dfeacc3,2026-08-24T16:28:45.9421219Z,,2026-04-12T09:00:00Z,False,,,,2,,"Dedicated Desk Monthly, Hot Desk Quarterly, Dedicated Desk Monthly, Hot Desk Quarterly",Delta Ventures,Diane Newman,2026-04-12T14:30:00,60370093-4e59-45e3-a342-c3b945f65b59,Olena+e2@nexudus.com,2026-08-24T16:28:45.9421219Z
1446309435,1421022733,MAIN_E2 (PARENT Location),125,Ashley Smith,1423747607,e98bdfb8-cf8b-428d-8c61-264a4e8891f9,2026-08-24T16:28:47.0684369Z,,2026-05-16T08:30:00Z,False,,,,2,,"Private Office Small, Flex Fortnightly, Private Office Small, Flex Fortnightly",Acme Corp,Ashley Smith,2026-05-16T12:15:00,36cdd398-5493-4484-9413-ac9da04e2695,Olena+e2@nexudus.com,2026-08-24T16:28:47.0684369Z
1446309732,1421022733,MAIN_E2 (PARENT Location),126,Diane Newman,1423747608,89e81495-2587-4403-9cf4-376109f6a346,2026-08-24T16:28:47.9588705Z,,2026-07-08T07:30:00Z,False,,,,3,,"Dedicated Desk Monthly, Hot Desk Quarterly, Dedicated Desk Monthly, Hot Desk Quarterly",Delta Ventures,Diane Newman,2026-07-08T15:30:00,f5b63be0-a626-4b48-aa26-c72327817a35,Olena+e2@nexudus.com,2026-08-24T16:28:47.9588705Z
1446309733,1421022733,MAIN_E2 (PARENT Location),127,Diane Newman,1423747608,bb08db6a-a48a-4bd0-a6d9-4997b47daf8d,2026-08-24T16:28:48.8338744Z,,2026-04-25T07:30:00Z,False,,,,2,,"Dedicated Desk Monthly, Hot Desk Quarterly, Dedicated Desk Monthly, Hot Desk Quarterly",Delta Ventures,Diane Newman,2026-04-25T12:00:00Z,10242ad2-3150-4561-8c29-8c70facd4382,Olena+e2@nexudus.com,2026-08-24T16:28:48.8338744Z
1446309734,1421022733,MAIN_E2 (PARENT Location),128,Lesley Humphries,1423749947,11576abe-4c19-4049-a5a2-2f6b68300da4,2026-08-24T16:28:52.4275429Z,,2026-05-31T10:45:00Z,False,,,,1,,Hot Desk Monthly,,Lesley Humphries,2026-05-31T20:15:00,ba4a869c-849b-410c-a49d-c09243e95e13,Olena+e2@nexudus.com,2026-08-24T16:28:52.4275429Z
1446309436,1421022733,MAIN_E2 (PARENT Location),129,Diane Newman,1423747608,5fc3f60f-7fc6-4919-b777-a1058dbfd4db,2026-08-24T16:28:54.9257873Z,,2026-07-07T10:00:00Z,False,,,,1,,"Dedicated Desk Monthly, Hot Desk Quarterly, Dedicated Desk Monthly, Hot Desk Quarterly",Delta Ventures,Diane Newman,2026-07-07T16:30:00Z,ee2bc008-6bb8-4331-99e2-3a5c492c4fe9,Olena+e2@nexudus.com,2026-08-24T16:28:54.9257873Z
1446309735,1421022733,MAIN_E2 (PARENT Location),130,Glen Hawkins,1423750051,74390893-83cb-491e-a5f7-c327d8ed2c48,2026-08-24T16:28:55.8351081Z,,2026-06-14T09:45:00Z,False,,,,3,,"Flex Weekly, Dedicated Desk Monthly, Flex Weekly, Dedicated Desk Monthly",,Glen Hawkins,2026-06-14T16:30:00,2091e90d-8d9f-4011-b1ff-5085de189c6e,Olena+e2@nexudus.com,2026-08-24T16:28:55.8351081Z
1446309736,1421022733,MAIN_E2 (PARENT Location),131,Janice Glover,1423749939,f70f358f-3b63-4484-bf59-01702042b55f,2026-08-24T16:28:56.8520363Z,,2026-06-12T10:15:00Z,False,,,,2,,"Dedicated Desk Monthly, Dedicated Desk Monthly",Echo Digital,Janice Glover,2026-06-12T19:15:00,9868fb81-556c-45ae-b0c1-ff0b5277990e,Olena+e2@nexudus.com,2026-08-24T16:28:56.8520363Z
1446309737,1421022733,MAIN_E2 (PARENT Location),132,Megan Taylor,1423750043,2551c2f1-4b0f-4a29-a6d8-56e301f2d382,2026-08-24T16:28:57.8364288Z,,2026-03-01T09:30:00Z,False,,,,1,,"Dedicated Desk Monthly, Dedicated Desk Monthly, Dedicated Desk Monthly",CloudNine Labs,Megan Taylor,2026-03-01T16:30:00Z,773f5a0d-a0fe-49ea-94c7-8c2a6c13e2a6,Olena+e2@nexudus.com,2026-08-24T16:28:57.8364288Z
1446309437,1421022733,MAIN_E2 (PARENT Location),133,Heather Ryan,1423749934,0a8c5f62-ad52-49a3-a633-19a2d795bdd6,2026-08-24T16:28:58.8838805Z,,2026-05-12T10:30:00Z,False,,,,2,,"Dedicated Desk Monthly, Dedicated Desk Monthly",Bright Studio,Heather Ryan,2026-05-12T17:15:00,d7f6761f-2d4d-411c-84cd-5d098759847e,Olena+e2@nexudus.com,2026-08-24T16:28:58.8838805Z
1446309738,1421022733,MAIN_E2 (PARENT Location),134,Leanne Foster,1423747610,dbb0014e-46d7-4eee-bc5e-e8ea760c98cb,2026-08-24T16:29:00.118959Z,,2026-07-08T09:30:00Z,False,,,,3,,"Hot Desk Monthly, Hot Desk Monthly",Acme Corp,Leanne Foster,2026-07-08T15:00:00Z,4d7ca85a-e46a-4c7d-b5d6-d075ce02b7e5,Olena+e2@nexudus.com,2026-08-24T16:29:00.118959Z
1446309739,1421022733,MAIN_E2 (PARENT Location),135,Gemma Ferguson,1423750038,1998088a-bb0f-44f7-9e31-e2380b90c9a2,2026-08-24T16:29:01.2139906Z,,2026-05-26T08:00:00Z,False,,,,1,,"Flex Weekly, Flex Weekly",Bright Studio,Gemma Ferguson,2026-05-26T16:45:00,3898a18b-2ed8-40c2-8782-5389f03b92cb,Olena+e2@nexudus.com,2026-08-24T16:29:01.2139906Z
1446309438,1421022733,MAIN_E2 (PARENT Location),136,Rachael Byrne,1423750053,05b1aeca-2ff1-4c61-9ba9-07dd77257024,2026-08-24T16:29:02.1993253Z,,2026-03-03T07:45:00Z,False,,,,1,,"Flex Fortnightly, Private Office Large, Flex Fortnightly",,Rachael Byrne,2026-03-03T09:45:00,1c9b459d-17ad-4fea-8662-df8860d33e66,Olena+e2@nexudus.com,2026-08-24T16:29:02.1993253Z
1446309439,1421022733,MAIN_E2 (PARENT Location),137,Ashley Smith,1423747607,0f2fd3cd-044d-4a9d-819c-5e2c57964ef2,2026-08-24T16:29:03.3399691Z,,2026-03-12T09:30:00Z,False,,,,2,,"Private Office Small, Flex Fortnightly, Private Office Small, Flex Fortnightly",Acme Corp,Ashley Smith,2026-03-12T18:00:00,81b9bbfa-5e5a-493b-acd4-65b8272a4c2d,Olena+e2@nexudus.com,2026-08-24T16:29:03.3399691Z
1446309441,1421022733,MAIN_E2 (PARENT Location),138,Heather Ryan,1423749934,2c542aed-4f87-48a9-857a-52a21ff338fc,2026-08-24T16:29:24.742944Z,,2026-03-28T10:00:00Z,False,,,,2,,"Dedicated Desk Monthly, Dedicated Desk Monthly",Bright Studio,Heather Ryan,2026-03-28T18:30:00Z,316edded-4aae-480f-a2fc-3db034bc1695,Olena+e2@nexudus.com,2026-08-24T16:29:24.742944Z
1446309442,1421022733,MAIN_E2 (PARENT Location),139,Samantha Quinn,1423749935,d4ad9f4e-3a3a-4128-b6ae-ba8e27c20af5,2026-08-24T16:29:26.0554552Z,,2026-08-03T10:15:00Z,False,,,,3,,"Private Office Large, Private Office Large",Echo Digital,Samantha Quinn,2026-08-03T14:30:00,d012ea97-f15a-4bdb-b8d4-120406f271f4,Olena+e2@nexudus.com,2026-08-24T16:29:26.0554552Z
1446309443,1421022733,MAIN_E2 (PARENT Location),140,Paula Harvey,1423750037,a5c6c43a-e11f-4aa9-86a1-d7a6db0f175d,2026-08-24T16:29:27.0594346Z,,2026-08-20T07:30:00Z,False,,,,1,,"Flex Fortnightly, Flex Fortnightly",Echo Digital,Paula Harvey,2026-08-20T13:00:00,fa4af5d6-9ba9-4238-9ff7-3c9f5daf9244,Olena+e2@nexudus.com,2026-08-24T16:29:27.0594346Z
1446309444,1421022733,MAIN_E2 (PARENT Location),141,Ryan Nelson,1423749951,70fa2f50-1942-4ebb-aacf-f1b5e72de533,2026-08-24T16:29:28.1532192Z,,2026-04-25T10:45:00Z,False,,,,2,,"Dedicated Desk Monthly, Private Office Small, Dedicated Desk Monthly, Private Office Small",,Ryan Nelson,2026-04-25T13:00:00,0349a983-3bdb-4a0d-9811-d057fa4b9846,Olena+e2@nexudus.com,2026-08-24T16:29:28.1532192Z
1446309445,1421022733,MAIN_E2 (PARENT Location),142,Diane Newman,1423747608,419e064f-d00e-4f64-8e84-a05e7f3714f0,2026-08-24T16:29:29.2639567Z,,2026-05-20T07:00:00Z,False,,,,2,,"Dedicated Desk Monthly, Hot Desk Quarterly, Dedicated Desk Monthly, Hot Desk Quarterly",Delta Ventures,Diane Newman,2026-05-20T10:00:00,92ea8039-cdcd-4b29-8121-1aaf74e01a7e,Olena+e2@nexudus.com,2026-08-24T16:29:29.2639567Z
1446309741,1421022733,MAIN_E2 (PARENT Location),143,Jeremy Mellor,1423749942,f74c13c9-eced-479f-8bbf-9c623ebe05a5,2026-08-24T16:29:30.5986081Z,,2026-04-29T10:00:00Z,False,,,,1,,"Dedicated Desk Monthly, Hot Desk Monthly, Dedicated Desk Monthly",Bright Studio,Jeremy Mellor,2026-04-29T15:15:00,3165eb8c-4648-47a0-bd91-797d48364889,Olena+e2@nexudus.com,2026-08-24T16:29:30.5986081Z
1446309742,1421022733,MAIN_E2 (PARENT Location),144,Tracy Harrison,1423749937,8ef81f55-8b4e-47d2-971e-3272007f6b3c,2026-08-24T16:29:31.7555336Z,,2026-08-09T10:45:00Z,False,,,,1,,"Hot Desk Quarterly, Hot Desk Quarterly",Acme Corp,Tracy Harrison,2026-08-09T18:45:00,f89dd601-a7eb-4f30-9f66-c6bef0312f88,Olena+e2@nexudus.com,2026-08-24T16:29:31.7555336Z
1446309743,1421022733,MAIN_E2 (PARENT Location),145,Diane Newman,1423747608,48adce76-63ef-40b3-a406-cc7ea0998e7a,2026-08-24T16:29:32.7402156Z,,2026-05-11T08:15:00Z,False,,,,1,,"Dedicated Desk Monthly, Hot Desk Quarterly, Dedicated Desk Monthly, Hot Desk Quarterly",Delta Ventures,Diane Newman,2026-05-11T15:00:00,13a081fd-7d0e-4a22-8a42-4f34d61ef8b0,Olena+e2@nexudus.com,2026-08-24T16:29:32.7402156Z
1446309446,1421022733,MAIN_E2 (PARENT Location),146,Paula Harvey,1423750037,5c9d6f2d-2c73-415e-8098-a9f46f45ee30,2026-08-24T16:29:33.6847988Z,,2026-07-27T08:15:00Z,False,,,,1,,"Flex Fortnightly, Flex Fortnightly",Echo Digital,Paula Harvey,2026-07-27T17:00:00,79e6d4ff-024e-4f97-b55c-0452601686a6,Olena+e2@nexudus.com,2026-08-24T16:29:33.6847988Z
1446309447,1421022733,MAIN_E2 (PARENT Location),147,Rachael Byrne,1423750053,5d24a2b4-214a-4ace-aa53-465d8bf0d033,2026-08-24T16:29:34.762903Z,,2026-05-20T07:30:00Z,False,,,,1,,"Flex Fortnightly, Private Office Large, Flex Fortnightly",,Rachael Byrne,2026-05-20T16:45:00,952ede3c-f9e5-4ce5-9149-355de29faf65,Olena+e2@nexudus.com,2026-08-24T16:29:34.762903Z
1446309448,1421022733,MAIN_E2 (PARENT Location),148,Paula Harvey,1423750037,fd3e977a-34b1-4492-8da7-e2e96ae17645,2026-08-24T16:29:35.607374Z,,2026-04-18T07:15:00Z,False,,,,2,,"Flex Fortnightly, Flex Fortnightly",Echo Digital,Paula Harvey,2026-04-18T16:15:00,7f8b443f-8945-40d6-8c51-284fba7a3271,Olena+e2@nexudus.com,2026-08-24T16:29:35.607374Z
1446309744,1421022733,MAIN_E2 (PARENT Location),149,Jeremy Mellor,1423749942,26d4407a-3e5d-43cf-929d-0ff552ddf05a,2026-08-24T16:29:36.620694Z,,2026-08-24T07:45:00Z,False,,,,2,,"Dedicated Desk Monthly, Hot Desk Monthly, Dedicated Desk Monthly",Bright Studio,Jeremy Mellor,,e4a5f6c0-7ffc-4b70-ac6a-ccb26524cfa2,Olena+e2@nexudus.com,2026-08-24T16:29:36.620694Z
1446309449,1421022733,MAIN_E2 (PARENT Location),150,Francesca White,1423747912,5ebcd066-2207-4e1a-874f-faea1e3d54a2,2026-08-24T16:29:37.4837617Z,,2026-05-04T08:45:00Z,False,,,,3,,"Private Office Small, Private Office Small",Delta Ventures,Francesca White,2026-05-04T15:45:00,a012c96a-12c0-4762-886b-9d3e8a2ad8b0,Olena+e2@nexudus.com,2026-08-24T16:29:37.4837617Z
1446309745,1421022733,MAIN_E2 (PARENT Location),151,Josephine Hammond,1423749946,6b30cbde-7ea5-4465-8d5e-258a4b08f7d8,2026-08-24T16:29:38.4189284Z,,2026-04-02T08:15:00Z,False,,,,2,,Dedicated Desk Monthly,,Josephine Hammond,2026-04-02T12:45:00,85412b40-97a5-4383-96d2-aaad2f55c7cc,Olena+e2@nexudus.com,2026-08-24T16:29:38.4189284Z
1446309746,1421022733,MAIN_E2 (PARENT Location),152,Paula Harvey,1423750037,12014b54-07f4-423e-a970-403d812486e4,2026-08-24T16:29:39.340811Z,,2026-07-31T10:15:00Z,False,,,,1,,"Flex Fortnightly, Flex Fortnightly",Echo Digital,Paula Harvey,2026-07-31T15:45:00,c5a4c0c2-6c7d-4609-9013-356547aa71de,Olena+e2@nexudus.com,2026-08-24T16:29:39.340811Z
1446309747,1421022733,MAIN_E2 (PARENT Location),153,Josephine Hammond,1423749946,f3476687-455d-4879-905b-ff81b20bc93e,2026-08-24T16:29:40.1851821Z,,2026-07-17T09:00:00Z,False,,,,2,,Dedicated Desk Monthly,,Josephine Hammond,2026-07-17T13:30:00,13623bea-cd53-436d-851e-e6c896d0e783,Olena+e2@nexudus.com,2026-08-24T16:29:40.1851821Z
1446309748,1421022733,MAIN_E2 (PARENT Location),154,Stanley Holmes,1423750048,eb872d64-fbd2-4dbb-a333-8cadb84f1532,2026-08-24T16:29:41.1233313Z,,2026-07-04T08:30:00Z,False,,,,2,,"Hot Desk Monthly, Hot Desk Monthly, Hot Desk Monthly",,Stanley Holmes,2026-07-04T12:00:00Z,063e5717-0489-4d36-8fc0-fb81f7311679,Olena+e2@nexudus.com,2026-08-24T16:29:41.1233313Z
1446309749,1421022733,MAIN_E2 (PARENT Location),155,Leanne Foster,1423747610,f9784be8-c3e3-49c7-adde-3c2ac083dfb4,2026-08-24T16:29:42.2036609Z,,2026-03-08T07:30:00Z,False,,,,1,,"Hot Desk Monthly, Hot Desk Monthly",Acme Corp,Leanne Foster,2026-03-08T11:00:00Z,f802890a-7383-4f2a-88e1-88c6e25eb055,Olena+e2@nexudus.com,2026-08-24T16:29:42.2036609Z
1446309750,1421022733,MAIN_E2 (PARENT Location),156,Sian Cox,1423747908,ed4f25d9-6415-49e1-aac2-860ee23a4e22,2026-08-24T16:29:43.0637193Z,,2026-04-22T10:45:00Z,False,,,,1,,"Hot Desk Quarterly, Hot Desk Quarterly",CloudNine Labs,Sian Cox,2026-04-22T18:15:00Z,20be495c-0e2a-4556-85fc-39b7c1bbd557,Olena+e2@nexudus.com,2026-08-24T16:29:43.0637193Z
1446309450,1421022733,MAIN_E2 (PARENT Location),157,Janice Glover,1423749939,62143170-e365-42d7-85db-38a470a18919,2026-08-24T16:29:44.0815452Z,,2026-02-28T09:45:00Z,False,,,,2,,"Dedicated Desk Monthly, Dedicated Desk Monthly",Echo Digital,Janice Glover,2026-02-28T14:15:00,e620bdb5-0495-4ccc-bb54-4afc4fc69b7c,Olena+e2@nexudus.com,2026-08-24T16:29:44.0815452Z
1446309751,1421022733,MAIN_E2 (PARENT Location),158,Rhys Davies,1423749944,59792c3e-b134-4336-a6d2-6fa75b429c93,2026-08-24T16:29:45.0650564Z,,2026-07-17T08:15:00Z,False,,,,1,,Flex Fortnightly,Echo Digital,Rhys Davies,2026-07-17T17:15:00Z,81a30e6b-5beb-45de-83be-3c3d3fe8d5e7,Olena+e2@nexudus.com,2026-08-24T16:29:45.0650564Z
1446309451,1421022733,MAIN_E2 (PARENT Location),159,Paula Harvey,1423750037,50809922-9800-4286-be28-6e11ff58a007,2026-08-24T16:29:46.0516804Z,,2026-08-10T08:15:00Z,False,,,,1,,"Flex Fortnightly, Flex Fortnightly",Echo Digital,Paula Harvey,2026-08-10T10:30:00,21bade62-66a8-4dc6-9cc8-1143276f3353,Olena+e2@nexudus.com,2026-08-24T16:29:46.0516804Z
1446309452,1421022733,MAIN_E2 (PARENT Location),160,Stanley Holmes,1423750048,81abf251-c901-4638-866b-3d346884ce0b,2026-08-24T16:29:46.9430205Z,,2026-06-24T08:30:00Z,False,,,,1,,"Hot Desk Monthly, Hot Desk Monthly, Hot Desk Monthly",,Stanley Holmes,2026-06-24T14:00:00Z,4ecdf09c-398b-4bd8-95b9-dde447b7d7a2,Olena+e2@nexudus.com,2026-08-24T16:29:46.9430205Z
1446309453,1421022733,MAIN_E2 (PARENT Location),161,Mary Higgins,1423747909,ed4e554a-4f9c-4b0e-9909-78f577be01a6,2026-08-24T16:29:50.8988391Z,,2026-06-08T10:15:00Z,False,,,,1,,,CloudNine Labs,Mary Higgins,2026-06-08T15:30:00,a96547b8-b7e7-4f6e-bfa7-49f4e014bf1e,Olena+e2@nexudus.com,2026-08-24T16:29:50.8988391Z
1446309454,1421022733,MAIN_E2 (PARENT Location),162,Irene Wilson,1423750041,e9116578-9241-46a1-88b7-1d01107e875c,2026-08-24T16:29:52.2697281Z,,2026-02-25T08:45:00Z,False,,,,2,,"Private Office Annual, Hot Desk Monthly, Private Office Annual",Bright Studio,Irene Wilson,2026-02-25T12:15:00,b6826ccd-8d86-49a8-a2a3-0d1c81615c2a,Olena+e2@nexudus.com,2026-08-24T16:29:52.2697281Z
1446309455,1421022733,MAIN_E2 (PARENT Location),163,Tracy Harrison,1423749937,8c94cb88-a3bd-4669-8feb-18946efa1b66,2026-08-24T16:29:53.5210756Z,,2026-05-03T07:15:00Z,False,,,,1,,"Hot Desk Quarterly, Hot Desk Quarterly",Acme Corp,Tracy Harrison,2026-05-03T09:45:00,c6cf3420-8b42-42a2-b980-7683bd17fd61,Olena+e2@nexudus.com,2026-08-24T16:29:53.5210756Z
1446309456,1421022733,MAIN_E2 (PARENT Location),164,Mary Higgins,1423747909,340dac5e-a739-4d0c-989c-116be05f9713,2026-08-24T16:29:57.226266Z,,2026-06-07T10:00:00Z,False,,,,2,,,CloudNine Labs,Mary Higgins,2026-06-07T17:45:00,7cec6a6d-c030-48cf-91be-cd3a714b5f23,Olena+e2@nexudus.com,2026-08-24T16:29:57.226266Z
1446309752,1421022733,MAIN_E2 (PARENT Location),165,Francesca White,1423747912,03126b24-b45c-48d8-b038-78ae4f65f480,2026-08-24T16:29:58.3035049Z,,2026-08-13T07:30:00Z,False,,,,2,,"Private Office Small, Private Office Small",Delta Ventures,Francesca White,2026-08-13T13:30:00,d55b31fc-abe4-4535-a96c-57e89d643cbe,Olena+e2@nexudus.com,2026-08-24T16:29:58.3035049Z
1446309753,1421022733,MAIN_E2 (PARENT Location),166,Janice Glover,1423749939,5235fd60-2254-40a6-882c-7bf58006fed3,2026-08-24T16:30:25.3870279Z,,2026-03-01T07:45:00Z,False,,,,1,,"Dedicated Desk Monthly, Dedicated Desk Monthly",Echo Digital,Janice Glover,2026-03-01T11:00:00,a85c11f4-36f6-4ce4-8d29-d1ba61e19e98,Olena+e2@nexudus.com,2026-08-24T16:30:25.3870279Z
1446309457,1421022733,MAIN_E2 (PARENT Location),167,Stanley Holmes,1423750048,806a6021-d075-4c1d-9e6e-52e0b9db116b,2026-08-24T16:30:26.4833492Z,,2026-03-01T09:45:00Z,False,,,,1,,"Hot Desk Monthly, Hot Desk Monthly, Hot Desk Monthly",,Stanley Holmes,2026-03-01T18:30:00,4b7f22b3-675f-42d4-8950-dcbc8f592213,Olena+e2@nexudus.com,2026-08-24T16:30:26.4833492Z
1446309458,1421022733,MAIN_E2 (PARENT Location),168,Gemma Ferguson,1423750038,8e4d4e5c-20d6-4d5c-a06b-b1acb946175b,2026-08-24T16:30:27.6995173Z,,2026-05-24T10:45:00Z,False,,,,1,,"Flex Weekly, Flex Weekly",Bright Studio,Gemma Ferguson,2026-05-24T14:15:00Z,a3339956-43e9-4803-8cd6-18fbd27af011,Olena+e2@nexudus.com,2026-08-24T16:30:27.6995173Z
1446309459,1421022733,MAIN_E2 (PARENT Location),169,Colin Lloyd,1423747910,2c596d57-d3ab-49af-b33a-1efc0003a53f,2026-08-24T16:30:31.5869119Z,,2026-05-11T07:15:00Z,False,,,,2,,"Flex Fortnightly, Flex Fortnightly",Delta Ventures,Colin Lloyd,2026-05-11T09:30:00,8ec808ef-363e-4ad9-86db-90237c87c578,Olena+e2@nexudus.com,2026-08-24T16:30:31.5869119Z
1446309460,1421022733,MAIN_E2 (PARENT Location),170,Sian Cox,1423747908,6e956d44-342c-42b9-bf03-51bf719e30b3,2026-08-24T16:30:33.2575113Z,,2026-08-08T07:15:00Z,False,,,,2,,"Hot Desk Quarterly, Hot Desk Quarterly",CloudNine Labs,Sian Cox,2026-08-08T15:45:00,1c724cfd-6f0c-4593-8e34-768f4d56b971,Olena+e2@nexudus.com,2026-08-24T16:30:33.2575113Z
1446309754,1421022733,MAIN_E2 (PARENT Location),171,Irene Wilson,1423750041,a4ecba8c-63b1-4e76-ab93-4de2a464f126,2026-08-24T16:30:34.6171119Z,,2026-07-25T07:00:00Z,False,,,,2,,"Private Office Annual, Hot Desk Monthly, Private Office Annual",Bright Studio,Irene Wilson,2026-07-25T10:45:00,2c50f0f1-9404-488b-abe2-3e7d812935a4,Olena+e2@nexudus.com,2026-08-24T16:30:34.6171119Z
1446309461,1421022733,MAIN_E2 (PARENT Location),172,Rhys Davies,1423749944,d0bc4590-947d-474d-b8c4-9429bf5980f6,2026-08-24T16:30:35.7765131Z,,2026-08-21T08:45:00Z,False,,,,1,,Flex Fortnightly,Echo Digital,Rhys Davies,2026-08-21T14:45:00,9c70fbe0-7d65-42d2-b75d-e09f852d06ed,Olena+e2@nexudus.com,2026-08-24T16:30:35.7765131Z
1446309462,1421022733,MAIN_E2 (PARENT Location),173,Colin Lloyd,1423747910,293ceb46-0839-4315-a6c0-6f3562a24454,2026-08-24T16:30:39.7630189Z,,2026-06-05T08:15:00Z,False,,,,2,,"Flex Fortnightly, Flex Fortnightly",Delta Ventures,Colin Lloyd,2026-06-05T17:45:00,a8f7ac95-fe60-4b74-9e50-103f5b97c1f6,Olena+e2@nexudus.com,2026-08-24T16:30:39.7630189Z
1446309755,1421022733,MAIN_E2 (PARENT Location),174,Chelsea Powell,1423750056,6869acb8-5e85-409b-8798-fc21536fc587,2026-08-24T16:30:40.8087562Z,,2026-05-08T07:00:00Z,False,,,,2,,"Hot Desk Quarterly, Hot Desk Monthly, Hot Desk Quarterly",,Chelsea Powell,2026-05-08T13:15:00,04c3e8bb-2a0d-4182-b4f0-efdb35f801cf,Olena+e2@nexudus.com,2026-08-24T16:30:40.8087562Z
1446309463,1421022733,MAIN_E2 (PARENT Location),175,Leanne Foster,1423747610,8f4ad21d-206d-4490-bd5d-0df12dca8f0a,2026-08-24T16:30:41.9050036Z,,2026-05-07T09:15:00Z,False,,,,1,,"Hot Desk Monthly, Hot Desk Monthly",Acme Corp,Leanne Foster,2026-05-07T14:30:00,d0a0e517-3e3a-4e4b-a805-795c5b6a3656,Olena+e2@nexudus.com,2026-08-24T16:30:41.9050036Z
1446309756,1421022733,MAIN_E2 (PARENT Location),176,Francesca White,1423747912,f1d6da37-14d0-468c-b961-cf610efbc05e,2026-08-24T16:30:42.8518851Z,,2026-08-04T08:15:00Z,False,,,,2,,"Private Office Small, Private Office Small",Delta Ventures,Francesca White,2026-08-04T16:15:00,72b0beb3-b349-45bf-bae9-26dd908aa8dc,Olena+e2@nexudus.com,2026-08-24T16:30:42.8518851Z
1446309757,1421022733,MAIN_E2 (PARENT Location),177,Dylan Young,1423749941,bf944ef2-45ce-425c-bb0c-ad1adb0bf6b0,2026-08-24T16:30:43.8287147Z,,2026-06-08T10:30:00Z,False,,,,2,,"Hot Desk Monthly, Hot Desk Monthly",CloudNine Labs,Dylan Young,2026-06-08T12:45:00,738c749c-418c-40be-9867-6e081a918a97,Olena+e2@nexudus.com,2026-08-24T16:30:43.8287147Z
1446309758,1421022733,MAIN_E2 (PARENT Location),178,Megan Taylor,1423750043,c9eb404b-ebf4-4623-9cff-d7580af444e3,2026-08-24T16:30:46.2207854Z,,2026-08-20T09:45:00Z,False,,,,2,,"Dedicated Desk Monthly, Dedicated Desk Monthly, Dedicated Desk Monthly",CloudNine Labs,Megan Taylor,2026-08-20T13:30:00,18c59e9d-9969-4fb0-9a81-5592f8d9e304,Olena+e2@nexudus.com,2026-08-24T16:30:46.2207854Z
1446309759,1421022733,MAIN_E2 (PARENT Location),179,Wayne Davidson,1423750055,d50efb26-96d0-474c-a85c-d651bf59c4ef,2026-08-24T16:30:48.0347109Z,,2026-04-24T07:30:00Z,False,,,,2,,"Private Office Large, Hot Desk Monthly, Private Office Large",,Wayne Davidson,2026-04-24T12:00:00Z,5eb53c43-ebe7-4c02-b5fb-084aefa689fc,Olena+e2@nexudus.com,2026-08-24T16:30:48.0347109Z
1446309760,1421022733,MAIN_E2 (PARENT Location),180,Lesley Humphries,1423749947,4be1d501-d540-407d-a17e-87d072494564,2026-08-24T16:30:52.0224561Z,,2026-03-08T08:15:00Z,False,,,,2,,Hot Desk Monthly,,Lesley Humphries,2026-03-08T14:15:00,e8024aee-4aa6-4453-8f54-dce024a5629c,Olena+e2@nexudus.com,2026-08-24T16:30:52.0224561Z
1446309464,1421022733,MAIN_E2 (PARENT Location),181,Irene Wilson,1423750041,fb8d9c95-2fa1-4767-8d5c-0290fa2a9da6,2026-08-24T16:30:53.2370177Z,,2026-06-22T10:00:00Z,False,,,,2,,"Private Office Annual, Hot Desk Monthly, Private Office Annual",Bright Studio,Irene Wilson,2026-06-22T17:30:00Z,094d4607-57af-454b-a1f6-680a85306c13,Olena+e2@nexudus.com,2026-08-24T16:30:53.2370177Z
1446309761,1421022733,MAIN_E2 (PARENT Location),182,Gemma Elliott,1423749940,d5cc5067-eae6-490d-91f6-5a9ecfdd63b5,2026-08-24T16:30:54.3834314Z,,2026-05-08T08:30:00Z,False,,,,3,,"Hot Desk Monthly, Hot Desk Monthly",Bright Studio,Gemma Elliott,2026-05-08T16:15:00,ff601866-67dc-4518-988c-52db869241b9,Olena+e2@nexudus.com,2026-08-24T16:30:54.3834314Z
1446309465,1421022733,MAIN_E2 (PARENT Location),183,Megan Taylor,1423750043,2f15dede-912a-4a13-a766-cd27a9b2ad3b,2026-08-24T16:30:55.2397048Z,,2026-06-19T09:00:00Z,False,,,,2,,"Dedicated Desk Monthly, Dedicated Desk Monthly, Dedicated Desk Monthly",CloudNine Labs,Megan Taylor,2026-06-19T15:30:00,68e94ad2-beaa-4b82-a50d-f0af96293a72,Olena+e2@nexudus.com,2026-08-24T16:30:55.2397048Z
1446309762,1421022733,MAIN_E2 (PARENT Location),184,Sian Cox,1423747908,9f6e45e1-4b41-4c52-af02-112cbc3ce18c,2026-08-24T16:30:56.2597774Z,,2026-03-19T09:30:00Z,False,,,,1,,"Hot Desk Quarterly, Hot Desk Quarterly",CloudNine Labs,Sian Cox,2026-03-19T15:15:00,d5ea9e2e-22b9-4ba9-b86a-0f292f5c9c4b,Olena+e2@nexudus.com,2026-08-24T16:30:56.2597774Z
1446309466,1421022733,MAIN_E2 (PARENT Location),185,Francesca White,1423747912,c655eb69-e205-4199-97bd-c37516ce4d23,2026-08-24T16:30:57.1466484Z,,2026-05-11T07:30:00Z,False,,,,1,,"Private Office Small, Private Office Small",Delta Ventures,Francesca White,2026-05-11T10:30:00Z,e95e54c6-a19d-4cb7-9f6d-2ed06a39d189,Olena+e2@nexudus.com,2026-08-24T16:30:57.1466484Z
1446309467,1421022733,MAIN_E2 (PARENT Location),186,Stanley Holmes,1423750048,c93796b1-4505-4fa5-ba4f-77f34a8e01c9,2026-08-24T16:30:57.991655Z,,2026-04-12T07:30:00Z,False,,,,1,,"Hot Desk Monthly, Hot Desk Monthly, Hot Desk Monthly",,Stanley Holmes,2026-04-12T11:30:00Z,f2f80309-1352-433d-984c-03ee96f4dfb4,Olena+e2@nexudus.com,2026-08-24T16:30:57.991655Z
1446309763,1421022733,MAIN_E2 (PARENT Location),187,Jacob Robinson,1423750042,e5322cc3-624f-43c7-bc96-c006d9088f98,2026-08-24T16:30:58.8548667Z,,2026-07-27T07:00:00Z,False,,,,3,,"Private Office Annual, Hot Desk Quarterly, Private Office Annual",Delta Ventures,Jacob Robinson,2026-07-27T11:30:00,8b369d24-b171-4376-bb68-538310d4e9c1,Olena+e2@nexudus.com,2026-08-24T16:30:58.8548667Z
1446309764,1421022733,MAIN_E2 (PARENT Location),188,Jacob Robinson,1423750042,39c9eb03-f13a-4771-8c22-b51235f20ad2,2026-08-24T16:30:59.7611231Z,,2026-04-30T08:15:00Z,False,,,,1,,"Private Office Annual, Hot Desk Quarterly, Private Office Annual",Delta Ventures,Jacob Robinson,2026-04-30T11:00:00,f6cf03a2-a646-4a22-8747-215c6957d293,Olena+e2@nexudus.com,2026-08-24T16:30:59.7611231Z
1446309765,1421022733,MAIN_E2 (PARENT Location),189,Ellie Lee,1423750045,5dcd8661-fb35-4ea9-af67-d8aed177e8dc,2026-08-24T16:31:00.6376065Z,,2026-05-21T10:45:00Z,False,,,,1,,"Hot Desk Monthly, Flex Weekly",CloudNine Labs,Ellie Lee,2026-05-21T15:15:00,394cc0ba-82d0-430f-8713-3e3a4e4dfb4e,Olena+e2@nexudus.com,2026-08-24T16:31:00.6376065Z
1446309468,1421022733,MAIN_E2 (PARENT Location),190,Bethany Johnston,1423750050,3d2946f7-f64d-448c-a612-35f65d931f8a,2026-08-24T16:31:01.6462739Z,,2026-06-18T08:30:00Z,False,,,,2,,"Flex Fortnightly, Hot Desk Monthly, Hot Desk Monthly, Flex Fortnightly",,Bethany Johnston,2026-06-18T16:00:00,e40ad69b-c264-46d9-91d8-e8d14d36f801,Olena+e2@nexudus.com,2026-08-24T16:31:01.6462739Z
1446309766,1421022733,MAIN_E2 (PARENT Location),191,Glen Hawkins,1423750051,076702e6-ad73-4351-b9f4-f95f2fea6d96,2026-08-24T16:31:02.5603861Z,,2026-06-18T07:00:00Z,False,,,,3,,"Flex Weekly, Dedicated Desk Monthly, Flex Weekly, Dedicated Desk Monthly",,Glen Hawkins,2026-06-18T12:30:00Z,8bb53fc3-ebe6-4bd6-8764-f20a6a303401,Olena+e2@nexudus.com,2026-08-24T16:31:02.5603861Z
1446309469,1421022733,MAIN_E2 (PARENT Location),192,Josephine Hammond,1423749946,a49a6317-c06e-4798-92ba-1e9002425cad,2026-08-24T16:31:03.5112827Z,,2026-08-13T09:00:00Z,False,,,,2,,Dedicated Desk Monthly,,Josephine Hammond,2026-08-13T17:15:00,ece8a5ff-9b0a-4d7c-a5d7-d1c5fe15cdfa,Olena+e2@nexudus.com,2026-08-24T16:31:03.5112827Z
1446309470,1421022733,MAIN_E2 (PARENT Location),193,Sian Cox,1423747908,8ac410cc-04a7-4bfd-a64a-9425768d9a1b,2026-08-24T16:31:26.196996Z,,2026-07-25T07:45:00Z,False,,,,2,,"Hot Desk Quarterly, Hot Desk Quarterly",CloudNine Labs,Sian Cox,2026-07-25T13:45:00Z,e509d77a-57a4-4b93-a1c7-459221302194,Olena+e2@nexudus.com,2026-08-24T16:31:26.196996Z
1446309471,1421022733,MAIN_E2 (PARENT Location),194,Paula Harvey,1423750037,bdd998d9-96fc-435d-a166-8d825f0aab82,2026-08-24T16:31:27.9483631Z,,2026-04-01T08:00:00Z,False,,,,1,,"Flex Fortnightly, Flex Fortnightly",Echo Digital,Paula Harvey,2026-04-01T12:30:00,15c00232-34a1-4200-82eb-2ad633d9cb51,Olena+e2@nexudus.com,2026-08-24T16:31:27.9483631Z
1446309767,1421022733,MAIN_E2 (PARENT Location),195,Diane Newman,1423747608,6254ae0e-3c39-44f2-82f3-0ed18c12c075,2026-08-24T16:31:29.4342119Z,,2026-03-16T07:15:00Z,False,,,,3,,"Dedicated Desk Monthly, Hot Desk Quarterly, Dedicated Desk Monthly, Hot Desk Quarterly",Delta Ventures,Diane Newman,2026-03-16T14:30:00,b49c9a20-debd-454b-babb-722a8954097f,Olena+e2@nexudus.com,2026-08-24T16:31:29.4342119Z
1446309768,1421022733,MAIN_E2 (PARENT Location),196,Danny Hale,1423750054,581b7a10-432f-486f-8486-f78c6bb82d0b,2026-08-24T16:31:30.3418223Z,,2026-07-31T10:45:00Z,False,,,,3,,"Flex Fortnightly, Hot Desk Monthly, Flex Fortnightly",,Danny Hale,2026-07-31T20:15:00,bdff6107-4fba-4623-9a5d-76d462eb8d4d,Olena+e2@nexudus.com,2026-08-24T16:31:30.3418223Z
1446309769,1421022733,MAIN_E2 (PARENT Location),197,Jeremy Mellor,1423749942,f74c13c9-eced-479f-8bbf-9c623ebe05a5,2026-08-24T16:31:31.5816486Z,,2026-04-29T07:00:00Z,False,,,,2,,"Dedicated Desk Monthly, Hot Desk Monthly, Dedicated Desk Monthly",Bright Studio,Jeremy Mellor,2026-04-29T12:00:00Z,a5b4dcdd-7d77-433b-bc5d-9260ba776fb4,Olena+e2@nexudus.com,2026-08-24T16:31:31.5816486Z
1446309770,1421022733,MAIN_E2 (PARENT Location),198,Jay Rees,1423750040,d04dbb1b-e503-4f55-987c-751e829f4d17,2026-08-24T16:31:32.7705221Z,,2026-07-13T08:45:00Z,False,,,,1,,"Private Office Large, Dedicated Desk Monthly, Private Office Large",Echo Digital,Jay Rees,2026-07-13T16:15:00Z,a81a84ef-a809-48a9-b2f3-22c1eda6acbb,Olena+e2@nexudus.com,2026-08-24T16:31:32.7705221Z
1446309771,1421022733,MAIN_E2 (PARENT Location),199,Heather Ryan,1423749934,d4b5b33c-67d5-4d7d-becf-a915f4bd1998,2026-08-24T16:31:34.0044077Z,,2026-08-24T08:45:00Z,False,,,,1,,"Dedicated Desk Monthly, Dedicated Desk Monthly",Bright Studio,Heather Ryan,,e7a6f907-fd6b-4070-90b5-d998db8a177a,Olena+e2@nexudus.com,2026-08-24T16:31:34.0044077Z
1446309772,1421022733,MAIN_E2 (PARENT Location),200,Josephine Hammond,1423749946,82a54d27-f758-4217-9233-0fd2124540b9,2026-08-24T16:31:37.9291204Z,,2026-06-30T07:15:00Z,False,,,,1,,Dedicated Desk Monthly,,Josephine Hammond,2026-06-30T15:15:00,73d77278-a7c8-4b9d-b9e1-4201bcd568aa,Olena+e2@nexudus.com,2026-08-24T16:31:37.9291204Z
1446309773,1421022733,MAIN_E2 (PARENT Location),201,Colin Lloyd,1423747910,51cbbc0b-0c17-4d7e-9469-579459b5ff93,2026-08-24T16:31:41.8387379Z,,2026-04-30T10:15:00Z,False,,,,1,,"Flex Fortnightly, Flex Fortnightly",Delta Ventures,Colin Lloyd,2026-04-30T17:45:00,236f727a-b380-4ede-b94e-410f5a50266f,Olena+e2@nexudus.com,2026-08-24T16:31:41.8387379Z
1446309774,1421022733,MAIN_E2 (PARENT Location),202,Samantha Quinn,1423749935,afa921ae-09e0-4a52-a99f-0029a55ab864,2026-08-24T16:31:47.2675253Z,,2026-03-20T08:00:00Z,False,,,,2,,"Private Office Large, Private Office Large",Echo Digital,Samantha Quinn,2026-03-20T15:00:00Z,0090d79a-efe0-40be-8cb3-c3c776aeb3f3,Olena+e2@nexudus.com,2026-08-24T16:31:47.2675253Z
1446309472,1421022733,MAIN_E2 (PARENT Location),203,Jessica White,1423750044,2b5ad3c2-ee53-4e3a-9102-3cfaad52a054,2026-08-24T16:31:48.7636843Z,,2026-07-24T10:30:00Z,False,,,,2,,"Flex Weekly, Hot Desk Quarterly",Echo Digital,Jessica White,2026-07-24T16:45:00,f7b82b3d-5bdc-4996-a0cc-a93083a7d759,Olena+e2@nexudus.com,2026-08-24T16:31:48.7636843Z
1446309775,1421022733,MAIN_E2 (PARENT Location),204,Diane Newman,1423747608,3b62d83b-d6c7-414d-a9b9-0f7d60d14470,2026-08-24T16:31:49.6065895Z,,2026-04-14T10:00:00Z,False,,,,3,,"Dedicated Desk Monthly, Hot Desk Quarterly, Dedicated Desk Monthly, Hot Desk Quarterly",Delta Ventures,Diane Newman,2026-04-14T19:30:00Z,894930c3-4fd3-46fa-9d25-fba6211036fa,Olena+e2@nexudus.com,2026-08-24T16:31:49.6065895Z
1446309473,1421022733,MAIN_E2 (PARENT Location),205,Jeremy Mellor,1423749942,66ee9df3-7ed2-40d6-892d-8d6db95ceda3,2026-08-24T16:31:50.6888999Z,,2026-08-23T09:45:00Z,False,,,,3,,"Dedicated Desk Monthly, Hot Desk Monthly, Dedicated Desk Monthly",Bright Studio,Jeremy Mellor,2026-08-23T15:30:00,846dce09-10c7-4bcb-8366-f877b2e3dd7e,Olena+e2@nexudus.com,2026-08-24T16:31:50.6888999Z
1446309474,1421022733,MAIN_E2 (PARENT Location),206,Gemma Elliott,1423749940,ec37da49-0a83-47ba-8a93-1d28fcba1833,2026-08-24T16:31:51.9239936Z,,2026-04-17T10:00:00Z,False,,,,1,,"Hot Desk Monthly, Hot Desk Monthly",Bright Studio,Gemma Elliott,2026-04-17T12:00:00,90e773fd-e4b6-4c0b-848b-80f66d8b32e4,Olena+e2@nexudus.com,2026-08-24T16:31:51.9239936Z
1446309475,1421022733,MAIN_E2 (PARENT Location),207,Lesley Humphries,1423749947,f8c757f7-7f34-4714-b524-d53dbedd269a,2026-08-24T16:31:55.6577795Z,,2026-06-26T07:00:00Z,False,,,,2,,Hot Desk Monthly,,Lesley Humphries,2026-06-26T09:15:00,9564016a-1d61-471a-b0cb-754bdf6ea745,Olena+e2@nexudus.com,2026-08-24T16:31:55.6577795Z
1446309776,1421022733,MAIN_E2 (PARENT Location),208,Ashley Smith,1423747607,25706a36-0250-44d7-b0a3-6ba40e0758ae,2026-08-24T16:31:56.9439689Z,,2026-05-30T08:45:00Z,False,,,,3,,"Private Office Small, Flex Fortnightly, Private Office Small, Flex Fortnightly",Acme Corp,Ashley Smith,2026-05-30T18:00:00,1eb1e167-74e1-416a-b92e-eded3cfe2249,Olena+e2@nexudus.com,2026-08-24T16:31:56.9439689Z
1446309476,1421022733,MAIN_E2 (PARENT Location),209,Megan Taylor,1423750043,51912d5e-ba2e-4788-8542-30e904dd18c2,2026-08-24T16:31:58.0654038Z,,2026-04-30T10:00:00Z,False,,,,2,,"Dedicated Desk Monthly, Dedicated Desk Monthly, Dedicated Desk Monthly",CloudNine Labs,Megan Taylor,2026-04-30T14:45:00,c57cc7ba-2552-4c36-981c-154653d37cf0,Olena+e2@nexudus.com,2026-08-24T16:31:58.0654038Z
1446309777,1421022733,MAIN_E2 (PARENT Location),210,Rachael Byrne,1423750053,f52648b3-0ae1-4068-8eb3-24c70e78a789,2026-08-24T16:31:58.9619921Z,,2026-08-21T10:45:00Z,False,,,,2,,"Flex Fortnightly, Private Office Large, Flex Fortnightly",,Rachael Byrne,2026-08-21T15:00:00,6a0d98c9-d676-463b-8aab-cd8b8c8fec77,Olena+e2@nexudus.com,2026-08-24T16:31:58.9619921Z
1446309778,1421022733,MAIN_E2 (PARENT Location),211,Chelsea Powell,1423750056,c6189df8-1edf-4fa4-95e4-93f1137304fe,2026-08-24T16:31:59.8220211Z,,2026-08-16T07:45:00Z,False,,,,2,,"Hot Desk Quarterly, Hot Desk Monthly, Hot Desk Quarterly",,Chelsea Powell,2026-08-16T13:15:00Z,ef60e1c6-3c8d-45f4-b9f6-b050bbef5625,Olena+e2@nexudus.com,2026-08-24T16:31:59.8220211Z
1446309779,1421022733,MAIN_E2 (PARENT Location),212,Tracy Harrison,1423749937,7014da24-7936-4ab8-bc25-6ab2ba0a858a,2026-08-24T16:32:00.9633449Z,,2026-03-07T08:00:00Z,False,,,,1,,"Hot Desk Quarterly, Hot Desk Quarterly",Acme Corp,Tracy Harrison,2026-03-07T11:00:00,681170ca-fbbd-4e8c-bf53-91fe8d81c3fb,Olena+e2@nexudus.com,2026-08-24T16:32:00.9633449Z
1446309780,1421022733,MAIN_E2 (PARENT Location),213,Chelsea Powell,1423750056,c6189df8-1edf-4fa4-95e4-93f1137304fe,2026-08-24T16:32:01.9015676Z,,2026-08-16T07:00:00Z,False,,,,3,,"Hot Desk Quarterly, Hot Desk Monthly, Hot Desk Quarterly",,Chelsea Powell,2026-08-16T16:30:00,cc8c45bd-4a5f-43ef-a203-e0905935aea4,Olena+e2@nexudus.com,2026-08-24T16:32:01.9015676Z
1446309781,1421022733,MAIN_E2 (PARENT Location),214,Sian Cox,1423747908,dbc01c8f-fb81-4163-a05f-d1041790807f,2026-08-24T16:32:02.7921659Z,,2026-06-24T09:30:00Z,False,,,,3,,"Hot Desk Quarterly, Hot Desk Quarterly",CloudNine Labs,Sian Cox,2026-06-24T14:15:00,ea0b89e7-4eb6-4a77-8974-917cfd7b6dde,Olena+e2@nexudus.com,2026-08-24T16:32:02.7921659Z
1446309782,1421022733,MAIN_E2 (PARENT Location),215,Chelsea Powell,1423750056,16345a65-51b5-48d8-95f7-03e488de1146,2026-08-24T16:32:03.5896878Z,,2026-05-24T10:45:00Z,False,,,,3,,"Hot Desk Quarterly, Hot Desk Monthly, Hot Desk Quarterly",,Chelsea Powell,2026-05-24T18:45:00Z,444cbf8a-cc07-46aa-bf10-190b451a542c,Olena+e2@nexudus.com,2026-08-24T16:32:03.5896878Z
1446309784,1421022733,MAIN_E2 (PARENT Location),216,Jessica White,1423750044,6d756bfd-cfd6-480d-8371-08153f060359,2026-08-24T16:32:07.4069022Z,,2026-08-01T10:30:00Z,False,,,,1,,"Flex Weekly, Hot Desk Quarterly",Echo Digital,Jessica White,2026-08-01T14:00:00,ec6a8350-1a39-48da-bd94-539791e23158,Olena+e2@nexudus.com,2026-08-24T16:32:07.4069022Z
1446309785,1421022733,MAIN_E2 (PARENT Location),217,Wayne Davidson,1423750055,d18cf8bb-b806-40e2-9980-9c49cd12c271,2026-08-24T16:32:08.5122537Z,,2026-07-03T10:30:00Z,False,,,,3,,"Private Office Large, Hot Desk Monthly, Private Office Large",,Wayne Davidson,2026-07-03T16:00:00,9b08e8fa-85bc-40b4-9b4d-14a6dc49b786,Olena+e2@nexudus.com,2026-08-24T16:32:08.5122537Z
1446309478,1421022733,MAIN_E2 (PARENT Location),218,Danny Hale,1423750054,bb0ecfd1-8ae8-49b0-ad6a-0912d033a642,2026-08-24T16:32:27.0336332Z,,2026-06-29T08:30:00Z,False,,,,1,,"Flex Fortnightly, Hot Desk Monthly, Flex Fortnightly",,Danny Hale,2026-06-29T15:30:00Z,b4c1944d-1924-4c56-a6e7-f20b93b143d0,Olena+e2@nexudus.com,2026-08-24T16:32:27.0336332Z
1446309479,1421022733,MAIN_E2 (PARENT Location),219,Robin Andrews,1423747913,1372a386-c9f6-4e76-9aea-b907ea0c4798,2026-08-24T16:32:28.2679905Z,,2026-07-01T07:15:00Z,False,,,,2,,"Flex Fortnightly, Flex Fortnightly",Acme Corp,Robin Andrews,2026-07-01T17:15:00,6a3c3822-ffb3-48a1-9566-27db8b650e66,Olena+e2@nexudus.com,2026-08-24T16:32:28.2679905Z
1446309786,1421022733,MAIN_E2 (PARENT Location),220,Dylan Young,1423749941,5e53e011-62f5-4612-88e5-7ace5c2063c3,2026-08-24T16:32:29.2412234Z,,2026-08-04T07:00:00Z,False,,,,2,,"Hot Desk Monthly, Hot Desk Monthly",CloudNine Labs,Dylan Young,2026-08-04T14:00:00Z,e734d366-0dce-42d8-a281-0b3ea9b30556,Olena+e2@nexudus.com,2026-08-24T16:32:29.2412234Z
1446309787,1421022733,MAIN_E2 (PARENT Location),221,Rhys Davies,1423749944,96ff6f43-357a-4086-839d-ed9dbf6a5536,2026-08-24T16:32:33.6461387Z,,2026-04-22T09:30:00Z,False,,,,2,,Flex Fortnightly,Echo Digital,Rhys Davies,2026-04-22T19:00:00Z,0b386d3c-8355-4419-b222-3a8068b03610,Olena+e2@nexudus.com,2026-08-24T16:32:33.6461387Z
1446309480,1421022733,MAIN_E2 (PARENT Location),222,Colin Lloyd,1423747910,1d78f520-075a-4a8d-b6cb-6f33490e9007,2026-08-24T16:32:38.1824424Z,,2026-07-26T07:30:00Z,False,,,,2,,"Flex Fortnightly, Flex Fortnightly",Delta Ventures,Colin Lloyd,2026-07-26T10:00:00,18067fc7-7eb9-4a0f-a006-bb40439911b0,Olena+e2@nexudus.com,2026-08-24T16:32:38.1824424Z
1446309481,1421022733,MAIN_E2 (PARENT Location),223,Megan Taylor,1423750043,a3cef1a1-3b5d-4d81-9b2f-9be0ee75d12e,2026-08-24T16:32:39.4026388Z,,2026-08-10T10:30:00Z,False,,,,2,,"Dedicated Desk Monthly, Dedicated Desk Monthly, Dedicated Desk Monthly",CloudNine Labs,Megan Taylor,2026-08-10T15:00:00Z,18e9230f-c4b5-4bca-aed9-73b7f1c4a860,Olena+e2@nexudus.com,2026-08-24T16:32:39.4026388Z
1446309788,1421022733,MAIN_E2 (PARENT Location),224,Sian Cox,1423747908,e82fd18a-0045-45ca-a5f0-78bed4ad2303,2026-08-24T16:32:44.3097235Z,,2026-04-04T07:00:00Z,False,,,,2,,"Hot Desk Quarterly, Hot Desk Quarterly",CloudNine Labs,Sian Cox,2026-04-04T13:00:00,ebb92762-7809-4eff-bf0e-1783fc5e3ab7,Olena+e2@nexudus.com,2026-08-24T16:32:44.3097235Z
1446309789,1421022733,MAIN_E2 (PARENT Location),225,Tracy Harrison,1423749937,ff0a5c8e-0fdb-4083-b3ba-ee5bd87e2fb2,2026-08-24T16:32:45.51347Z,,2026-05-26T10:45:00Z,False,,,,2,,"Hot Desk Quarterly, Hot Desk Quarterly",Acme Corp,Tracy Harrison,2026-05-26T13:15:00,e1187472-7a40-4f51-a945-6bd7531a4fca,Olena+e2@nexudus.com,2026-08-24T16:32:45.51347Z
1446309790,1421022733,MAIN_E2 (PARENT Location),226,Bruce Cross,1423749945,22021ac9-c6e7-4315-98a8-e35c67218352,2026-08-24T16:32:46.3422395Z,,2026-06-17T09:45:00Z,False,,,,2,,Hot Desk Quarterly,,Bruce Cross,2026-06-17T11:45:00Z,6c8b5ae3-a19b-4e9b-90c0-2f060a745eb5,Olena+e2@nexudus.com,2026-08-24T16:32:46.3422395Z
1446309482,1421022733,MAIN_E2 (PARENT Location),227,Danny Hale,1423750054,56c54d97-e680-4011-bd91-1b94fbb5b31c,2026-08-24T16:32:47.2670204Z,,2026-05-17T08:45:00Z,False,,,,2,,"Flex Fortnightly, Hot Desk Monthly, Flex Fortnightly",,Danny Hale,2026-05-17T14:45:00Z,a0413354-54ea-4381-a167-c0a51e6f1471,Olena+e2@nexudus.com,2026-08-24T16:32:47.2670204Z
1446309791,1421022733,MAIN_E2 (PARENT Location),228,Leigh Butler,1423750036,a407b64a-c3f0-4e13-8188-9c7fadc7c79b,2026-08-24T16:32:48.2022752Z,,2026-06-26T07:15:00Z,False,,,,2,,"Dedicated Desk Monthly, Dedicated Desk Monthly",Delta Ventures,Leigh Butler,2026-06-26T15:15:00,a46719c0-a062-4bcc-9e13-98e28d2a8239,Olena+e2@nexudus.com,2026-08-24T16:32:48.2022752Z
1446309792,1421022733,MAIN_E2 (PARENT Location),229,Colin Lloyd,1423747910,20d92883-1682-4f56-87db-406ac19bc2dd,2026-08-24T16:32:51.8774472Z,,2026-05-23T10:00:00Z,False,,,,2,,"Flex Fortnightly, Flex Fortnightly",Delta Ventures,Colin Lloyd,2026-05-23T19:00:00,e6c68755-3a4b-4bfb-8c60-70482cf3f721,Olena+e2@nexudus.com,2026-08-24T16:32:51.8774472Z
1446309483,1421022733,MAIN_E2 (PARENT Location),230,Gemma Elliott,1423749940,4dc71531-58ab-4ea6-99b4-74019c9e1c6d,2026-08-24T16:32:53.2370595Z,,2026-07-26T07:15:00Z,False,,,,3,,"Hot Desk Monthly, Hot Desk Monthly",Bright Studio,Gemma Elliott,2026-07-26T15:00:00,05d0d527-a20b-4ed9-9239-98e600439fd1,Olena+e2@nexudus.com,2026-08-24T16:32:53.2370595Z
1446309793,1421022733,MAIN_E2 (PARENT Location),231,Robin Andrews,1423747913,30d1307d-bd15-4c03-8a4f-07620035ea6d,2026-08-24T16:32:54.4195816Z,,2026-03-23T09:45:00Z,False,,,,2,,"Flex Fortnightly, Flex Fortnightly",Acme Corp,Robin Andrews,2026-03-23T13:15:00,af77d2fd-f9b9-4e60-b4c9-76cca4607c06,Olena+e2@nexudus.com,2026-08-24T16:32:54.4195816Z
1446309794,1421022733,MAIN_E2 (PARENT Location),232,Colin Lloyd,1423747910,e546702c-46eb-4fc4-9bfa-78e3442f64a2,2026-08-24T16:32:58.3773486Z,,2026-05-14T10:15:00Z,False,,,,1,,"Flex Fortnightly, Flex Fortnightly",Delta Ventures,Colin Lloyd,2026-05-14T15:30:00,ceccba79-29b8-407c-b384-fe95c3285f4e,Olena+e2@nexudus.com,2026-08-24T16:32:58.3773486Z
1446309795,1421022733,MAIN_E2 (PARENT Location),233,Sian Cox,1423747908,430047d6-ea54-45e3-88b7-e4d3ea364919,2026-08-24T16:33:02.4106165Z,,2026-08-10T08:45:00Z,False,,,,2,,"Hot Desk Quarterly, Hot Desk Quarterly",CloudNine Labs,Sian Cox,2026-08-10T14:15:00,003b9d99-9cf3-4c5e-b9bb-d5361227714a,Olena+e2@nexudus.com,2026-08-24T16:33:02.4106165Z
1446309796,1421022733,MAIN_E2 (PARENT Location),234,Danny Hale,1423750054,fbb9764b-2611-4f28-bf4e-e5014cd5a7f2,2026-08-24T16:33:03.6144441Z,,2026-03-11T10:30:00Z,False,,,,3,,"Flex Fortnightly, Hot Desk Monthly, Flex Fortnightly",,Danny Hale,2026-03-11T20:15:00,a0b458c4-11f3-474e-90ab-44f9d858eca3,Olena+e2@nexudus.com,2026-08-24T16:33:03.6144441Z
1446309484,1421022733,MAIN_E2 (PARENT Location),235,Dylan Young,1423749941,79edb50d-8409-4489-8c62-466db797fa8a,2026-08-24T16:33:04.4278917Z,,2026-05-08T08:45:00Z,False,,,,3,,"Hot Desk Monthly, Hot Desk Monthly",CloudNine Labs,Dylan Young,2026-05-08T11:45:00,e76f0f6f-c4f8-4916-866a-125ebd9ed034,Olena+e2@nexudus.com,2026-08-24T16:33:04.4278917Z
1446309485,1421022733,MAIN_E2 (PARENT Location),236,Danny Hale,1423750054,7a8f3ae7-cf15-4782-88df-d86547d6324a,2026-08-24T16:33:05.3391608Z,,2026-08-16T09:45:00Z,False,,,,2,,"Flex Fortnightly, Hot Desk Monthly, Flex Fortnightly",,Danny Hale,2026-08-16T14:45:00Z,8627ef9d-cbcf-4256-86cc-c87a53db8ee9,Olena+e2@nexudus.com,2026-08-24T16:33:05.3391608Z
1446309486,1421022733,MAIN_E2 (PARENT Location),237,Jessica White,1423750044,417e6494-9bc8-4993-997f-c6db88405054,2026-08-24T16:33:09.5599478Z,,2026-06-26T09:15:00Z,False,,,,3,,"Flex Weekly, Hot Desk Quarterly",Echo Digital,Jessica White,2026-06-26T13:15:00,fe2f28f4-3ef7-4568-940c-24abbec21eda,Olena+e2@nexudus.com,2026-08-24T16:33:09.5599478Z
1446309487,1421022733,MAIN_E2 (PARENT Location),238,Rhys Davies,1423749944,f1104aca-8f15-476b-95fd-933d6741805b,2026-08-24T16:33:14.0334171Z,,2026-05-31T07:00:00Z,False,,,,1,,Flex Fortnightly,Echo Digital,Rhys Davies,2026-05-31T17:00:00Z,862ee304-d135-41cd-8102-c662812a62bb,Olena+e2@nexudus.com,2026-08-24T16:33:14.0334171Z
1446309488,1421022733,MAIN_E2 (PARENT Location),239,Colin Lloyd,1423747910,3b4d5248-3900-4bc4-9169-95cb427b54c1,2026-08-24T16:33:27.8232371Z,,2026-03-09T08:15:00Z,False,,,,2,,"Flex Fortnightly, Flex Fortnightly",Delta Ventures,Colin Lloyd,2026-03-09T18:15:00,bbe8c37f-571b-4c9e-96d0-9f1accada0f8,Olena+e2@nexudus.com,2026-08-24T16:33:27.8232371Z
1446309489,1421022733,MAIN_E2 (PARENT Location),240,Chelsea Powell,1423750056,50774798-b6df-48fc-8524-e997acc37e3c,2026-08-24T16:33:28.7932777Z,,2026-03-07T08:15:00Z,False,,,,1,,"Hot Desk Quarterly, Hot Desk Monthly, Hot Desk Quarterly",,Chelsea Powell,2026-03-07T15:00:00,217d9e4d-a571-4312-9e99-8a833d24014a,Olena+e2@nexudus.com,2026-08-24T16:33:28.7932777Z
1446309798,1421022733,MAIN_E2 (PARENT Location),241,Gemma Elliott,1423749940,f44a489c-4e77-409e-a4b4-ea642b6bfb44,2026-08-24T16:33:29.9047833Z,,2026-05-05T08:45:00Z,False,,,,2,,"Hot Desk Monthly, Hot Desk Monthly",Bright Studio,Gemma Elliott,2026-05-05T12:15:00Z,d389e71f-f013-43e1-9f41-6662a27a8d39,Olena+e2@nexudus.com,2026-08-24T16:33:29.9047833Z
1446309900,1421022733,MAIN_E2 (PARENT Location),242,Megan Taylor,1423750043,6e0a2f0e-d0ac-4fe3-8644-928bef4119d1,2026-08-24T16:33:30.9530464Z,,2026-05-10T07:30:00Z,False,,,,3,,"Dedicated Desk Monthly, Dedicated Desk Monthly, Dedicated Desk Monthly",CloudNine Labs,Megan Taylor,2026-05-10T12:15:00,7e6c304c-445e-4b16-8198-edf5665be478,Olena+e2@nexudus.com,2026-08-24T16:33:30.9530464Z
1446309490,1421022733,MAIN_E2 (PARENT Location),243,Lesley Humphries,1423749947,54f004f7-03e3-449f-8a95-539c11d3b7c8,2026-08-24T16:33:34.7334Z,,2026-06-09T08:45:00Z,False,,,,1,,Hot Desk Monthly,,Lesley Humphries,2026-06-09T12:15:00,e32e0d8f-d0cc-4b64-be7f-e8b8125896d5,Olena+e2@nexudus.com,2026-08-24T16:33:34.7334Z
1446309901,1421022733,MAIN_E2 (PARENT Location),244,Ashley Smith,1423747607,24df0f9c-946f-41c0-afe5-3799a435c158,2026-08-24T16:33:35.9704714Z,,2026-04-28T07:00:00Z,False,,,,3,,"Private Office Small, Flex Fortnightly, Private Office Small, Flex Fortnightly",Acme Corp,Ashley Smith,2026-04-28T12:45:00,af13b584-bb57-4eea-91e7-3f47bb47bc0a,Olena+e2@nexudus.com,2026-08-24T16:33:35.9704714Z
1446309491,1421022733,MAIN_E2 (PARENT Location),245,Irene Wilson,1423750041,e8c2b3cd-47f7-4b40-a1c3-709be6288370,2026-08-24T16:33:37.2823079Z,,2026-03-04T07:00:00Z,False,,,,1,,"Private Office Annual, Hot Desk Monthly, Private Office Annual",Bright Studio,Irene Wilson,2026-03-04T12:00:00,761def6d-1386-4238-88b0-281453f1a247,Olena+e2@nexudus.com,2026-08-24T16:33:37.2823079Z
1446309902,1421022733,MAIN_E2 (PARENT Location),246,Rachael Byrne,1423750053,5e21c3fc-c774-405e-809a-716c8f79846d,2026-08-24T16:33:38.2843991Z,,2026-05-03T10:15:00Z,False,,,,2,,"Flex Fortnightly, Private Office Large, Flex Fortnightly",,Rachael Byrne,2026-05-03T13:15:00,c15ddf77-7ffd-4e22-8918-8391eb1e0991,Olena+e2@nexudus.com,2026-08-24T16:33:38.2843991Z
1446309492,1421022733,MAIN_E2 (PARENT Location),247,Paula Harvey,1423750037,519f2474-9524-45f2-87e9-7ffd902bd6ba,2026-08-24T16:33:42.910611Z,,2026-05-29T08:00:00Z,False,,,,2,,"Flex Fortnightly, Flex Fortnightly",Echo Digital,Paula Harvey,2026-05-29T15:15:00,ba6282cc-616b-47b9-bf9f-906ef2f85103,Olena+e2@nexudus.com,2026-08-24T16:33:42.910611Z
1446309493,1421022733,MAIN_E2 (PARENT Location),248,Tracy Harrison,1423749937,adc96804-ed35-4676-9df8-48b0259badc8,2026-08-24T16:33:44.1620004Z,,2026-06-28T10:45:00Z,False,,,,1,,"Hot Desk Quarterly, Hot Desk Quarterly",Acme Corp,Tracy Harrison,2026-06-28T14:00:00,ce849c84-b3b7-4cff-b8bd-ed05a461ee93,Olena+e2@nexudus.com,2026-08-24T16:33:44.1620004Z
1446309903,1421022733,MAIN_E2 (PARENT Location),249,Victor Harrison,1423747911,0f2fd3cd-044d-4a9d-819c-5e2c57964ef2,2026-08-24T16:33:45.7827569Z,,2026-03-12T10:00:00Z,False,,,,2,,"Dedicated Desk Monthly, Dedicated Desk Monthly",Acme Corp,Victor Harrison,2026-03-12T15:00:00,0d7c80b3-bdaa-4b8c-9fb8-77ed0a86c4ed,Olena+e2@nexudus.com,2026-08-24T16:33:45.7827569Z
1446309904,1421022733,MAIN_E2 (PARENT Location),250,Heather Ryan,1423749934,6f53a5a9-4e2b-4365-9be6-8802c26c4735,2026-08-24T16:33:46.964836Z,,2026-07-29T09:15:00Z,False,,,,2,,"Dedicated Desk Monthly, Dedicated Desk Monthly",Bright Studio,Heather Ryan,2026-07-29T14:30:00,9666286f-955a-4338-87b8-03451e3e8270,Olena+e2@nexudus.com,2026-08-24T16:33:46.964836Z
1446309494,1421022733,MAIN_E2 (PARENT Location),251,Sarah Reed,1423749936,5f9778dc-e18b-4f86-bbfe-0f89be24dace,2026-08-24T16:33:48.0226722Z,,2026-07-09T08:45:00Z,False,,,,1,,"Dedicated Desk Monthly, Dedicated Desk Monthly",Echo Digital,Sarah Reed,2026-07-09T11:00:00,8b453294-0376-4fa3-9786-1b2b994f2c13,Olena+e2@nexudus.com,2026-08-24T16:33:48.0226722Z
1446309495,1421022733,MAIN_E2 (PARENT Location),252,Heather Ryan,1423749934,09b16baf-bed0-4470-9ca7-e776300064a7,2026-08-24T16:33:49.0708149Z,,2026-03-17T10:45:00Z,False,,,,2,,"Dedicated Desk Monthly, Dedicated Desk Monthly",Bright Studio,Heather Ryan,2026-03-17T14:45:00,7a380f19-5ef1-4eca-944d-b4fb75433117,Olena+e2@nexudus.com,2026-08-24T16:33:49.0708149Z
1446310001,1421022733,MAIN_E2 (PARENT Location),253,Sarah Reed,1423749936,8a875775-65cb-431d-b7a2-820de30035ec,2026-08-24T16:33:49.9777666Z,,2026-04-08T07:30:00Z,False,,,,1,,"Dedicated Desk Monthly, Dedicated Desk Monthly",Echo Digital,Sarah Reed,2026-04-08T17:00:00Z,3d282915-bc57-4404-83d0-08bb28ae7a14,Olena+e2@nexudus.com,2026-08-24T16:33:49.9777666Z
1446309905,1421022733,MAIN_E2 (PARENT Location),254,Gemma Ferguson,1423750038,ff7e46b8-beb4-411b-8f8f-94c943e8cb33,2026-08-24T16:33:51.2319479Z,,2026-05-04T08:30:00Z,False,,,,2,,"Flex Weekly, Flex Weekly",Bright Studio,Gemma Ferguson,2026-05-04T16:00:00Z,8faa6d84-d58d-4698-a647-d862fe247dd3,Olena+e2@nexudus.com,2026-08-24T16:33:51.2319479Z
1446310002,1421022733,MAIN_E2 (PARENT Location),255,Chelsea Powell,1423750056,13493f39-177d-4b19-9368-3c40b45525fb,2026-08-24T16:33:52.1510205Z,,2026-04-19T08:45:00Z,False,,,,3,,"Hot Desk Quarterly, Hot Desk Monthly, Hot Desk Quarterly",,Chelsea Powell,2026-04-19T14:45:00,76f19828-0ef1-48ce-9965-017485a509d0,Olena+e2@nexudus.com,2026-08-24T16:33:52.1510205Z
1446310003,1421022733,MAIN_E2 (PARENT Location),256,Jessica White,1423750044,445218de-93ff-4b49-a617-c13d70ac1bd3,2026-08-24T16:33:56.462817Z,,2026-03-02T08:30:00Z,False,,,,1,,"Flex Weekly, Hot Desk Quarterly",Echo Digital,Jessica White,2026-03-02T13:30:00Z,95dbd310-db6c-4056-bb03-dbc954dbe0bb,Olena+e2@nexudus.com,2026-08-24T16:33:56.462817Z
1446310004,1421022733,MAIN_E2 (PARENT Location),257,Sarah Reed,1423749936,98d774fe-1543-4ed5-95d7-5ab698f04130,2026-08-24T16:33:57.5572107Z,,2026-06-11T07:00:00Z,False,,,,1,,"Dedicated Desk Monthly, Dedicated Desk Monthly",Echo Digital,Sarah Reed,2026-06-11T10:30:00Z,e49d44e7-1082-4c40-af57-79d3f3be6ffd,Olena+e2@nexudus.com,2026-08-24T16:33:57.5572107Z
1446309906,1421022733,MAIN_E2 (PARENT Location),258,Samantha Quinn,1423749935,cda05b85-a299-4d71-9cdc-eb884baa7b13,2026-08-24T16:34:01.764458Z,,2026-02-27T07:30:00Z,False,,,,3,,"Private Office Large, Private Office Large",Echo Digital,Samantha Quinn,2026-02-27T10:30:00,f3fa8d90-8669-4191-bfc4-56dc0a5e5632,Olena+e2@nexudus.com,2026-08-24T16:34:01.764458Z
1446310005,1421022733,MAIN_E2 (PARENT Location),259,Chelsea Powell,1423750056,aa16b18d-4824-4e9b-aaea-a934fa31b516,2026-08-24T16:34:02.8985839Z,,2026-07-01T08:45:00Z,False,,,,2,,"Hot Desk Quarterly, Hot Desk Monthly, Hot Desk Quarterly",,Chelsea Powell,2026-07-01T10:45:00,500dcd29-9b39-4f6f-b9ab-76220ca7b96e,Olena+e2@nexudus.com,2026-08-24T16:34:02.8985839Z
1446309907,1421022733,MAIN_E2 (PARENT Location),260,Diane Newman,1423747608,717e2585-a6da-4fc3-929f-3933c78ffd07,2026-08-24T16:34:03.8276902Z,,2026-04-24T07:30:00Z,False,,,,2,,"Dedicated Desk Monthly, Hot Desk Quarterly, Dedicated Desk Monthly, Hot Desk Quarterly",Delta Ventures,Diane Newman,2026-04-24T13:00:00Z,7174076a-7b50-4e78-b73c-ca443ce6e046,Olena+e2@nexudus.com,2026-08-24T16:34:03.8276902Z
1446309908,1421022733,MAIN_E2 (PARENT Location),261,Francesca White,1423747912,b0cf62ed-e7d8-43c5-b3e9-aa41e7511f54,2026-08-24T16:34:04.7971532Z,,2026-04-26T09:45:00Z,False,,,,2,,"Private Office Small, Private Office Small",Delta Ventures,Francesca White,2026-04-26T19:15:00Z,0c87cb86-49e5-455e-a0ef-1eb199d59d27,Olena+e2@nexudus.com,2026-08-24T16:34:04.7971532Z
1446310006,1421022733,MAIN_E2 (PARENT Location),262,Teresa Hopkins,1423747609,dfd8e35d-0041-4599-b7ad-3ba5a3432d33,2026-08-24T16:34:05.9394769Z,,2026-08-08T09:30:00Z,False,,,,3,,"Hot Desk Quarterly, Hot Desk Quarterly",Acme Corp,Teresa Hopkins,2026-08-08T11:30:00,5e180ff9-6df9-41b0-ab94-f3e3a4d76c94,Olena+e2@nexudus.com,2026-08-24T16:34:05.9394769Z
1446309909,1421022733,MAIN_E2 (PARENT Location),263,Sian Cox,1423747908,d865bfa9-0c69-4b0c-88e4-467fd161cb5d,2026-08-24T16:34:09.9561667Z,,2026-06-19T08:00:00Z,False,,,,1,,"Hot Desk Quarterly, Hot Desk Quarterly",CloudNine Labs,Sian Cox,2026-06-19T14:45:00,774297cd-a8d7-4fa3-83e8-cdc6af7e2f2f,Olena+e2@nexudus.com,2026-08-24T16:34:09.9561667Z
1446309910,1421022733,MAIN_E2 (PARENT Location),264,Leigh Butler,1423750036,259b1e35-69da-413e-a651-a5c746318f38,2026-08-24T16:34:28.558265Z,,2026-03-03T10:00:00Z,False,,,,1,,"Dedicated Desk Monthly, Dedicated Desk Monthly",Delta Ventures,Leigh Butler,2026-03-03T13:00:00,c9d4056b-6bba-4ab2-b069-836109807913,Olena+e2@nexudus.com,2026-08-24T16:34:28.558265Z
1446310007,1421022733,MAIN_E2 (PARENT Location),265,Jessica White,1423750044,f56a59a9-49bf-4c0e-ae45-b0019f4525d5,2026-08-24T16:34:32.1960368Z,,2026-06-15T10:15:00Z,False,,,,2,,"Flex Weekly, Hot Desk Quarterly",Echo Digital,Jessica White,2026-06-15T20:15:00Z,a1329f69-99c7-4c4f-86c9-b407de4e1cf8,Olena+e2@nexudus.com,2026-08-24T16:34:32.1960368Z
1446309911,1421022733,MAIN_E2 (PARENT Location),266,Samantha Quinn,1423749935,51b0930f-13cd-4b7a-8dea-be88669fd3d0,2026-08-24T16:34:37.842217Z,,2026-04-28T07:45:00Z,False,,,,1,,"Private Office Large, Private Office Large",Echo Digital,Samantha Quinn,2026-04-28T13:30:00,0eafded7-d731-42dc-a34f-0e4a1dc0230b,Olena+e2@nexudus.com,2026-08-24T16:34:37.842217Z
1446310008,1421022733,MAIN_E2 (PARENT Location),267,Heather Ryan,1423749934,aa8dd10a-06f8-478a-8d7d-1dc44e40b459,2026-08-24T16:34:39.1170965Z,,2026-05-18T09:00:00Z,False,,,,1,,"Dedicated Desk Monthly, Dedicated Desk Monthly",Bright Studio,Heather Ryan,2026-05-18T12:00:00,52b70ede-16d7-44a9-aa35-948e7a2433cf,Olena+e2@nexudus.com,2026-08-24T16:34:39.1170965Z
1446309912,1421022733,MAIN_E2 (PARENT Location),268,Victor Harrison,1423747911,d34018ef-a9f6-4ffd-8a88-28a9aa1f3cbe,2026-08-24T16:34:40.3520105Z,,2026-08-24T07:45:00Z,False,,,,3,,"Dedicated Desk Monthly, Dedicated Desk Monthly",Acme Corp,Victor Harrison,,7f45f699-0118-4ccd-8c11-f8724b058284,Olena+e2@nexudus.com,2026-08-24T16:34:40.3520105Z
1446310009,1421022733,MAIN_E2 (PARENT Location),269,Sarah Reed,1423749936,ce412b17-b4e5-4410-a89b-10d14fbd42db,2026-08-24T16:34:41.4002857Z,,2026-08-10T10:45:00Z,False,,,,2,,"Dedicated Desk Monthly, Dedicated Desk Monthly",Echo Digital,Sarah Reed,2026-08-10T16:45:00Z,ef7c1ffd-91e3-4691-a65d-f18df9386953,Olena+e2@nexudus.com,2026-08-24T16:34:41.4002857Z
1446309913,1421022733,MAIN_E2 (PARENT Location),270,Francesca White,1423747912,b93b3f9e-b6d8-468f-8855-94f9c94feb16,2026-08-24T16:34:42.4002892Z,,2026-08-18T07:00:00Z,False,,,,1,,"Private Office Small, Private Office Small",Delta Ventures,Francesca White,2026-08-18T11:30:00Z,1afb700d-30ec-429c-9af9-d1fc2cdbd17d,Olena+e2@nexudus.com,2026-08-24T16:34:42.4002892Z
1446310010,1421022733,MAIN_E2 (PARENT Location),271,Gemma Elliott,1423749940,e99086b8-1e6f-4944-9505-e3623637e724,2026-08-24T16:34:43.6359499Z,,2026-08-05T10:00:00Z,False,,,,2,,"Hot Desk Monthly, Hot Desk Monthly",Bright Studio,Gemma Elliott,2026-08-05T18:00:00,286f604f-5a98-4311-9f92-5aa16d2d4ad9,Olena+e2@nexudus.com,2026-08-24T16:34:43.6359499Z
1446309914,1421022733,MAIN_E2 (PARENT Location),272,Danny Hale,1423750054,3f758552-72f3-4888-8cd5-16df99980967,2026-08-24T16:34:50.9095861Z,,2026-03-02T09:45:00Z,False,,,,1,,"Flex Fortnightly, Hot Desk Monthly, Flex Fortnightly",,Danny Hale,2026-03-02T12:00:00,f3e51478-a59d-49a7-8808-bbd63c1449e8,Olena+e2@nexudus.com,2026-08-24T16:34:50.9095861Z
1446309915,1421022733,MAIN_E2 (PARENT Location),273,Sarah Reed,1423749936,5c27854e-830c-4396-9087-4ef7cce82f13,2026-08-24T16:34:52.3953347Z,,2026-07-13T08:15:00Z,False,,,,2,,"Dedicated Desk Monthly, Dedicated Desk Monthly",Echo Digital,Sarah Reed,2026-07-13T18:00:00,2274a311-735a-41f1-85ad-4a41324fe23d,Olena+e2@nexudus.com,2026-08-24T16:34:52.3953347Z
1446310011,1421022733,MAIN_E2 (PARENT Location),274,Sarah Reed,1423749936,56e79658-bd59-4450-b0e1-712ea56e3257,2026-08-24T16:34:53.3705865Z,,2026-05-29T10:00:00Z,False,,,,1,,"Dedicated Desk Monthly, Dedicated Desk Monthly",Echo Digital,Sarah Reed,2026-05-29T16:15:00,4e26dffb-5b0a-477b-8da4-a2b8801fd7ce,Olena+e2@nexudus.com,2026-08-24T16:34:53.3705865Z
1446309916,1421022733,MAIN_E2 (PARENT Location),275,Jeremy Mellor,1423749942,6f53a5a9-4e2b-4365-9be6-8802c26c4735,2026-08-24T16:34:54.4678701Z,,2026-07-29T09:30:00Z,False,,,,3,,"Dedicated Desk Monthly, Hot Desk Monthly, Dedicated Desk Monthly",Bright Studio,Jeremy Mellor,2026-07-29T19:00:00,f39fe88b-d73a-43e6-a5a8-23134f0b5940,Olena+e2@nexudus.com,2026-08-24T16:34:54.4678701Z
1446310012,1421022733,MAIN_E2 (PARENT Location),276,Jessica White,1423750044,357d11be-9158-426f-8e25-f8ca63375e79,2026-08-24T16:34:58.3107789Z,,2026-03-25T10:00:00Z,False,,,,2,,"Flex Weekly, Hot Desk Quarterly",Echo Digital,Jessica White,2026-03-25T18:30:00Z,25546801-0538-4318-a1e3-b17a8ff11fa4,Olena+e2@nexudus.com,2026-08-24T16:34:58.3107789Z
1446309918,1421022733,MAIN_E2 (PARENT Location),277,Diane Newman,1423747608,6c8646fa-7610-485f-8329-6dc8b1feed31,2026-08-24T16:34:59.39232Z,,2026-03-22T07:45:00Z,False,,,,2,,"Dedicated Desk Monthly, Hot Desk Quarterly, Dedicated Desk Monthly, Hot Desk Quarterly",Delta Ventures,Diane Newman,2026-03-22T13:45:00Z,f19892c4-5b6f-4abf-a04a-2cc7dea112f4,Olena+e2@nexudus.com,2026-08-24T16:34:59.39232Z
1446310013,1421022733,MAIN_E2 (PARENT Location),278,Leanne Foster,1423747610,1c7666e4-4500-4f84-a346-36a770255c4f,2026-08-24T16:35:00.4839225Z,,2026-04-08T07:15:00Z,False,,,,2,,"Hot Desk Monthly, Hot Desk Monthly",Acme Corp,Leanne Foster,2026-04-08T16:30:00,24923133-bbad-4d58-89f2-1db5144e4e1c,Olena+e2@nexudus.com,2026-08-24T16:35:00.4839225Z
1446310014,1421022733,MAIN_E2 (PARENT Location),279,Ashley Smith,1423747607,71845603-3eee-4ee8-833b-985cd8ebd071,2026-08-24T16:35:01.4852979Z,,2026-06-16T10:00:00Z,False,,,,3,,"Private Office Small, Flex Fortnightly, Private Office Small, Flex Fortnightly",Acme Corp,Ashley Smith,2026-06-16T18:00:00,486ce097-ce7b-47ed-a34d-7564d825edd2,Olena+e2@nexudus.com,2026-08-24T16:35:01.4852979Z
1446309919,1421022733,MAIN_E2 (PARENT Location),280,Leanne Foster,1423747610,4ef12e12-cee9-42db-a18e-7f930d67e564,2026-08-24T16:35:02.5350482Z,,2026-08-24T08:30:00Z,False,,,,1,,"Hot Desk Monthly, Hot Desk Monthly",Acme Corp,Leanne Foster,,a7eebd44-677c-46ac-9045-c32421f98392,Olena+e2@nexudus.com,2026-08-24T16:35:02.5350482Z
1446309920,1421022733,MAIN_E2 (PARENT Location),281,Jacob Robinson,1423750042,8b58ff74-a43a-439f-8880-eef3d7784225,2026-08-24T16:35:04.1295862Z,,2026-03-28T07:15:00Z,False,,,,2,,"Private Office Annual, Hot Desk Quarterly, Private Office Annual",Delta Ventures,Jacob Robinson,2026-03-28T15:45:00,4ef3a373-f212-498a-84b5-11dda50bc88e,Olena+e2@nexudus.com,2026-08-24T16:35:04.1295862Z
1446310015,1421022733,MAIN_E2 (PARENT Location),282,Leigh Butler,1423750036,20610285-7cbf-47a5-8c80-17348179e2e3,2026-08-24T16:35:05.0025307Z,,2026-03-31T10:15:00Z,False,,,,2,,"Dedicated Desk Monthly, Dedicated Desk Monthly",Delta Ventures,Leigh Butler,2026-03-31T17:30:00,ed18e8dc-cf48-43d4-87d0-97ab6c8d9626,Olena+e2@nexudus.com,2026-08-24T16:35:05.0025307Z
1446309921,1421022733,MAIN_E2 (PARENT Location),283,Rhys Davies,1423749944,57d2109d-4ba5-49be-af9c-5c8249285922,2026-08-24T16:35:09.0043042Z,,2026-05-12T10:15:00Z,False,,,,3,,Flex Fortnightly,Echo Digital,Rhys Davies,2026-05-12T15:30:00,74ddf003-4154-462e-93e3-1019908306ed,Olena+e2@nexudus.com,2026-08-24T16:35:09.0043042Z
1446310016,1421022733,MAIN_E2 (PARENT Location),284,Danny Hale,1423750054,7910fcb5-d873-41d3-b1a6-550e81de76cd,2026-08-24T16:35:12.9867569Z,,2026-08-14T09:00:00Z,False,,,,1,,"Flex Fortnightly, Hot Desk Monthly, Flex Fortnightly",,Danny Hale,2026-08-14T14:15:00,1cc1ad2e-5b17-42e7-8951-a0e308c2efd6,Olena+e2@nexudus.com,2026-08-24T16:35:12.9867569Z
1446309922,1421022733,MAIN_E2 (PARENT Location),285,Rhys Davies,1423749944,5bc4964b-2bce-4816-a3ec-f8ac6f1e77a9,2026-08-24T16:35:17.0750246Z,,2026-03-15T09:30:00Z,False,,,,2,,Flex Fortnightly,Echo Digital,Rhys Davies,2026-03-15T18:00:00,f79269f8-a7fd-419b-8907-e501ab15c490,Olena+e2@nexudus.com,2026-08-24T16:35:17.0750246Z
1446309923,1421022733,MAIN_E2 (PARENT Location),286,Danny Hale,1423750054,cc1f7ae3-d8da-4e9f-8ce1-7857d342b750,2026-08-24T16:35:29.5363927Z,,2026-03-19T07:45:00Z,False,,,,2,,"Flex Fortnightly, Hot Desk Monthly, Flex Fortnightly",,Danny Hale,2026-03-19T13:45:00Z,71f382d9-4af6-46a2-8580-ba68e7351410,Olena+e2@nexudus.com,2026-08-24T16:35:29.5363927Z
1446310017,1421022733,MAIN_E2 (PARENT Location),287,Jay Rees,1423750040,1f2d004e-2d63-4baf-84bf-d8d1d49548ad,2026-08-24T16:35:30.6706609Z,,2026-04-06T09:00:00Z,False,,,,3,,"Private Office Large, Dedicated Desk Monthly, Private Office Large",Echo Digital,Jay Rees,2026-04-06T15:00:00,970ed9ef-1dc1-4c04-8d12-17c15692c25a,Olena+e2@nexudus.com,2026-08-24T16:35:30.6706609Z
1446310018,1421022733,MAIN_E2 (PARENT Location),288,Chelsea Powell,1423750056,12f52998-ead1-41e6-87a2-cdc36090acf5,2026-08-24T16:35:31.5620545Z,,2026-04-16T09:15:00Z,False,,,,2,,"Hot Desk Quarterly, Hot Desk Monthly, Hot Desk Quarterly",,Chelsea Powell,2026-04-16T17:30:00,ee721ceb-eb50-4804-9806-dc71435fd582,Olena+e2@nexudus.com,2026-08-24T16:35:31.5620545Z
1446309924,1421022733,MAIN_E2 (PARENT Location),289,Colin Lloyd,1423747910,5d1c46c6-a5be-43fc-8ffa-11dd6fa55d43,2026-08-24T16:35:35.0720863Z,,2026-05-19T08:15:00Z,False,,,,1,,"Flex Fortnightly, Flex Fortnightly",Delta Ventures,Colin Lloyd,2026-05-19T13:30:00,7e6d62b2-6327-48a3-9fb1-3f8659c82bf0,Olena+e2@nexudus.com,2026-08-24T16:35:35.0720863Z
1446310019,1421022733,MAIN_E2 (PARENT Location),290,Janice Glover,1423749939,9d50cf36-7075-418c-be6c-629dfcaa9841,2026-08-24T16:35:36.252341Z,,2026-04-28T07:45:00Z,False,,,,2,,"Dedicated Desk Monthly, Dedicated Desk Monthly",Echo Digital,Janice Glover,2026-04-28T11:45:00,0157ae44-8a1a-443c-8248-215999def607,Olena+e2@nexudus.com,2026-08-24T16:35:36.252341Z
1446310020,1421022733,MAIN_E2 (PARENT Location),291,Josephine Hammond,1423749946,a075ad4f-6adc-4742-a6cc-1fc9d8eab48b,2026-08-24T16:35:39.8644013Z,,2026-02-25T10:30:00Z,False,,,,3,,Dedicated Desk Monthly,,Josephine Hammond,2026-02-25T18:15:00,04eac42d-99bc-4956-808f-c68139139603,Olena+e2@nexudus.com,2026-08-24T16:35:39.8644013Z
1446309926,1421022733,MAIN_E2 (PARENT Location),292,Jeremy Mellor,1423749942,117cb118-1c9b-4071-91a7-0b9e2970a0b8,2026-08-24T16:35:41.1537263Z,,2026-07-02T10:00:00Z,False,,,,1,,"Dedicated Desk Monthly, Hot Desk Monthly, Dedicated Desk Monthly",Bright Studio,Jeremy Mellor,2026-07-02T12:45:00,43bc8c05-51c2-457f-8b05-c60d841a52dc,Olena+e2@nexudus.com,2026-08-24T16:35:41.1537263Z
1446309927,1421022733,MAIN_E2 (PARENT Location),293,Robin Andrews,1423747913,d595bb3d-a569-4098-9f42-8ba8a31aeac9,2026-08-24T16:35:42.388813Z,,2026-03-16T07:00:00Z,False,,,,3,,"Flex Fortnightly, Flex Fortnightly",Acme Corp,Robin Andrews,2026-03-16T12:45:00,8b2c7c81-7208-41ae-b762-1d8831b18a28,Olena+e2@nexudus.com,2026-08-24T16:35:42.388813Z
1446309928,1421022733,MAIN_E2 (PARENT Location),294,Colin Lloyd,1423747910,4b39442e-57dc-4019-b837-ad0e5aaee1ab,2026-08-24T16:35:47.3156216Z,,2026-03-21T09:45:00Z,False,,,,2,,"Flex Fortnightly, Flex Fortnightly",Delta Ventures,Colin Lloyd,2026-03-21T18:00:00,99c44073-911d-4b70-9e7d-e840e998673c,Olena+e2@nexudus.com,2026-08-24T16:35:47.3156216Z
1446310021,1421022733,MAIN_E2 (PARENT Location),295,Ashley Smith,1423747607,9e7976c5-7cd3-4673-b901-7ab398598f0b,2026-08-24T16:35:49.1898224Z,,2026-06-23T10:15:00Z,False,,,,2,,"Private Office Small, Flex Fortnightly, Private Office Small, Flex Fortnightly",Acme Corp,Ashley Smith,2026-06-23T13:00:00,c6bbe559-04df-401c-a7e1-3ab1bd0240ed,Olena+e2@nexudus.com,2026-08-24T16:35:49.1898224Z
1446309929,1421022733,MAIN_E2 (PARENT Location),296,Jeremy Mellor,1423749942,6f6af72c-b220-49e7-96f4-2bda08e64455,2026-08-24T16:35:50.3801043Z,,2026-04-14T09:30:00Z,False,,,,1,,"Dedicated Desk Monthly, Hot Desk Monthly, Dedicated Desk Monthly",Bright Studio,Jeremy Mellor,2026-04-14T19:30:00Z,fee1edac-b83a-422b-849d-0f55f8c59509,Olena+e2@nexudus.com,2026-08-24T16:35:50.3801043Z
1446310022,1421022733,MAIN_E2 (PARENT Location),297,Danny Hale,1423750054,0eff4685-8850-42e9-9aca-15cba97a3c5e,2026-08-24T16:35:54.4142474Z,,2026-06-02T07:45:00Z,False,,,,1,,"Flex Fortnightly, Hot Desk Monthly, Flex Fortnightly",,Danny Hale,2026-06-02T13:00:00,7fe65df2-4888-4b4b-b884-b52a94c8db20,Olena+e2@nexudus.com,2026-08-24T16:35:54.4142474Z
1446309930,1421022733,MAIN_E2 (PARENT Location),298,Colin Lloyd,1423747910,9235a571-9503-44e9-9e12-94de5fbc2040,2026-08-24T16:35:58.3031403Z,,2026-07-15T10:00:00Z,False,,,,1,,"Flex Fortnightly, Flex Fortnightly",Delta Ventures,Colin Lloyd,2026-07-15T18:30:00,9d1fc9c2-b6da-4135-890b-6b8bd5a84cd5,Olena+e2@nexudus.com,2026-08-24T16:35:58.3031403Z
1446309931,1421022733,MAIN_E2 (PARENT Location),299,Glen Hawkins,1423750051,ed197532-45c2-47f2-b974-949e3097704e,2026-08-24T16:35:59.4450725Z,,2026-04-09T10:00:00Z,False,,,,2,,"Flex Weekly, Dedicated Desk Monthly, Flex Weekly, Dedicated Desk Monthly",,Glen Hawkins,2026-04-09T13:15:00,2e60c4cc-02eb-4cb2-b7d4-ca5d3c19fd47,Olena+e2@nexudus.com,2026-08-24T16:35:59.4450725Z
1446309932,1421022733,MAIN_E2 (PARENT Location),300,Colin Lloyd,1423747910,96f7df5a-88ed-4399-bd02-387efd957c8d,2026-08-24T16:36:05.2802542Z,,2026-04-26T07:00:00Z,False,,,,1,,"Flex Fortnightly, Flex Fortnightly",Delta Ventures,Colin Lloyd,2026-04-26T10:30:00,20eee397-5ba4-426f-8742-a5501575271c,Olena+e2@nexudus.com,2026-08-24T16:36:05.2802542Z
