Id,BookingUniqueId,CancelledCoworkerInvoiceLineUniqueId,ContractDepositUniqueId,CoworkerChargeUniqueId,CoworkerContractUniqueId,CoworkerDiscountCodeUniqueId,CoworkerExtraServiceName,CoworkerExtraServiceUniqueId,CoworkerInvoiceCreditNote,CoworkerInvoiceCurrencyCode,CoworkerInvoiceDueDate,CoworkerInvoiceId,CoworkerInvoiceInvoiceNumber,CoworkerInvoicePaid,CoworkerInvoicePaidOn,CoworkerProductName,CoworkerProductUniqueId,CoworkerTimePassName,CoworkerTimePassUniqueId,CreatedOn,CreditAmount,CustomFields,Description,DiscountAmount,DiscountCode,DisplayAs,EventAttendeeProductName,EventAttendeeUniqueId,ExtraServiceUniqueId,FinancialAccountCode,FinancialAccountName,GroupedLineUniqueId,IsHidden,IsNew,IsProratedContract,IsUniversalCredit,IssuedByUniqueId,LocalizationDetails,Position,PurchaseOrder,Quantity,Refunded,RefundedAmount,RefundedOn,SaleDate,SubTotal,SystemId,TariffName,TaxAmount,TaxCategoryName,TaxRate,ToStringText,UniqueId,UnitPrice,UpdatedBy,UpdatedOn
1457716391,,,,,2ea47e1e-3154-4e0a-89fd-6878233ad8fa,,,,False,EUR,2026-02-17T19:55:16Z,1429950619,INV-0016,True,2026-05-21T20:40:53Z,,,,,2026-02-14T19:55:16Z,0.0,,Private Office Small,,,,,,,MEM-001,Membership Revenue,,False,False,False,False,e04f71a2-c16f-4b29-ab48-6e5869c3476e,,0,,1,True,1200.0,2026-08-25T20:40:52Z,2024-07-31T23:00:00Z,1200.0,,Private Office Small,0.0,[No Tax],0.0,Private Office Small,4ff62d52-bd18-4007-826a-42a1a86295a5,1200.0,Olena+e2@nexudus.com,2026-08-25T20:41:09Z
1457716392,,,,,,,,,False,EUR,2026-02-17T19:55:16Z,1429950619,INV-0016,True,2026-05-21T20:40:53Z,,,,,2026-02-14T19:55:16Z,0.0,,New Member Orientation: General Admission (Francesca White),,,,General Admission,1d442973-0ebd-4773-80ec-5f138b3cd7ff,,EVT-001,Event Revenue,,False,False,False,False,e04f71a2-c16f-4b29-ab48-6e5869c3476e,,1,,1,True,10.0,2026-08-25T20:40:52Z,2026-07-23T12:00:00Z,10.0,,,0.0,[No Tax],0.0,New Member Orientation: General Admission (Francesca White),b09c2c65-44c0-4eb7-ada4-a10fec0446f0,10.0,Olena+e2@nexudus.com,2026-08-25T20:41:09Z
1457716393,,,,,,,,,False,EUR,2026-02-17T19:55:16Z,1429950619,INV-0016,True,2026-05-21T20:40:53Z,,,Evening Pass,9eee1d9c-b282-40c7-ac72-8dc33c5dfed6,2026-02-14T19:55:16Z,0.0,,Evening Pass [25/08/2026],,,,,,,,,,False,False,False,False,e04f71a2-c16f-4b29-ab48-6e5869c3476e,,2,,1,True,10.0,2026-08-25T20:40:52Z,2026-08-25T19:49:05Z,10.0,,,0.0,[No Tax],0.0,Evening Pass [25/08/2026],fed16b28-89b8-4514-849d-b2d33e66cc8c,10.0,Olena+e2@nexudus.com,2026-08-25T20:41:09Z
1457716394,,,,,,,,,False,EUR,2026-02-17T19:55:16Z,1429950619,INV-0016,True,2026-05-21T20:40:53Z,Storage Locker,df02a229-a01d-422b-9d30-0bb1059b1afa,,,2026-02-14T19:55:16Z,0.0,,Storage Locker,,,,,,,PRD-001,Product Sales,,False,False,False,False,e04f71a2-c16f-4b29-ab48-6e5869c3476e,,3,,1,True,30.0,2026-08-25T20:40:52Z,2026-08-25T19:49:08Z,30.0,,,0.0,[No Tax],0.0,Storage Locker,f37d57c7-75d2-4a79-8162-68c9b216875a,30.0,Olena+e2@nexudus.com,2026-08-25T20:41:09Z
1457716395,,,,,c2034b47-1027-4fec-b92a-064d48bdd135,,,,False,EUR,2025-06-06T19:55:19Z,1429950620,INV-0017,True,2026-01-13T20:40:54Z,,,,,2025-06-03T19:55:19Z,0.0,,Private Office Large,,,,,,,MEM-001,Membership Revenue,,False,False,False,False,e04f71a2-c16f-4b29-ab48-6e5869c3476e,,0,,1,True,2000.0,2026-08-25T20:40:53Z,2023-11-15T23:00:00Z,2000.0,,Private Office Large,0.0,[No Tax],0.0,Private Office Large,2ea37cce-66c5-4467-af67-3a63d1b4a775,2000.0,Olena+e2@nexudus.com,2026-08-25T20:41:09Z
1457716396,,,,,,,,,False,EUR,2025-06-06T19:55:19Z,1429950620,INV-0017,True,2026-01-13T20:40:54Z,,,,,2025-06-03T19:55:19Z,0.0,,Wellness Wednesday: Meditation: General Admission (Kerry White),,,,General Admission,cfe151b1-cc00-491f-94b9-be30475bd175,,EVT-001,Event Revenue,,False,False,False,False,e04f71a2-c16f-4b29-ab48-6e5869c3476e,,1,,1,True,0.0,2026-08-25T20:40:53Z,2026-04-03T09:00:00Z,0.0,,,0.0,[No Tax],0.0,Wellness Wednesday: Meditation: General Admission (Kerry White),8de49404-5639-4007-aa24-2c4edd674bdb,0.0,Olena+e2@nexudus.com,2026-08-25T20:41:09Z
1457716397,,,,,,,,,False,EUR,2025-06-06T19:55:19Z,1429950620,INV-0017,True,2026-01-13T20:40:54Z,,,Evening Pass,a41c5ef9-fc48-49be-be38-c260303dace5,2025-06-03T19:55:19Z,0.0,,Evening Pass [25/08/2026],,,,,,,,,,False,False,False,False,e04f71a2-c16f-4b29-ab48-6e5869c3476e,,2,,1,True,10.0,2026-08-25T20:40:53Z,2026-08-25T19:49:01Z,10.0,,,0.0,[No Tax],0.0,Evening Pass [25/08/2026],9268c995-c383-443a-a8a7-45c3252f99bf,10.0,Olena+e2@nexudus.com,2026-08-25T20:41:09Z
1457716398,,,,,d8fcb41e-c8fa-433d-908b-60666b7f302a,,,,False,EUR,2025-05-07T19:55:23Z,1429950621,INV-0018,True,2025-12-29T20:40:54Z,,,,,2025-05-04T19:55:23Z,0.0,,Dedicated Desk Monthly,,,,,,,MEM-001,Membership Revenue,,False,False,False,False,e04f71a2-c16f-4b29-ab48-6e5869c3476e,,0,,1,True,350.0,2026-08-25T20:40:54Z,2025-02-08T22:00:00Z,350.0,,Dedicated Desk Monthly,0.0,[No Tax],0.0,Dedicated Desk Monthly,7a1d9062-7baf-4ec4-a8e1-a4f13fcd6055,350.0,Olena+e2@nexudus.com,2026-08-25T20:41:10Z
1457716399,,,,,d8fcb41e-c8fa-433d-908b-60666b7f302a,,,,False,EUR,2025-05-07T19:55:23Z,1429950621,INV-0018,True,2025-12-29T20:40:54Z,Storage Locker,ee861103-3e23-4a87-93f1-8d35e73b620a,,,2025-05-04T19:55:23Z,0.0,,Storage Locker,,,,,,,PRD-001,Product Sales,,False,False,False,False,e04f71a2-c16f-4b29-ab48-6e5869c3476e,,1,,1,True,30.0,2026-08-25T20:40:54Z,2026-06-02T00:00:00Z,30.0,,,0.0,[No Tax],0.0,Storage Locker,a7086957-b352-4ed3-9ed3-b53865c8a488,30.0,Olena+e2@nexudus.com,2026-08-25T20:41:10Z
1457716400,ac8a72cf-d12c-4932-bf5f-e86491b83fbc,,,,,,,,False,EUR,2025-05-07T19:55:23Z,1429950621,INV-0018,True,2025-12-29T20:40:54Z,AV Equipment,1c381f05-c8e3-47fe-82df-b54be8124227,,,2025-05-04T19:55:23Z,0.0,,- AV Equipment,,,,,,,PRD-001,Product Sales,,False,False,False,False,e04f71a2-c16f-4b29-ab48-6e5869c3476e,,2,,1,True,25.0,2026-08-25T20:40:54Z,2026-04-30T14:00:00Z,25.0,,,0.0,[No Tax],0.0,- AV Equipment,1c4e294f-4fa3-419d-8858-ecc0467bd344,25.0,Olena+e2@nexudus.com,2026-08-25T20:41:10Z
1457716401,,,,,,,,,False,EUR,2025-05-07T19:55:23Z,1429950621,INV-0018,True,2025-12-29T20:40:54Z,,,,,2025-05-04T19:55:23Z,0.0,,Summer BBQ: General Admission (Leigh Butler),,,,General Admission,acdcc33e-908a-412d-a071-26a4234103b7,,EVT-001,Event Revenue,,False,False,False,False,e04f71a2-c16f-4b29-ab48-6e5869c3476e,,3,,1,True,0.0,2026-08-25T20:40:54Z,2026-07-18T12:00:00Z,0.0,,,0.0,[No Tax],0.0,Summer BBQ: General Admission (Leigh Butler),34d8ee2b-b2e6-41b7-80b8-e252a48f043b,0.0,Olena+e2@nexudus.com,2026-08-25T20:41:10Z
1457716402,,,,,,,,,False,EUR,2025-05-07T19:55:23Z,1429950621,INV-0018,True,2025-12-29T20:40:54Z,,,,,2025-05-04T19:55:23Z,0.0,,New Member Orientation: General Admission (Leigh Butler),,,,General Admission,8166254f-64c7-4f87-b066-bec6afc34f45,,EVT-001,Event Revenue,,False,False,False,False,e04f71a2-c16f-4b29-ab48-6e5869c3476e,,4,,1,True,10.0,2026-08-25T20:40:54Z,2026-07-23T12:00:00Z,10.0,,,0.0,[No Tax],0.0,New Member Orientation: General Admission (Leigh Butler),c7afd232-b3b3-4071-aeaf-f92a99628412,10.0,Olena+e2@nexudus.com,2026-08-25T20:41:10Z
1457716403,,,,,,,,,False,EUR,2025-05-07T19:55:23Z,1429950621,INV-0018,True,2025-12-29T20:40:54Z,,,Half Day Pass,e0244841-3137-4935-aeab-637c8047b7dc,2025-05-04T19:55:23Z,0.0,,Half Day Pass [25/08/2026],,,,,,,,,,False,False,False,False,e04f71a2-c16f-4b29-ab48-6e5869c3476e,,5,,1,True,15.0,2026-08-25T20:40:54Z,2026-08-25T19:49:06Z,15.0,,,0.0,[No Tax],0.0,Half Day Pass [25/08/2026],a339bdfc-06bf-42d3-a52c-0fd922277a33,15.0,Olena+e2@nexudus.com,2026-08-25T20:41:10Z
1457716404,,,,,23fa1f46-b5ce-4acd-9a0f-b4473d61fae1,,,,False,EUR,2023-10-27T19:55:26Z,1429950622,INV-0019,True,2025-03-25T20:40:55Z,,,,,2023-10-24T19:55:26Z,0.0,,Hot Desk Quarterly,,,,,,,MEM-001,Membership Revenue,,False,False,False,False,e04f71a2-c16f-4b29-ab48-6e5869c3476e,,0,,1,True,400.0,2026-08-25T20:40:55Z,2023-09-15T22:00:00Z,400.0,,Hot Desk Quarterly,0.0,[No Tax],0.0,Hot Desk Quarterly,891b1a2c-bde7-403c-aa50-2b3def586c06,400.0,Olena+e2@nexudus.com,2026-08-25T20:41:10Z
1457716405,,,,,23fa1f46-b5ce-4acd-9a0f-b4473d61fae1,,,,False,EUR,2023-10-27T19:55:26Z,1429950622,INV-0019,True,2025-03-25T20:40:55Z,Parking Space,06ee99cb-eade-4158-8872-63a01b6745d5,,,2023-10-24T19:55:26Z,0.0,,Parking Space,,,,,,,PRD-001,Product Sales,,False,False,False,False,e04f71a2-c16f-4b29-ab48-6e5869c3476e,,1,,1,True,75.0,2026-08-25T20:40:55Z,2026-07-18T00:00:00Z,75.0,,,0.0,[No Tax],0.0,Parking Space,238f749c-146e-40ab-b996-dcf3787ed860,75.0,Olena+e2@nexudus.com,2026-08-25T20:41:10Z
1457716406,,,,,,,,,False,EUR,2023-10-27T19:55:26Z,1429950622,INV-0019,True,2025-03-25T20:40:55Z,,,Day Pass,13827b07-7f76-44b2-a890-dc297f35e840,2023-10-24T19:55:26Z,0.0,,Day Pass [25/08/2026],,,,,,,,,,False,False,False,False,e04f71a2-c16f-4b29-ab48-6e5869c3476e,,2,,1,True,25.0,2026-08-25T20:40:55Z,2026-08-25T19:48:08Z,25.0,,,0.0,[No Tax],0.0,Day Pass [25/08/2026],e256a7a3-61ec-4ccc-9815-f2765bde8b49,25.0,Olena+e2@nexudus.com,2026-08-25T20:41:10Z
1457716407,,,,,58cae1f6-208f-465a-94fd-3dda8406c288,,,,False,EUR,2023-04-12T19:55:27Z,1429950623,INV-0020,True,2024-12-16T20:40:57Z,,,,,2023-04-09T19:55:28Z,0.0,,Hot Desk Monthly,,,,,,,MEM-001,Membership Revenue,,False,False,False,False,e04f71a2-c16f-4b29-ab48-6e5869c3476e,,0,,1,True,150.0,2026-08-25T20:40:56Z,2023-03-08T22:00:00Z,150.0,,Hot Desk Monthly,0.0,[No Tax],0.0,Hot Desk Monthly,1892db86-e44c-4673-acbf-6c91aff9748a,150.0,Olena+e2@nexudus.com,2026-08-25T20:41:11Z
1457716408,,,,,58cae1f6-208f-465a-94fd-3dda8406c288,,,,False,EUR,2023-04-12T19:55:27Z,1429950623,INV-0020,True,2024-12-16T20:40:57Z,Mail Handling,9e675528-6c59-437c-83b3-ee0db66cc7a1,,,2023-04-09T19:55:28Z,0.0,,Mail Handling,,,,,,,PRD-001,Product Sales,,False,False,False,False,e04f71a2-c16f-4b29-ab48-6e5869c3476e,,1,,1,True,20.0,2026-08-25T20:40:56Z,2026-07-25T00:00:00Z,20.0,,,0.0,[No Tax],0.0,Mail Handling,1ad16c1d-d03a-4f65-bbd0-ceb8e1c6b73d,20.0,Olena+e2@nexudus.com,2026-08-25T20:41:11Z
1457716409,,,,,,,,,False,EUR,2023-04-12T19:55:27Z,1429950623,INV-0020,True,2024-12-16T20:40:57Z,,,,,2023-04-09T19:55:28Z,0.0,,Yoga Wednesday: General Admission (Dylan Young),,,,General Admission,d35ceb69-f389-401b-a84e-228c5e821921,,EVT-001,Event Revenue,,False,False,False,False,e04f71a2-c16f-4b29-ab48-6e5869c3476e,,2,,1,True,15.0,2026-08-25T20:40:56Z,2026-07-17T12:00:00Z,15.0,,,0.0,[No Tax],0.0,Yoga Wednesday: General Admission (Dylan Young),e26fe173-28a4-4954-93b6-428a05f8983d,15.0,Olena+e2@nexudus.com,2026-08-25T20:41:11Z
1457716410,,,,,,,,,False,EUR,2023-04-12T19:55:27Z,1429950623,INV-0020,True,2024-12-16T20:40:57Z,,,Day Pass,dc70cc29-8363-460f-b439-e1c9929ffac1,2023-04-09T19:55:28Z,0.0,,Day Pass [25/08/2026],,,,,,,,,,False,False,False,False,e04f71a2-c16f-4b29-ab48-6e5869c3476e,,3,,1,True,25.0,2026-08-25T20:40:56Z,2026-08-25T19:49:06Z,25.0,,,0.0,[No Tax],0.0,Day Pass [25/08/2026],def8efae-5cee-462f-89a2-efb44040304e,25.0,Olena+e2@nexudus.com,2026-08-25T20:41:11Z
1457716411,,,,,,,,,False,EUR,2023-04-12T19:55:27Z,1429950623,INV-0020,True,2024-12-16T20:40:57Z,Mail Handling,4ab663b1-3fa2-4405-b136-1677ac55c53a,,,2023-04-09T19:55:28Z,0.0,,Mail Handling,,,,,,,PRD-001,Product Sales,,False,False,False,False,e04f71a2-c16f-4b29-ab48-6e5869c3476e,,4,,1,True,20.0,2026-08-25T20:40:56Z,2026-08-25T19:49:18Z,20.0,,,0.0,[No Tax],0.0,Mail Handling,22523d4d-f6d6-4667-b129-e0e6b3bcfc27,20.0,Olena+e2@nexudus.com,2026-08-25T20:41:11Z
1457716412,,,,,1080208f-20a1-40c8-8477-0548758ede29,,,,False,EUR,2023-07-05T19:55:32Z,1429950624,INV-0022,True,2023-07-02T19:59:17Z,,,,,2023-07-02T19:55:32Z,0.0,,Dedicated Desk Monthly,,,,,,,MEM-001,Membership Revenue,,False,False,False,False,e04f71a2-c16f-4b29-ab48-6e5869c3476e,,0,,1,False,,,2022-02-27T22:00:00Z,350.0,,Dedicated Desk Monthly,0.0,[No Tax],0.0,Dedicated Desk Monthly,5bdf4210-2e32-4ce7-b123-acb92d2c5f30,350.0,Olena+e2@nexudus.com,2026-08-25T20:41:12Z
1457716413,,,,,,,,,False,EUR,2023-07-05T19:55:32Z,1429950624,INV-0022,True,2023-07-02T19:59:17Z,,,,,2023-07-02T19:55:32Z,0.0,,Weekly Networking Lunch: General Admission (Megan Taylor),,,,General Admission,c45bcc1b-df4c-4840-ad7f-6f643ec1fa2a,,EVT-001,Event Revenue,,False,False,False,False,e04f71a2-c16f-4b29-ab48-6e5869c3476e,,1,,1,False,,,2026-07-10T17:00:00Z,10.0,,,0.0,[No Tax],0.0,Weekly Networking Lunch: General Admission (Megan Taylor),b93d51ac-e901-4002-96f5-8d226843eacf,10.0,Olena+e2@nexudus.com,2026-08-25T20:41:12Z
1457716414,,,,,,,,,False,EUR,2023-07-05T19:55:32Z,1429950624,INV-0022,True,2023-07-02T19:59:17Z,,,,,2023-07-02T19:55:32Z,0.0,,New Member Orientation: General Admission (Megan Taylor),,,,General Admission,ec3c0373-08ba-478f-8db0-cac94d1c2d83,,EVT-001,Event Revenue,,False,False,False,False,e04f71a2-c16f-4b29-ab48-6e5869c3476e,,2,,1,False,,,2026-07-23T12:00:00Z,10.0,,,0.0,[No Tax],0.0,New Member Orientation: General Admission (Megan Taylor),f8499477-1a77-4ce3-bf66-84bcad2f19d0,10.0,Olena+e2@nexudus.com,2026-08-25T20:41:12Z
1457716415,,,,,,,,,False,EUR,2023-07-05T19:55:32Z,1429950624,INV-0022,True,2023-07-02T19:59:17Z,,,Day Pass,ebb52327-597d-4a64-aade-fb7e31043627,2023-07-02T19:55:32Z,0.0,,Day Pass [25/08/2026],,,,,,,,,,False,False,False,False,e04f71a2-c16f-4b29-ab48-6e5869c3476e,,3,,1,False,,,2026-08-25T19:48:06Z,25.0,,,0.0,[No Tax],0.0,Day Pass [25/08/2026],af0f46c6-92a1-4550-bfdc-76dca343c7d2,25.0,Olena+e2@nexudus.com,2026-08-25T20:41:12Z
1457716416,,,,,,,,,False,EUR,2023-07-05T19:55:32Z,1429950624,INV-0022,True,2023-07-02T19:59:17Z,Storage Locker,98a2d6b0-9e04-4870-b531-1345a2cd6b12,,,2023-07-02T19:55:32Z,0.0,,Storage Locker,,,,,,,PRD-001,Product Sales,,False,False,False,False,e04f71a2-c16f-4b29-ab48-6e5869c3476e,,4,,1,False,,,2026-08-25T19:49:11Z,30.0,,,0.0,[No Tax],0.0,Storage Locker,aa50b8db-3cb6-4f68-8ac3-0eff6d19d503,30.0,Olena+e2@nexudus.com,2026-08-25T20:41:12Z
1457716417,,,,,,,,,False,EUR,2023-07-05T19:55:32Z,1429950624,INV-0022,True,2023-07-02T19:59:17Z,,,,,2023-07-02T19:55:32Z,0.0,,Q3 Town Hall: General Admission (Megan Taylor),,,,General Admission,5e2331db-c65b-4f8a-a38a-a86bf808c93a,,EVT-001,Event Revenue,,False,False,False,False,e04f71a2-c16f-4b29-ab48-6e5869c3476e,,5,,1,False,,,2026-11-21T12:00:00Z,0.0,,,0.0,[No Tax],0.0,Q3 Town Hall: General Admission (Megan Taylor),b42bf181-7d90-44ca-82fd-d172ba10a55c,0.0,Olena+e2@nexudus.com,2026-08-25T20:41:12Z
1457716418,,,,,,,,,False,EUR,2023-07-05T19:55:32Z,1429950624,INV-0022,True,2023-07-02T19:59:17Z,,,,,2023-07-02T19:55:32Z,0.0,,Book Club: General Admission (Megan Taylor),,,,General Admission,9f060dd7-b75a-4a1d-9988-e2056e8d817f,,EVT-001,Event Revenue,,False,False,False,False,e04f71a2-c16f-4b29-ab48-6e5869c3476e,,6,,1,False,,,2026-11-22T18:00:00Z,25.0,,,0.0,[No Tax],0.0,Book Club: General Admission (Megan Taylor),b15f2951-5ee7-4d52-b7ce-bf7dd766f4d7,25.0,Olena+e2@nexudus.com,2026-08-25T20:41:12Z
1457716419,,,,,,,,,False,EUR,2023-07-05T19:55:32Z,1429950624,INV-0022,True,2023-07-02T19:59:17Z,,,,,2023-07-02T19:55:32Z,0.0,,Demo Day: General Admission (Megan Taylor),,,,General Admission,7fb9a9a4-d23b-45e9-afa3-6c8cc616d33c,,EVT-001,Event Revenue,,False,False,False,False,e04f71a2-c16f-4b29-ab48-6e5869c3476e,,7,,1,False,,,2026-12-08T09:00:00Z,0.0,,,0.0,[No Tax],0.0,Demo Day: General Admission (Megan Taylor),1136a672-f250-4808-baf8-534f4e275901,0.0,Olena+e2@nexudus.com,2026-08-25T20:41:12Z
1457716420,,,,,,,,,False,EUR,2023-07-05T19:55:32Z,1429950624,INV-0022,True,2023-07-02T19:59:17Z,,,,,2023-07-02T19:55:32Z,0.0,,Holiday Party: General Admission (Megan Taylor),,,,General Admission,16de1f72-b3ec-4016-b19b-b69b32bf8394,,EVT-001,Event Revenue,,False,False,False,False,e04f71a2-c16f-4b29-ab48-6e5869c3476e,,8,,1,False,,,2026-12-11T18:00:00Z,25.0,,,0.0,[No Tax],0.0,Holiday Party: General Admission (Megan Taylor),19c5603e-e98b-439f-84e7-67507ffcde7b,25.0,Olena+e2@nexudus.com,2026-08-25T20:41:12Z
1457716421,,,,,27d40a66-cc2f-4b36-856b-8499859b7478,,,,False,EUR,2025-07-16T19:55:34Z,1429950625,INV-0023,True,2025-07-13T19:59:18Z,,,,,2025-07-13T19:55:34Z,0.0,,Dedicated Desk Monthly,,,,,,,MEM-001,Membership Revenue,,False,False,False,False,e04f71a2-c16f-4b29-ab48-6e5869c3476e,,0,,1,False,,,2024-03-19T22:00:00Z,350.0,,Dedicated Desk Monthly,0.0,[No Tax],0.0,Dedicated Desk Monthly,ea07249f-6c0d-417f-9cbf-0b819c507669,350.0,Olena+e2@nexudus.com,2026-08-25T20:41:13Z
1457716422,,,,,,,,,False,EUR,2025-07-16T19:55:34Z,1429950625,INV-0023,True,2025-07-13T19:59:18Z,,,,,2025-07-13T19:55:34Z,0.0,,Monthly All-Hands: General Admission (Jessica Dixon),,,,General Admission,d4981fc6-3a62-4055-a143-66ec5cf4b0fc,,EVT-001,Event Revenue,,False,False,False,False,e04f71a2-c16f-4b29-ab48-6e5869c3476e,,1,,1,False,,,2026-07-10T09:00:00Z,25.0,,,0.0,[No Tax],0.0,Monthly All-Hands: General Admission (Jessica Dixon),447fb650-ca8f-41b4-8bb0-e3d23451934a,25.0,Olena+e2@nexudus.com,2026-08-25T20:41:13Z
1457716423,,,,,,,,,False,EUR,2025-07-16T19:55:34Z,1429950625,INV-0023,True,2025-07-13T19:59:18Z,,,,,2025-07-13T19:55:34Z,0.0,,Demo Day: General Admission (Jessica Dixon),,,,General Admission,ea641c4d-5da9-49f7-baed-3215c14a4201,,EVT-001,Event Revenue,,False,False,False,False,e04f71a2-c16f-4b29-ab48-6e5869c3476e,,2,,1,False,,,2026-12-08T09:00:00Z,0.0,,,0.0,[No Tax],0.0,Demo Day: General Admission (Jessica Dixon),72f14d9c-5d89-40aa-8983-6e9285de95a2,0.0,Olena+e2@nexudus.com,2026-08-25T20:41:13Z
1457716424,,,,,c00a93a6-9bbb-4b8e-afa4-85f016600c9c,,,,False,EUR,2023-01-04T19:55:35Z,1429950626,INV-0024,True,2023-01-01T19:59:19Z,,,,,2023-01-01T19:55:36Z,0.0,,Hot Desk Monthly,,,,,,,MEM-001,Membership Revenue,,False,False,False,False,e04f71a2-c16f-4b29-ab48-6e5869c3476e,,0,,1,False,,,2021-08-13T22:00:00Z,150.0,,Hot Desk Monthly,0.0,[No Tax],0.0,Hot Desk Monthly,08973684-4044-43d6-8d2d-bf05ec1ab759,150.0,Olena+e2@nexudus.com,2026-08-25T20:41:14Z
1457716425,,,,,,,,,False,EUR,2023-01-04T19:55:35Z,1429950626,INV-0024,True,2023-01-01T19:59:19Z,,,Day Pass,ed0ebbd6-b78c-43c5-b707-7b6fbc3d618d,2023-01-01T19:55:36Z,0.0,,Day Pass [25/08/2026],,,,,,,,,,False,False,False,False,e04f71a2-c16f-4b29-ab48-6e5869c3476e,,1,,1,False,,,2026-08-25T19:48:56Z,25.0,,,0.0,[No Tax],0.0,Day Pass [25/08/2026],73b88ee4-c6dc-4ca6-bcd0-9c0e31f892d2,25.0,Olena+e2@nexudus.com,2026-08-25T20:41:14Z
1457716426,,,,,,,,,False,EUR,2023-01-04T19:55:35Z,1429950626,INV-0024,True,2023-01-01T19:59:19Z,,,,,2023-01-01T19:55:36Z,0.0,,Product Demo Night: General Admission (Stanley Holmes),,,,General Admission,81cf2f7a-f292-4781-b6cf-1436f70a5293,,EVT-001,Event Revenue,,False,False,False,False,e04f71a2-c16f-4b29-ab48-6e5869c3476e,,2,,1,False,,,2026-11-26T18:00:00Z,10.0,,,0.0,[No Tax],0.0,Product Demo Night: General Admission (Stanley Holmes),dc4aba1e-0beb-44f0-bb0e-50a88744330b,10.0,Olena+e2@nexudus.com,2026-08-25T20:41:14Z
1457714917,,,,,,,,,False,EUR,2023-01-26T19:54:42Z,1429950716,INV-0001,False,,Parking Space,e7dcb416-4d58-46a9-92a3-60e964bb03a3,,,2023-01-23T19:54:42Z,0.0,,Parking Space,,,,,,,PRD-001,Product Sales,,False,False,False,False,e04f71a2-c16f-4b29-ab48-6e5869c3476e,,2,,1,False,,,2026-08-25T19:49:08Z,75.0,,,0.0,[No Tax],0.0,Parking Space,ae3cd987-c73f-44d3-9fb9-fcb4f1845fdf,75.0,Olena+e2@nexudus.com,2026-08-25T20:40:58Z
1457714918,,,,,,,,,False,EUR,2026-01-10T19:54:45Z,1429950717,INV-0002,False,,Mail Handling,69a8c896-c1b8-4178-bb0c-b91f17d48a6e,,,2026-01-07T19:54:45Z,0.0,,Mail Handling,,,,,,,PRD-001,Product Sales,,False,False,False,False,e04f71a2-c16f-4b29-ab48-6e5869c3476e,,3,,1,False,,,2026-08-25T19:49:13Z,20.0,,,0.0,[No Tax],0.0,Mail Handling,6dbe0d19-24d7-4758-9a01-5c4fbf369a77,20.0,Olena+e2@nexudus.com,2026-08-25T20:40:59Z
1457714919,,,,,,,,,False,EUR,2026-07-07T19:54:46Z,1429950718,INV-0003,False,,Storage Locker,939f6287-e099-41b1-bc5f-4a3e5e1eb808,,,2026-07-04T19:54:46Z,0.0,,Storage Locker,,,,,,,PRD-001,Product Sales,,False,False,False,False,e04f71a2-c16f-4b29-ab48-6e5869c3476e,,4,,1,False,,,2026-08-25T19:49:12Z,30.0,,,0.0,[No Tax],0.0,Storage Locker,9d06171d-a078-4ca3-b410-c14d3c91bdaf,30.0,Olena+e2@nexudus.com,2026-08-25T20:40:59Z
1457714920,,,,b4ae2474-7c6c-49ee-ac86-91ce23739b94,60220ba8-8c23-4162-87fb-4501cabf33b0,,,,False,EUR,2025-02-10T19:54:48Z,1429950719,INV-0004,False,,,,,,2025-02-07T19:54:48Z,0.0,,Hot Desk Quarterly (Tracy Harrison),0.0,,,,,,MEM-001,Membership Revenue,,False,False,False,False,e04f71a2-c16f-4b29-ab48-6e5869c3476e,,0,,1,False,,,2023-09-12T23:00:00Z,361.68,,Hot Desk Quarterly,0.0,[No Tax],0.0,Hot Desk Quarterly (Tracy Harrison),d350e510-c247-4aa2-b1c2-8df14a3e604e,361.68,Olena+e2@nexudus.com,2026-08-25T20:41:00Z
1457716638,,,,00a72ad1-2467-4ca7-acb9-be8a1063e94b,60220ba8-8c23-4162-87fb-4501cabf33b0,,,,False,EUR,2025-02-10T19:54:48Z,1429950719,INV-0004,False,,Mail Handling,70492e69-769a-45e0-8cde-1a14ba831db1,,,2025-02-07T19:54:48Z,0.0,,Mail Handling (Tracy Harrison),0.0,,,,,,PRD-001,Product Sales,,False,False,False,False,e04f71a2-c16f-4b29-ab48-6e5869c3476e,,1,,1,False,,,2024-09-12T00:00:00Z,20.0,,,0.0,[No Tax],0.0,Mail Handling (Tracy Harrison),c23745ee-b357-4436-9068-54181ca9c39b,20.0,Olena+e2@nexudus.com,2026-08-25T20:41:00Z
1457716639,,,,8d93542c-f3e5-4c36-9ec4-fc7de41c7dbd,cd2bbb2c-3654-4737-b0b9-5c046bade0a2,,,,False,EUR,2025-02-10T19:54:48Z,1429950719,INV-0004,False,,,,,,2025-02-07T19:54:48Z,0.0,,Dedicated Desk Monthly (Victor Harrison),0.0,,,,,,MEM-001,Membership Revenue,,False,False,False,False,e04f71a2-c16f-4b29-ab48-6e5869c3476e,,2,,1,False,,,2023-09-12T23:00:00Z,298.76,,Dedicated Desk Monthly,0.0,[No Tax],0.0,Dedicated Desk Monthly (Victor Harrison),a65c3f47-cae4-4ee3-9c47-b34112e788c1,298.76,Olena+e2@nexudus.com,2026-08-25T20:41:00Z
1457716640,,,,5ffe2d7a-4356-431f-84fe-5587ef3d7e62,cd2bbb2c-3654-4737-b0b9-5c046bade0a2,,,,False,EUR,2025-02-10T19:54:48Z,1429950719,INV-0004,False,,Parking Space,26fed0cf-2f1d-429f-bde4-ef557d57b047,,,2025-02-07T19:54:48Z,0.0,,Parking Space (Victor Harrison),0.0,,,,,,PRD-001,Product Sales,,False,False,False,False,e04f71a2-c16f-4b29-ab48-6e5869c3476e,,3,,1,False,,,2024-10-10T00:00:00Z,75.0,,,0.0,[No Tax],0.0,Parking Space (Victor Harrison),56616363-db4e-483b-acaa-7916e764347f,75.0,Olena+e2@nexudus.com,2026-08-25T20:41:00Z
1457716641,,,,1808355e-17ef-4fb1-b5e2-bc539bbe056a,1eb0805e-661d-4d6b-8c84-2a6b07efda5f,,,,False,EUR,2025-02-10T19:54:48Z,1429950719,INV-0004,False,,,,,,2025-02-07T19:54:48Z,0.0,,Private Office Small (Ashley Smith),0.0,,,,,,MEM-001,Membership Revenue,,False,False,False,False,e04f71a2-c16f-4b29-ab48-6e5869c3476e,,4,,1,False,,,2023-09-12T23:00:00Z,1082.52,,Private Office Small,0.0,[No Tax],0.0,Private Office Small (Ashley Smith),8187b862-111c-4578-a372-053492c2b468,1082.52,Olena+e2@nexudus.com,2026-08-25T20:41:00Z
1457716642,,,,cf541894-dc50-4303-a8f6-c5525f843a90,1eb0805e-661d-4d6b-8c84-2a6b07efda5f,,,,False,EUR,2025-02-10T19:54:48Z,1429950719,INV-0004,False,,Mail Handling,8591d91e-fa46-43d7-9561-967e7fb3487e,,,2025-02-07T19:54:48Z,0.0,,Mail Handling (Ashley Smith),0.0,,,,,,PRD-001,Product Sales,,False,False,False,False,e04f71a2-c16f-4b29-ab48-6e5869c3476e,,5,,1,False,,,2024-11-17T00:00:00Z,20.0,,,0.0,[No Tax],0.0,Mail Handling (Ashley Smith),3c6d8d9f-d549-44c1-858d-4e815a2d5330,20.0,Olena+e2@nexudus.com,2026-08-25T20:41:00Z
1457716643,,,,22695fd2-3a36-41be-ae8c-99c44269053e,11351685-db46-4bc5-b905-1303b6682acc,,,,False,EUR,2025-02-10T19:54:48Z,1429950719,INV-0004,False,,,,,,2025-02-07T19:54:48Z,0.0,,Hot Desk Quarterly (Teresa Hopkins),0.0,,,,,,MEM-001,Membership Revenue,,False,False,False,False,e04f71a2-c16f-4b29-ab48-6e5869c3476e,,6,,1,False,,,2023-09-12T23:00:00Z,343.61,,Hot Desk Quarterly,0.0,[No Tax],0.0,Hot Desk Quarterly (Teresa Hopkins),49263ff6-5e75-4f68-aa5e-b623f4c4a706,343.61,Olena+e2@nexudus.com,2026-08-25T20:41:00Z
1457716644,,,,,98b2ac8f-475a-4038-8609-c3387d034106,,,,False,EUR,2025-02-10T19:54:48Z,1429950719,INV-0004,False,,,,,,2025-02-07T19:54:48Z,0.0,,Flex Weekly,,,,,,,MEM-001,Membership Revenue,,False,False,False,False,e04f71a2-c16f-4b29-ab48-6e5869c3476e,,7,,1,False,,,2023-09-12T23:00:00Z,50.0,,Flex Weekly,0.0,[No Tax],0.0,Flex Weekly,fa7d92a8-b363-437c-a6af-c734b9e34eb3,50.0,Olena+e2@nexudus.com,2026-08-25T20:41:00Z
1457716645,,,,,98b2ac8f-475a-4038-8609-c3387d034106,,,,False,EUR,2025-02-10T19:54:48Z,1429950719,INV-0004,False,,Storage Locker,ab155416-c0f1-42cd-b257-e8186c6f82c0,,,2025-02-07T19:54:48Z,0.0,,Storage Locker,,,,,,,PRD-001,Product Sales,,False,False,False,False,e04f71a2-c16f-4b29-ab48-6e5869c3476e,,8,,1,False,,,2025-03-30T00:00:00Z,30.0,,,0.0,[No Tax],0.0,Storage Locker,3e46f733-7f37-4ce5-b6d4-e8b235a087ab,30.0,Olena+e2@nexudus.com,2026-08-25T20:41:00Z
1457716646,,,,461c37f8-768c-4112-9304-95cdecc5fc3a,7129cea4-6c12-42bd-9565-7265f8b42fad,,,,False,EUR,2025-02-10T19:54:48Z,1429950719,INV-0004,False,,,,,,2025-02-07T19:54:48Z,0.0,,Hot Desk Monthly (Leanne Foster),0.0,,,,,,MEM-001,Membership Revenue,,False,False,False,False,e04f71a2-c16f-4b29-ab48-6e5869c3476e,,9,,1,False,,,2023-09-12T23:00:00Z,129.5,,Hot Desk Monthly,0.0,[No Tax],0.0,Hot Desk Monthly (Leanne Foster),62478e80-5cef-4ec8-b48a-b6f134e5db4d,129.5,Olena+e2@nexudus.com,2026-08-25T20:41:00Z
1457716647,,,,ac69f2f0-d41a-4ae5-ad3f-0aac4857aee4,7129cea4-6c12-42bd-9565-7265f8b42fad,,,,False,EUR,2025-02-10T19:54:48Z,1429950719,INV-0004,False,,Mail Handling,091161a2-85df-4ac5-afd5-7b9869f85cb6,,,2025-02-07T19:54:48Z,0.0,,Mail Handling (Leanne Foster),0.0,,,,,,PRD-001,Product Sales,,False,False,False,False,e04f71a2-c16f-4b29-ab48-6e5869c3476e,,10,,1,False,,,2025-04-22T00:00:00Z,20.0,,,0.0,[No Tax],0.0,Mail Handling (Leanne Foster),ec5fc4bd-51c7-4c34-a6da-f0491d1171ae,20.0,Olena+e2@nexudus.com,2026-08-25T20:41:00Z
1457716648,,,,d38af669-b669-4e45-aad7-9fbb76e0d6ea,b18bd23e-3578-4f5a-b185-b9f31fe0378f,,,,False,EUR,2025-02-10T19:54:48Z,1429950719,INV-0004,False,,,,,,2025-02-07T19:54:48Z,0.0,,Flex Fortnightly (Robin Andrews),0.0,,,,,,MEM-001,Membership Revenue,,False,False,False,False,e04f71a2-c16f-4b29-ab48-6e5869c3476e,,11,,1,False,,,2023-09-12T23:00:00Z,235.98,,Flex Fortnightly,0.0,[No Tax],0.0,Flex Fortnightly (Robin Andrews),c3e88b8e-9e52-4b95-9a8e-f5b4afbcf4bd,235.98,Olena+e2@nexudus.com,2026-08-25T20:41:00Z
1457716649,,,,1bcca516-aeb9-4243-8e14-07d5b19d16ed,a98c8df6-34c6-4ab5-8b7c-ebe99a8fe589,,,,False,EUR,2025-02-10T19:54:48Z,1429950719,INV-0004,False,,,,,,2025-02-07T19:54:48Z,0.0,,Flex Fortnightly (Ashley Smith),0.0,,,,,,MEM-001,Membership Revenue,,False,False,False,False,e04f71a2-c16f-4b29-ab48-6e5869c3476e,,12,,1,False,,,2023-09-12T23:00:00Z,250.0,,Flex Fortnightly,0.0,[No Tax],0.0,Flex Fortnightly (Ashley Smith),6a19d496-0300-454f-9680-2660fe002031,250.0,Olena+e2@nexudus.com,2026-08-25T20:41:00Z
1457716650,,,,2d2c1a80-bbf9-4a9a-9006-dd584acfefe0,a98c8df6-34c6-4ab5-8b7c-ebe99a8fe589,,,,False,EUR,2025-02-10T19:54:48Z,1429950719,INV-0004,False,,Parking Space,bf5c851d-9253-4790-99e5-6ba4b32792ca,,,2025-02-07T19:54:48Z,0.0,,Parking Space (Ashley Smith),0.0,,,,,,PRD-001,Product Sales,,False,False,False,False,e04f71a2-c16f-4b29-ab48-6e5869c3476e,,13,,1,False,,,2026-03-11T00:00:00Z,75.0,,,0.0,[No Tax],0.0,Parking Space (Ashley Smith),399bcfa9-714f-472f-994d-c7b93890d69d,75.0,Olena+e2@nexudus.com,2026-08-25T20:41:00Z
1457716651,,,,59fbd528-478a-4799-b4af-b0b666bd7b63,,,,,False,EUR,2025-02-10T19:54:48Z,1429950719,INV-0004,False,,,,,,2025-02-07T19:54:48Z,0.0,,Investor Pitch Night: General Admission (Tracy Harrison) (Tracy Harrison),0.0,,,,9179515b-7938-41e5-8907-e3f70591e800,,EVT-001,Event Revenue,,False,False,False,False,e04f71a2-c16f-4b29-ab48-6e5869c3476e,,14,,1,False,,,2026-03-22T17:00:00Z,0.0,,,0.0,[No Tax],0.0,Investor Pitch Night: General Admission (Tracy Harrison) (Tracy Harrison),ce8f4b79-8b45-4726-bfec-7a5548210528,0.0,Olena+e2@nexudus.com,2026-08-25T20:41:00Z
1457716652,ba19c917-7d14-4c18-96d2-efff0985a59a,,,,,,,,False,EUR,2025-02-10T19:54:48Z,1429950719,INV-0004,False,,Catering - Tea/Coffee,c3b3e3c1-bd9a-49de-bfc5-c16fed3309bd,,,2025-02-07T19:54:48Z,0.0,,- Catering - Tea/Coffee,,,,,,,PRD-001,Product Sales,,False,False,False,False,e04f71a2-c16f-4b29-ab48-6e5869c3476e,,15,,1,False,,,2026-03-30T17:00:00Z,5.0,,,0.0,[No Tax],0.0,- Catering - Tea/Coffee,2270ece5-1d65-41c6-8e1c-220a21704d1f,5.0,Olena+e2@nexudus.com,2026-08-25T20:41:00Z
1457716653,,,,72434789-19cf-4f3b-ab1d-baf82b888ce6,,,,,False,EUR,2025-02-10T19:54:48Z,1429950719,INV-0004,False,,,,,,2025-02-07T19:54:48Z,0.0,,Wellness Wednesday: Meditation: General Admission (Teresa Hopkins) (Teresa Hopkins),0.0,,,,fef7f7c5-cd16-43f0-9314-c0547c61fc9c,,EVT-001,Event Revenue,,False,False,False,False,e04f71a2-c16f-4b29-ab48-6e5869c3476e,,16,,1,False,,,2026-04-03T09:00:00Z,0.0,,,0.0,[No Tax],0.0,Wellness Wednesday: Meditation: General Admission (Teresa Hopkins) (Teresa Hopkins),ad9f53de-ead9-4f18-8636-bf63069fb346,0.0,Olena+e2@nexudus.com,2026-08-25T20:41:00Z
1457716654,,,,5701eaa0-7e1f-4659-aeaf-ea7788dc3737,,,,,False,EUR,2025-02-10T19:54:48Z,1429950719,INV-0004,False,,,,,,2025-02-07T19:54:48Z,0.0,,Wellness Wednesday: Meditation: General Admission (Teresa Hopkins) (Teresa Hopkins),0.0,,,,b9bf2a3d-680d-46e9-a6e2-edb6925da618,,EVT-001,Event Revenue,,False,False,False,False,e04f71a2-c16f-4b29-ab48-6e5869c3476e,,17,,1,False,,,2026-04-03T09:00:00Z,0.0,,,0.0,[No Tax],0.0,Wellness Wednesday: Meditation: General Admission (Teresa Hopkins) (Teresa Hopkins),904dc100-03c9-48b3-93af-d0e05418dac1,0.0,Olena+e2@nexudus.com,2026-08-25T20:41:00Z
1457716655,,,,c2d056d0-fe6a-44cd-a508-eaea9fb24606,,,,,False,EUR,2025-02-10T19:54:48Z,1429950719,INV-0004,False,,,,,,2025-02-07T19:54:48Z,0.0,,Workshop: Startup Finance: General Admission (Ashley Smith) (Ashley Smith),0.0,,,,3f2987d3-0fd0-446e-a224-78e8a0334213,,EVT-001,Event Revenue,,False,False,False,False,e04f71a2-c16f-4b29-ab48-6e5869c3476e,,18,,1,False,,,2026-06-24T18:00:00Z,0.0,,,0.0,[No Tax],0.0,Workshop: Startup Finance: General Admission (Ashley Smith) (Ashley Smith),af6c19ab-2445-4be0-8d9a-2f1c1dd95bff,0.0,Olena+e2@nexudus.com,2026-08-25T20:41:00Z
1457716656,,,,,,,,,False,EUR,2025-02-10T19:54:48Z,1429950719,INV-0004,False,,,,,,2025-02-07T19:54:48Z,0.0,,Weekly Networking Lunch: General Admission (Stanley Griffiths),,,,General Admission,f3bb32e4-1d41-4f37-8629-7bb5f519c371,,EVT-001,Event Revenue,,False,False,False,False,e04f71a2-c16f-4b29-ab48-6e5869c3476e,,19,,1,False,,,2026-07-10T17:00:00Z,10.0,,,0.0,[No Tax],0.0,Weekly Networking Lunch: General Admission (Stanley Griffiths),c2741527-d210-4c78-a61b-f36610b60b8c,10.0,Olena+e2@nexudus.com,2026-08-25T20:41:00Z
1457716657,,,,fa1dfe1c-1b00-4c93-a653-ae87a874f817,,,,,False,EUR,2025-02-10T19:54:48Z,1429950719,INV-0004,False,,,,,,2025-02-07T19:54:48Z,0.0,,New Member Orientation: General Admission (Ashley Smith) (Ashley Smith),0.0,,,,5778f1d9-f8f9-4152-bf8c-10c3f12cc208,,EVT-001,Event Revenue,,False,False,False,False,e04f71a2-c16f-4b29-ab48-6e5869c3476e,,20,,1,False,,,2026-07-23T12:00:00Z,10.0,,,0.0,[No Tax],0.0,New Member Orientation: General Admission (Ashley Smith) (Ashley Smith),ba56a77f-9dbb-47d3-b898-7b2088489639,10.0,Olena+e2@nexudus.com,2026-08-25T20:41:00Z
1457716658,,,,4e890149-c7ee-46d0-8eb5-5ea89f1f24d0,,,,,False,EUR,2025-02-10T19:54:48Z,1429950719,INV-0004,False,,,,Evening Pass,cdae0b26-659e-4f8f-84e9-fcdf79987680,2025-02-07T19:54:48Z,0.0,,Evening Pass [25/08/2026] (Leanne Foster),0.0,,,,,,,,,False,False,False,False,e04f71a2-c16f-4b29-ab48-6e5869c3476e,,21,,1,False,,,2026-08-25T19:47:56Z,10.0,,,0.0,[No Tax],0.0,Evening Pass [25/08/2026] (Leanne Foster),4c1ea53d-da37-4ae8-84f2-7601f5920946,10.0,Olena+e2@nexudus.com,2026-08-25T20:41:00Z
1457716659,,,,fd678650-4562-436f-b9c3-9d7badb8d61e,,,,,False,EUR,2025-02-10T19:54:48Z,1429950719,INV-0004,False,,,,10-Visit Pass,635ade22-6304-45d5-8a30-d047b49b2371,2025-02-07T19:54:48Z,0.0,,10-Visit Pass [25/08/2026] (Tracy Harrison),0.0,,,,,,,,,False,False,False,False,e04f71a2-c16f-4b29-ab48-6e5869c3476e,,22,,1,False,,,2026-08-25T19:48:00Z,200.0,,,0.0,[No Tax],0.0,10-Visit Pass [25/08/2026] (Tracy Harrison),90f8f6cb-9a30-4993-9d49-b0f35ac98e13,200.0,Olena+e2@nexudus.com,2026-08-25T20:41:00Z
1457716660,,,,b6dcea55-42b2-43d9-838a-a29f03f43fb5,,,,,False,EUR,2025-02-10T19:54:48Z,1429950719,INV-0004,False,,,,Half Day Pass,fd2b4b59-fba4-4e44-a261-e02b6bb28c66,2025-02-07T19:54:48Z,0.0,,Half Day Pass [25/08/2026] (Robin Andrews),0.0,,,,,,,,,False,False,False,False,e04f71a2-c16f-4b29-ab48-6e5869c3476e,,23,,1,False,,,2026-08-25T19:48:03Z,15.0,,,0.0,[No Tax],0.0,Half Day Pass [25/08/2026] (Robin Andrews),132944c6-d199-4c05-9b3e-72d098aefcee,15.0,Olena+e2@nexudus.com,2026-08-25T20:41:00Z
1457716661,,,,,,,,,False,EUR,2025-02-10T19:54:48Z,1429950719,INV-0004,False,,,,Day Pass,1abb979c-5acf-44cb-9631-0320cf4deac6,2025-02-07T19:54:48Z,0.0,,Day Pass [25/08/2026],,,,,,,,,,False,False,False,False,e04f71a2-c16f-4b29-ab48-6e5869c3476e,,24,,1,False,,,2026-08-25T19:49:04Z,25.0,,,0.0,[No Tax],0.0,Day Pass [25/08/2026],db72f8bb-c3bc-4672-8663-15c095511bf0,25.0,Olena+e2@nexudus.com,2026-08-25T20:41:00Z
1457716662,,,,b00092df-bab4-46c3-a34f-8990129eee06,,,,,False,EUR,2025-02-10T19:54:48Z,1429950719,INV-0004,False,,,,,,2025-02-07T19:54:48Z,0.0,,New Year Kickoff Breakfast: General Admission (Ashley Smith) (Ashley Smith),0.0,,,,5e6fcc26-9d66-41e8-bc10-473a2866bd15,,EVT-001,Event Revenue,,False,False,False,False,e04f71a2-c16f-4b29-ab48-6e5869c3476e,,25,,1,False,,,2026-09-24T09:00:00Z,10.0,,,0.0,[No Tax],0.0,New Year Kickoff Breakfast: General Admission (Ashley Smith) (Ashley Smith),c5c24a1d-5e2d-4e10-bf4f-6018f7b7e37e,10.0,Olena+e2@nexudus.com,2026-08-25T20:41:00Z
1457716663,,,,9e1a7a37-7a0e-4f0b-afca-4d6211fbf774,,,,,False,EUR,2025-02-10T19:54:48Z,1429950719,INV-0004,False,,,,,,2025-02-07T19:54:48Z,0.0,,Freelancer Meetup: General Admission (Victor Harrison) (Victor Harrison),0.0,,,,29348709-6dc8-465b-a468-bf91cd77a698,,EVT-001,Event Revenue,,False,False,False,False,e04f71a2-c16f-4b29-ab48-6e5869c3476e,,26,,1,False,,,2026-09-28T09:00:00Z,25.0,,,0.0,[No Tax],0.0,Freelancer Meetup: General Admission (Victor Harrison) (Victor Harrison),29d3b07a-1bc2-4edf-9f6a-8f1ecbd2e321,25.0,Olena+e2@nexudus.com,2026-08-25T20:41:00Z
1457716664,,,,d669941f-8107-40ff-9216-60ff2b52b217,,,,,False,EUR,2025-02-10T19:54:48Z,1429950719,INV-0004,False,,,,,,2025-02-07T19:54:48Z,0.0,,Book Club: General Admission (Tracy Harrison) (Tracy Harrison),0.0,,,,56354db8-02e4-417b-96f6-90c93b6e1077,,EVT-001,Event Revenue,,False,False,False,False,e04f71a2-c16f-4b29-ab48-6e5869c3476e,,27,,1,False,,,2026-11-22T18:00:00Z,25.0,,,0.0,[No Tax],0.0,Book Club: General Admission (Tracy Harrison) (Tracy Harrison),5df60598-e67f-4e10-a7cc-0531394873ec,25.0,Olena+e2@nexudus.com,2026-08-25T20:41:00Z
1457716665,,,,73ccc2bf-bd2a-469d-b59d-f351a5472965,,,,,False,EUR,2025-02-10T19:54:48Z,1429950719,INV-0004,False,,,,,,2025-02-07T19:54:48Z,0.0,,Holiday Party: General Admission (Teresa Hopkins) (Teresa Hopkins),0.0,,,,a2b054ae-cbba-492b-afbd-84f9ef3ab50e,,EVT-001,Event Revenue,,False,False,False,False,e04f71a2-c16f-4b29-ab48-6e5869c3476e,,28,,1,False,,,2026-12-11T18:00:00Z,25.0,,,0.0,[No Tax],0.0,Holiday Party: General Admission (Teresa Hopkins) (Teresa Hopkins),f67c0254-3e9b-41e0-a561-870ee4b1a3c4,25.0,Olena+e2@nexudus.com,2026-08-25T20:41:00Z
1457716666,,,,,d0e0f13b-7d3e-41fe-a05a-f7488fe8f088,,,,False,EUR,2025-04-13T19:54:50Z,1429950720,INV-0005,False,,,,,,2025-04-10T19:54:50Z,0.0,,Dedicated Desk Monthly,,,,,,,MEM-001,Membership Revenue,,False,False,False,False,e04f71a2-c16f-4b29-ab48-6e5869c3476e,,0,,1,False,,,2024-04-02T22:00:00Z,350.0,,Dedicated Desk Monthly,0.0,[No Tax],0.0,Dedicated Desk Monthly,9eafb61f-bfb9-4a33-bbea-353ef2b4255e,350.0,Olena+e2@nexudus.com,2026-08-25T20:41:01Z
1457716667,,,,,d0e0f13b-7d3e-41fe-a05a-f7488fe8f088,,,,False,EUR,2025-04-13T19:54:50Z,1429950720,INV-0005,False,,Storage Locker,082e5410-093b-439e-8a31-9069c281eb1c,,,2025-04-10T19:54:50Z,0.0,,Storage Locker,,,,,,,PRD-001,Product Sales,,False,False,False,False,e04f71a2-c16f-4b29-ab48-6e5869c3476e,,1,,1,False,,,2025-08-18T00:00:00Z,30.0,,,0.0,[No Tax],0.0,Storage Locker,782c1166-cd70-4344-a40a-1cf14cf26c88,30.0,Olena+e2@nexudus.com,2026-08-25T20:41:01Z
1457716668,,,,,,,,,False,EUR,2025-04-13T19:54:50Z,1429950720,INV-0005,False,,,,,,2025-04-10T19:54:50Z,0.0,,Wellness Wednesday: Meditation: General Admission (Diane Newman),,,,General Admission,087b815b-c243-4e33-b03b-3db5d1d17631,,EVT-001,Event Revenue,,False,False,False,False,e04f71a2-c16f-4b29-ab48-6e5869c3476e,,2,,1,False,,,2026-04-03T09:00:00Z,0.0,,,0.0,[No Tax],0.0,Wellness Wednesday: Meditation: General Admission (Diane Newman),cc2e577f-b853-463b-8c67-98ae6a4a9527,0.0,Olena+e2@nexudus.com,2026-08-25T20:41:01Z
1457716669,,,,,,,,,False,EUR,2025-04-13T19:54:50Z,1429950720,INV-0005,False,,,,Evening Pass,3818a508-7ed7-4bc0-b37f-8f12eba522ef,2025-04-10T19:54:50Z,0.0,,Evening Pass [25/08/2026],,,,,,,,,,False,False,False,False,e04f71a2-c16f-4b29-ab48-6e5869c3476e,,3,,1,False,,,2026-08-25T19:49:07Z,10.0,,,0.0,[No Tax],0.0,Evening Pass [25/08/2026],1f35d518-17b2-4a26-add1-eb75d4606f54,10.0,Olena+e2@nexudus.com,2026-08-25T20:41:01Z
1457716670,,,,,,,,,False,EUR,2025-04-13T19:54:50Z,1429950720,INV-0005,False,,Mail Handling,fc9bca0d-db11-4b18-833b-031cf68ae6d8,,,2025-04-10T19:54:50Z,0.0,,Mail Handling,,,,,,,PRD-001,Product Sales,,False,False,False,False,e04f71a2-c16f-4b29-ab48-6e5869c3476e,,4,,1,False,,,2026-08-25T19:49:16Z,20.0,,,0.0,[No Tax],0.0,Mail Handling,e25beb23-a4aa-4fbb-8faf-81a52ae672b3,20.0,Olena+e2@nexudus.com,2026-08-25T20:41:01Z
1457716671,,,,,41e0155f-37b5-4878-8b18-8efdab992fb1,,,,False,EUR,2025-05-27T19:54:52Z,1429950721,INV-0006,True,2025-05-24T20:03:44Z,,,,,2025-05-24T19:54:52Z,0.0,,Hot Desk Quarterly,,,,,,,MEM-001,Membership Revenue,,False,False,False,False,e04f71a2-c16f-4b29-ab48-6e5869c3476e,,0,,1,True,359.14,2026-08-25T20:03:44Z,2023-06-13T22:00:00Z,359.14,,Hot Desk Quarterly,0.0,[No Tax],0.0,Hot Desk Quarterly,a11ed60a-1e05-4f00-8f67-21f0f33463cc,359.14,Olena+e2@nexudus.com,2026-08-25T20:41:01Z
1457716672,,,,,,,,,False,EUR,2025-05-27T19:54:52Z,1429950721,INV-0006,True,2025-05-24T20:03:44Z,,,10-Visit Pass,94cdfad4-b410-4949-93cd-142e6b16e2dc,2025-05-24T19:54:52Z,0.0,,10-Visit Pass [25/08/2026],,,,,,,,,,False,False,False,False,e04f71a2-c16f-4b29-ab48-6e5869c3476e,,1,,1,True,200.0,2026-08-25T20:03:44Z,2026-08-25T19:49:07Z,200.0,,,0.0,[No Tax],0.0,10-Visit Pass [25/08/2026],2fbe8d89-9123-4193-83df-265066470ab3,200.0,Olena+e2@nexudus.com,2026-08-25T20:41:01Z
1457716673,,,,,,,,,False,EUR,2025-05-27T19:54:52Z,1429950721,INV-0006,True,2025-05-24T20:03:44Z,,,,,2025-05-24T19:54:52Z,0.0,,Q3 Town Hall: General Admission (Sian Cox),,,,General Admission,bc43129b-4072-42c6-868f-6629cd36c1cb,,EVT-001,Event Revenue,,False,False,False,False,e04f71a2-c16f-4b29-ab48-6e5869c3476e,,2,,1,True,0.0,2026-08-25T20:03:44Z,2026-11-21T12:00:00Z,0.0,,,0.0,[No Tax],0.0,Q3 Town Hall: General Admission (Sian Cox),7b8dbec2-8b04-421b-9fec-17e745ebbc1c,0.0,Olena+e2@nexudus.com,2026-08-25T20:41:01Z
1457716674,,,,,c3e3e2eb-6035-4462-9876-89d5f059199d,,,,False,EUR,2025-11-15T19:54:54Z,1429950722,INV-0007,True,2025-11-12T20:03:48Z,,,,,2025-11-12T19:54:54Z,0.0,,Private Office Annual,,,,,,,MEM-001,Membership Revenue,,False,False,False,False,e04f71a2-c16f-4b29-ab48-6e5869c3476e,,0,,1,True,12000.0,2026-08-25T20:03:48Z,2024-09-01T22:00:00Z,12000.0,,Private Office Annual,0.0,[No Tax],0.0,Private Office Annual,be26a60f-8174-4aa1-a236-f1f58ff80fe5,12000.0,Olena+e2@nexudus.com,2026-08-25T20:41:02Z
1457716675,,,,,c3e3e2eb-6035-4462-9876-89d5f059199d,,,,False,EUR,2025-11-15T19:54:54Z,1429950722,INV-0007,True,2025-11-12T20:03:48Z,Parking Space,a8b77a4c-db79-4be4-82ad-6bb6d2789df3,,,2025-11-12T19:54:54Z,0.0,,Parking Space,,,,,,,PRD-001,Product Sales,,False,False,False,False,e04f71a2-c16f-4b29-ab48-6e5869c3476e,,1,,1,True,75.0,2026-08-25T20:03:48Z,2025-06-15T00:00:00Z,75.0,,,0.0,[No Tax],0.0,Parking Space,f8eb9d6e-702c-4c59-9b42-e41477a23afe,75.0,Olena+e2@nexudus.com,2026-08-25T20:41:02Z
1457716676,,,,,,,,,False,EUR,2025-11-15T19:54:54Z,1429950722,INV-0007,True,2025-11-12T20:03:48Z,,,Half Day Pass,607d629a-ccdf-4eea-8e8a-72b014d3c520,2025-11-12T19:54:54Z,0.0,,Half Day Pass [25/08/2026],,,,,,,,,,False,False,False,False,e04f71a2-c16f-4b29-ab48-6e5869c3476e,,2,,1,True,15.0,2026-08-25T20:03:48Z,2026-08-25T19:47:57Z,15.0,,,0.0,[No Tax],0.0,Half Day Pass [25/08/2026],54c9402d-0e5f-403b-8116-596f880eb925,15.0,Olena+e2@nexudus.com,2026-08-25T20:41:02Z
1457716677,,,,,deb914d0-ec9e-45b0-8927-b1f8a20aa6bf,,,,False,EUR,2026-01-30T19:54:55Z,1429950723,INV-0008,True,2026-01-27T20:03:49Z,,,,,2026-01-27T19:54:55Z,0.0,,Flex Fortnightly,,,,,,,MEM-001,Membership Revenue,,False,False,False,False,e04f71a2-c16f-4b29-ab48-6e5869c3476e,,0,,1,True,250.0,2026-08-25T20:03:49Z,2024-11-17T22:00:00Z,250.0,,Flex Fortnightly,0.0,[No Tax],0.0,Flex Fortnightly,a4a088a7-be61-4ab5-a36d-e71a09b1cbf4,250.0,Olena+e2@nexudus.com,2026-08-25T20:41:03Z
1457716678,,,,,deb914d0-ec9e-45b0-8927-b1f8a20aa6bf,,,,False,EUR,2026-01-30T19:54:55Z,1429950723,INV-0008,True,2026-01-27T20:03:49Z,Parking Space,6cb02816-82f0-408a-82c1-e93b0d1340ca,,,2026-01-27T19:54:55Z,0.0,,Parking Space,,,,,,,PRD-001,Product Sales,,False,False,False,False,e04f71a2-c16f-4b29-ab48-6e5869c3476e,,1,,1,True,75.0,2026-08-25T20:03:49Z,2025-06-16T00:00:00Z,75.0,,,0.0,[No Tax],0.0,Parking Space,83c0e774-97b7-4580-a880-c3d5e4346721,75.0,Olena+e2@nexudus.com,2026-08-25T20:41:03Z
1457716679,,,,,,,,,False,EUR,2026-01-30T19:54:55Z,1429950723,INV-0008,True,2026-01-27T20:03:49Z,,,10-Visit Pass,bb816dfb-8fe6-4833-82ec-7e941ba7b636,2026-01-27T19:54:55Z,0.0,,10-Visit Pass [25/08/2026],,,,,,,,,,False,False,False,False,e04f71a2-c16f-4b29-ab48-6e5869c3476e,,2,,1,True,200.0,2026-08-25T20:03:49Z,2026-08-25T19:48:05Z,200.0,,,0.0,[No Tax],0.0,10-Visit Pass [25/08/2026],c1b50f73-9242-44d4-8dd1-b97dd80aa6e1,200.0,Olena+e2@nexudus.com,2026-08-25T20:41:03Z
1457716680,,,,,,,,,False,EUR,2026-01-30T19:54:55Z,1429950723,INV-0008,True,2026-01-27T20:03:49Z,,,,,2026-01-27T19:54:55Z,0.0,,New Year Kickoff Breakfast: General Admission (Colin Lloyd),,,,General Admission,a7de57ad-de2f-4b30-973d-81352346150f,,EVT-001,Event Revenue,,False,False,False,False,e04f71a2-c16f-4b29-ab48-6e5869c3476e,,3,,1,True,10.0,2026-08-25T20:03:49Z,2026-09-24T09:00:00Z,10.0,,,0.0,[No Tax],0.0,New Year Kickoff Breakfast: General Admission (Colin Lloyd),e9323805-9ee3-401e-8470-58c2fd378d76,10.0,Olena+e2@nexudus.com,2026-08-25T20:41:03Z
1457716681,,,,,,,,,False,EUR,2022-11-11T19:54:59Z,1429950724,INV-0009,True,2022-11-08T20:04:25Z,Storage Locker,9137626c-eec3-4bc4-8ba0-4493132e4107,,,2022-11-08T19:54:59Z,0.0,,Storage Locker,,,,,,,PRD-001,Product Sales,,False,False,False,False,e04f71a2-c16f-4b29-ab48-6e5869c3476e,,3,,1,True,30.0,2026-08-25T20:04:25Z,2026-08-25T19:49:17Z,30.0,,,0.0,[No Tax],0.0,Storage Locker,1d36cff2-e204-407d-aeca-9b415c0dd8a6,30.0,Olena+e2@nexudus.com,2026-08-25T20:41:03Z
1457716683,,,,,,,,,False,EUR,2023-08-06T19:55:04Z,1429950725,INV-0010,True,2023-08-03T20:04:26Z,Parking Space,a8a71476-caac-4684-9e0a-db3edc88f0c1,,,2023-08-03T19:55:04Z,0.0,,Parking Space,,,,,,,PRD-001,Product Sales,,False,False,False,False,e04f71a2-c16f-4b29-ab48-6e5869c3476e,,2,,1,True,75.0,2026-08-25T20:04:26Z,2026-08-25T19:49:14Z,75.0,,,0.0,[No Tax],0.0,Parking Space,fda38372-14bf-4b7f-96e2-7424660ca470,75.0,Olena+e2@nexudus.com,2026-08-25T20:41:04Z
1457716684,,,,,05d57e40-8523-4290-87a0-5c3f06ee7d2b,,,,False,EUR,2026-03-01T19:55:06Z,1429950726,INV-0011,True,2026-02-26T20:04:27Z,,,,,2026-02-26T19:55:06Z,0.0,,Dedicated Desk Monthly,,,,,,,MEM-001,Membership Revenue,,False,False,False,False,e04f71a2-c16f-4b29-ab48-6e5869c3476e,,0,,1,True,329.93,2026-08-25T20:04:27Z,2024-05-28T23:00:00Z,329.93,,Dedicated Desk Monthly,0.0,[No Tax],0.0,Dedicated Desk Monthly,9f00ba41-a2c6-49dd-87ad-feca523a645a,329.93,Olena+e2@nexudus.com,2026-08-25T20:41:05Z
1457716685,,,,,05d57e40-8523-4290-87a0-5c3f06ee7d2b,,,,False,EUR,2026-03-01T19:55:06Z,1429950726,INV-0011,True,2026-02-26T20:04:27Z,Storage Locker,9aa1b433-d31f-498e-b5b2-74361183bbfd,,,2026-02-26T19:55:06Z,0.0,,Storage Locker,,,,,,,PRD-001,Product Sales,,False,False,False,False,e04f71a2-c16f-4b29-ab48-6e5869c3476e,,1,,1,True,30.0,2026-08-25T20:04:27Z,2024-11-25T00:00:00Z,30.0,,,0.0,[No Tax],0.0,Storage Locker,1d2caea4-7ec3-449a-ab89-cb3d708a19c0,30.0,Olena+e2@nexudus.com,2026-08-25T20:41:05Z
1457716686,,,,0a103a40-01a1-4cd6-a5c6-41eab49cd3d0,56d5f420-d042-45a7-9b7d-7bb85443c1ca,,,,False,EUR,2026-03-01T19:55:06Z,1429950726,INV-0011,True,2026-02-26T20:04:27Z,,,,,2026-02-26T19:55:06Z,0.0,,Flex Fortnightly (Leslie Warner),0.0,,,,,,MEM-001,Membership Revenue,,False,False,False,False,e04f71a2-c16f-4b29-ab48-6e5869c3476e,,2,,1,True,250.0,2026-08-25T20:04:27Z,2024-05-28T23:00:00Z,250.0,,Flex Fortnightly,0.0,[No Tax],0.0,Flex Fortnightly (Leslie Warner),35be8a2e-fe1a-4eca-883a-c0220105297a,250.0,Olena+e2@nexudus.com,2026-08-25T20:41:05Z
1457716687,,,,da0f1b36-e878-4a66-81ad-c5caf3ad1fd6,56d5f420-d042-45a7-9b7d-7bb85443c1ca,,,,False,EUR,2026-03-01T19:55:06Z,1429950726,INV-0011,True,2026-02-26T20:04:27Z,Parking Space,1f264b04-4396-444b-9292-05a5020854ac,,,2026-02-26T19:55:06Z,0.0,,Parking Space (Leslie Warner),0.0,,,,,,PRD-001,Product Sales,,False,False,False,False,e04f71a2-c16f-4b29-ab48-6e5869c3476e,,3,,1,True,75.0,2026-08-25T20:04:27Z,2025-03-24T00:00:00Z,75.0,,,0.0,[No Tax],0.0,Parking Space (Leslie Warner),4c4c6569-44f5-4f45-a09a-1d78f56fd960,75.0,Olena+e2@nexudus.com,2026-08-25T20:41:05Z
1457716688,,,,2e8b9fd3-29ef-4e47-8f08-74892e4c6f60,0d0475db-0013-48c9-8e32-1a039ff09048,,,,False,EUR,2026-03-01T19:55:06Z,1429950726,INV-0011,True,2026-02-26T20:04:27Z,,,,,2026-02-26T19:55:06Z,0.0,,Hot Desk Monthly (Irene Wilson),0.0,,,,,,MEM-001,Membership Revenue,,False,False,False,False,e04f71a2-c16f-4b29-ab48-6e5869c3476e,,4,,1,True,150.0,2026-08-25T20:04:27Z,2024-05-28T23:00:00Z,150.0,,Hot Desk Monthly,0.0,[No Tax],0.0,Hot Desk Monthly (Irene Wilson),4edd8544-be7c-4009-8a64-50857de109ae,150.0,Olena+e2@nexudus.com,2026-08-25T20:41:05Z
1457716689,,,,3632ce5b-6f6c-450f-9286-c840f16fb92f,d1dcd52d-ef11-483b-a404-a68a0648d4bd,,,,False,EUR,2026-03-01T19:55:06Z,1429950726,INV-0011,True,2026-02-26T20:04:27Z,,,,,2026-02-26T19:55:06Z,0.0,,Hot Desk Monthly (Jeremy Mellor),0.0,,,,,,MEM-001,Membership Revenue,,False,False,False,False,e04f71a2-c16f-4b29-ab48-6e5869c3476e,,5,,1,True,150.0,2026-08-25T20:04:27Z,2024-05-28T23:00:00Z,150.0,,Hot Desk Monthly,0.0,[No Tax],0.0,Hot Desk Monthly (Jeremy Mellor),28cc8425-a7c5-4543-8161-61f8dbe1c429,150.0,Olena+e2@nexudus.com,2026-08-25T20:41:05Z
1457716690,,,,666f621e-4a7e-40bb-ba7f-76c18cf362d4,df6d629b-b400-46c5-8491-ebd0acaf5840,,,,False,EUR,2026-03-01T19:55:06Z,1429950726,INV-0011,True,2026-02-26T20:04:27Z,,,,,2026-02-26T19:55:06Z,0.0,,Dedicated Desk Monthly (Jeremy Mellor),0.0,,,,,,MEM-001,Membership Revenue,,False,False,False,False,e04f71a2-c16f-4b29-ab48-6e5869c3476e,,6,,1,True,330.2,2026-08-25T20:04:27Z,2024-05-28T23:00:00Z,330.2,,Dedicated Desk Monthly,0.0,[No Tax],0.0,Dedicated Desk Monthly (Jeremy Mellor),75291ad0-b286-4f99-8fb2-cce78436a6ed,330.2,Olena+e2@nexudus.com,2026-08-25T20:41:05Z
1457716691,,,,1333878d-85d3-4f80-8b46-e265b39f6485,40933bb3-00fe-49af-9a6d-edb5828b366b,,,,False,EUR,2026-03-01T19:55:06Z,1429950726,INV-0011,True,2026-02-26T20:04:27Z,,,,,2026-02-26T19:55:06Z,0.0,,Private Office Annual (Irene Wilson),0.0,,,,,,MEM-001,Membership Revenue,,False,False,False,False,e04f71a2-c16f-4b29-ab48-6e5869c3476e,,7,,1,True,12000.0,2026-08-25T20:04:27Z,2024-05-28T23:00:00Z,12000.0,,Private Office Annual,0.0,[No Tax],0.0,Private Office Annual (Irene Wilson),d212bff3-2d47-4a9a-9f96-7a1bfab44b89,12000.0,Olena+e2@nexudus.com,2026-08-25T20:41:05Z
1457716692,,,,5b5cbd32-66b6-45ee-98c7-2ce538c24952,1a5c76ee-f959-44e4-84ca-ab0a373ed503,,,,False,EUR,2026-03-01T19:55:06Z,1429950726,INV-0011,True,2026-02-26T20:04:27Z,,,,,2026-02-26T19:55:06Z,0.0,,Flex Weekly (Gemma Ferguson),0.0,,,,,,MEM-001,Membership Revenue,,False,False,False,False,e04f71a2-c16f-4b29-ab48-6e5869c3476e,,8,,1,True,44.46,2026-08-25T20:04:27Z,2024-05-28T23:00:00Z,44.46,,Flex Weekly,0.0,[No Tax],0.0,Flex Weekly (Gemma Ferguson),17ae057e-193c-477a-8e36-18170e9cb14e,44.46,Olena+e2@nexudus.com,2026-08-25T20:41:05Z
1457716693,,,,17bfd0b1-3d62-4905-8bd0-a80bddea5c3c,bdcb9d2c-ab81-4e8e-9968-3a380ef40ce8,,,,False,EUR,2026-03-01T19:55:06Z,1429950726,INV-0011,True,2026-02-26T20:04:27Z,,,,,2026-02-26T19:55:06Z,0.0,,Hot Desk Monthly (Gemma Elliott),0.0,,,,,,MEM-001,Membership Revenue,,False,False,False,False,e04f71a2-c16f-4b29-ab48-6e5869c3476e,,9,,1,True,140.86,2026-08-25T20:04:27Z,2024-05-28T23:00:00Z,140.86,,Hot Desk Monthly,0.0,[No Tax],0.0,Hot Desk Monthly (Gemma Elliott),446d7a33-f612-48da-b594-7aea2f107136,140.86,Olena+e2@nexudus.com,2026-08-25T20:41:05Z
1457716694,,,,9cb277c0-fa60-484b-97c2-36d73fae5671,bdcb9d2c-ab81-4e8e-9968-3a380ef40ce8,,,,False,EUR,2026-03-01T19:55:06Z,1429950726,INV-0011,True,2026-02-26T20:04:27Z,Mail Handling,357333ac-4ea7-4090-b00d-b8f84ece6d34,,,2026-02-26T19:55:06Z,0.0,,Mail Handling (Gemma Elliott),0.0,,,,,,PRD-001,Product Sales,,False,False,False,False,e04f71a2-c16f-4b29-ab48-6e5869c3476e,,10,,1,True,20.0,2026-08-25T20:04:27Z,2026-07-02T00:00:00Z,20.0,,,0.0,[No Tax],0.0,Mail Handling (Gemma Elliott),e3e03245-edd2-40a6-bc71-5d29306d53e4,20.0,Olena+e2@nexudus.com,2026-08-25T20:41:05Z
1457716695,5a3b25d2-05bf-4924-97fa-5c2de0fae6ca,,,3974ad8b-44f9-4834-8d51-70c30b9504bf,,,,,False,EUR,2026-03-01T19:55:06Z,1429950726,INV-0011,True,2026-02-26T20:04:27Z,AV Equipment,c61130fc-9497-485f-a0d0-7f9e073f0352,,,2026-02-26T19:55:06Z,0.0,,- AV Equipment (Jeremy Mellor),0.0,,,,,,PRD-001,Product Sales,,False,False,False,False,e04f71a2-c16f-4b29-ab48-6e5869c3476e,,11,,1,True,25.0,2026-08-25T20:04:27Z,2026-04-02T14:00:00Z,25.0,,,0.0,[No Tax],0.0,- AV Equipment (Jeremy Mellor),230be83c-0e05-4fbb-8113-7e7a2927099a,25.0,Olena+e2@nexudus.com,2026-08-25T20:41:05Z
1457716696,,,,43f53cd5-5e9d-41da-8b80-2a7f0e039fac,,,,,False,EUR,2026-03-01T19:55:06Z,1429950726,INV-0011,True,2026-02-26T20:04:27Z,,,,,2026-02-26T19:55:06Z,0.0,,Summer BBQ: General Admission (Gemma Ferguson) (Gemma Ferguson),0.0,,,,9fc7aa9c-6031-4ac1-ab20-5e3cb91d1fea,,EVT-001,Event Revenue,,False,False,False,False,e04f71a2-c16f-4b29-ab48-6e5869c3476e,,12,,1,True,0.0,2026-08-25T20:04:27Z,2026-07-18T12:00:00Z,0.0,,,0.0,[No Tax],0.0,Summer BBQ: General Admission (Gemma Ferguson) (Gemma Ferguson),b7a31aae-1231-4361-8017-f27731946980,0.0,Olena+e2@nexudus.com,2026-08-25T20:41:05Z
1457716697,,,,9bad95cb-eb53-47ce-aa13-3c57ad65903e,,,,,False,EUR,2026-03-01T19:55:06Z,1429950726,INV-0011,True,2026-02-26T20:04:27Z,,,10-Visit Pass,47818b74-f3bc-4a43-a3aa-ac92a9da3a37,2026-02-26T19:55:06Z,0.0,,10-Visit Pass [25/08/2026] (Gemma Elliott),0.0,,,,,,,,,False,False,False,False,e04f71a2-c16f-4b29-ab48-6e5869c3476e,,13,,1,True,200.0,2026-08-25T20:04:27Z,2026-08-25T19:47:59Z,200.0,,,0.0,[No Tax],0.0,10-Visit Pass [25/08/2026] (Gemma Elliott),967146e1-c64d-4f72-9057-7171346cc4d8,200.0,Olena+e2@nexudus.com,2026-08-25T20:41:05Z
1457716698,,,,ce1144b1-b0f2-4255-a658-e929c331041b,,,,,False,EUR,2026-03-01T19:55:06Z,1429950726,INV-0011,True,2026-02-26T20:04:27Z,,,Evening Pass,0e032472-958a-419a-a1b6-6e1db2328ca7,2026-02-26T19:55:06Z,0.0,,Evening Pass [25/08/2026] (Gemma Ferguson),0.0,,,,,,,,,False,False,False,False,e04f71a2-c16f-4b29-ab48-6e5869c3476e,,14,,1,True,10.0,2026-08-25T20:04:27Z,2026-08-25T19:48:01Z,10.0,,,0.0,[No Tax],0.0,Evening Pass [25/08/2026] (Gemma Ferguson),dce4a1f4-513c-4d5d-99c5-3bb8663f07ed,10.0,Olena+e2@nexudus.com,2026-08-25T20:41:05Z
1457716699,,,,b5a70473-f696-467f-a473-58c8f0ebe753,,,,,False,EUR,2026-03-01T19:55:06Z,1429950726,INV-0011,True,2026-02-26T20:04:27Z,,,Half Day Pass,8418f781-5167-49fd-aa3a-a72fd80b28c7,2026-02-26T19:55:06Z,0.0,,Half Day Pass [25/08/2026] (Jeremy Mellor),0.0,,,,,,,,,False,False,False,False,e04f71a2-c16f-4b29-ab48-6e5869c3476e,,15,,1,True,15.0,2026-08-25T20:04:27Z,2026-08-25T19:48:02Z,15.0,,,0.0,[No Tax],0.0,Half Day Pass [25/08/2026] (Jeremy Mellor),67e3a1e3-037b-490b-97e7-28f9837caabc,15.0,Olena+e2@nexudus.com,2026-08-25T20:41:05Z
1457716700,,,,,,,,,False,EUR,2026-03-01T19:55:06Z,1429950726,INV-0011,True,2026-02-26T20:04:27Z,,,10-Visit Pass,b3025f72-8e6e-4172-9698-f6347cbf78ba,2026-02-26T19:55:06Z,0.0,,10-Visit Pass [25/08/2026],,,,,,,,,,False,False,False,False,e04f71a2-c16f-4b29-ab48-6e5869c3476e,,16,,1,True,200.0,2026-08-25T20:04:27Z,2026-08-25T19:48:58Z,200.0,,,0.0,[No Tax],0.0,10-Visit Pass [25/08/2026],33c919be-525f-4b1d-a426-86bbaa16ece7,200.0,Olena+e2@nexudus.com,2026-08-25T20:41:05Z
1457716701,,,,4300f28a-5705-418c-a47d-34694d9a9023,,,,,False,EUR,2026-03-01T19:55:06Z,1429950726,INV-0011,True,2026-02-26T20:04:27Z,,,Day Pass,e937ea23-c1da-4b7d-b724-03518d61b69f,2026-02-26T19:55:06Z,0.0,,Day Pass [25/08/2026] (Irene Wilson),0.0,,,,,,,,,False,False,False,False,e04f71a2-c16f-4b29-ab48-6e5869c3476e,,17,,1,True,25.0,2026-08-25T20:04:27Z,2026-08-25T19:49:07Z,25.0,,,0.0,[No Tax],0.0,Day Pass [25/08/2026] (Irene Wilson),0906a4b6-f714-4293-adcd-1a1ad6443332,25.0,Olena+e2@nexudus.com,2026-08-25T20:41:05Z
1457716702,,,,,,,,,False,EUR,2026-03-01T19:55:06Z,1429950726,INV-0011,True,2026-02-26T20:04:27Z,Mail Handling,4f758675-94a0-4214-8aca-b81ffa538cab,,,2026-02-26T19:55:06Z,0.0,,Mail Handling,,,,,,,PRD-001,Product Sales,,False,False,False,False,e04f71a2-c16f-4b29-ab48-6e5869c3476e,,18,,1,True,20.0,2026-08-25T20:04:27Z,2026-08-25T19:49:10Z,20.0,,,0.0,[No Tax],0.0,Mail Handling,ce3be341-58a5-4f5d-aa9e-fe659dc53aaf,20.0,Olena+e2@nexudus.com,2026-08-25T20:41:05Z
1457716703,,,,435e429a-2b17-40eb-a84a-c748c5b15f92,,,,,False,EUR,2026-03-01T19:55:06Z,1429950726,INV-0011,True,2026-02-26T20:04:27Z,,,,,2026-02-26T19:55:06Z,0.0,,Book Club: General Admission (Irene Wilson) (Irene Wilson),0.0,,,,2f7d80ff-15ac-4996-bdb3-1d520385bcb4,,EVT-001,Event Revenue,,False,False,False,False,e04f71a2-c16f-4b29-ab48-6e5869c3476e,,19,,1,True,25.0,2026-08-25T20:04:27Z,2026-11-22T18:00:00Z,25.0,,,0.0,[No Tax],0.0,Book Club: General Admission (Irene Wilson) (Irene Wilson),d0813378-971c-4732-9e30-cffaf32d4ccf,25.0,Olena+e2@nexudus.com,2026-08-25T20:41:05Z
1457716704,,,,cbd75254-7b2e-4655-94e4-b477bac3edd3,,,,,False,EUR,2026-03-01T19:55:06Z,1429950726,INV-0011,True,2026-02-26T20:04:27Z,,,,,2026-02-26T19:55:06Z,0.0,,Product Demo Night: General Admission (Jeremy Mellor) (Jeremy Mellor),0.0,,,,29cc9af1-0bb9-4915-a310-46fb87e2db77,,EVT-001,Event Revenue,,False,False,False,False,e04f71a2-c16f-4b29-ab48-6e5869c3476e,,20,,1,True,10.0,2026-08-25T20:04:27Z,2026-11-26T18:00:00Z,10.0,,,0.0,[No Tax],0.0,Product Demo Night: General Admission (Jeremy Mellor) (Jeremy Mellor),298873a6-0b76-4b7e-9901-a5bf375ad216,10.0,Olena+e2@nexudus.com,2026-08-25T20:41:05Z
1457716705,,,,7f2619d1-e60e-4a67-a836-8591f2446a5f,,,,,False,EUR,2026-03-01T19:55:06Z,1429950726,INV-0011,True,2026-02-26T20:04:27Z,,,,,2026-02-26T19:55:06Z,0.0,,Holiday Party: General Admission (Leslie Warner) (Leslie Warner),0.0,,,,51377543-7596-463f-968d-27b2f8bca994,,EVT-001,Event Revenue,,False,False,False,False,e04f71a2-c16f-4b29-ab48-6e5869c3476e,,21,,1,True,25.0,2026-08-25T20:04:27Z,2026-12-11T18:00:00Z,25.0,,,0.0,[No Tax],0.0,Holiday Party: General Admission (Leslie Warner) (Leslie Warner),67bbb366-1207-4082-8ced-184c67160bec,25.0,Olena+e2@nexudus.com,2026-08-25T20:41:05Z
1457716706,,,,999be2c6-b781-4b3e-9a72-ba5fba02bfaa,,,,,False,EUR,2026-03-01T19:55:06Z,1429950726,INV-0011,True,2026-02-26T20:04:27Z,,,,,2026-02-26T19:55:06Z,0.0,,Holiday Party: General Admission (Irene Wilson) (Irene Wilson),0.0,,,,915feb2f-5c12-415f-b9e0-4f53ef2d2086,,EVT-001,Event Revenue,,False,False,False,False,e04f71a2-c16f-4b29-ab48-6e5869c3476e,,22,,1,True,25.0,2026-08-25T20:04:27Z,2026-12-11T18:00:00Z,25.0,,,0.0,[No Tax],0.0,Holiday Party: General Admission (Irene Wilson) (Irene Wilson),f7109133-63f1-45ff-bcbb-9e3a6126dea3,25.0,Olena+e2@nexudus.com,2026-08-25T20:41:05Z
1457716707,,,,,,,,,False,EUR,2023-05-06T19:55:10Z,1429950727,INV-0012,True,2023-05-03T20:04:28Z,Mail Handling,e22440b3-6ca0-4a69-9e7a-3006d7307f5b,,,2023-05-03T19:55:10Z,0.0,,Mail Handling,,,,,,,PRD-001,Product Sales,,False,False,False,False,e04f71a2-c16f-4b29-ab48-6e5869c3476e,,3,,1,True,20.0,2026-08-25T20:04:28Z,2026-08-25T19:49:16Z,20.0,,,0.0,[No Tax],0.0,Mail Handling,48629fe5-5141-481d-aa75-d2f16394c66a,20.0,Olena+e2@nexudus.com,2026-08-25T20:41:06Z
1457716306,,,,,ccd407f4-d6ae-4205-b329-40995062b471,,,,False,EUR,2025-05-05T20:01:37Z,1429950817,INV-0146,True,2025-05-02T20:39:34Z,,,,,2025-05-02T20:01:37Z,0.0,,Flex Weekly,,,,,,,MEM-001,Membership Revenue,,False,False,False,False,e04f71a2-c16f-4b29-ab48-6e5869c3476e,,0,,1,False,,,2024-10-15T23:00:00Z,44.93,,Flex Weekly,0.0,[No Tax],0.0,Flex Weekly,306ade5d-da4c-46db-b909-61068a7d7cdf,44.93,Olena+e2@nexudus.com,2026-08-25T20:45:32Z
1457716307,,,,,ccd407f4-d6ae-4205-b329-40995062b471,,,,False,EUR,2025-05-05T20:01:37Z,1429950817,INV-0146,True,2025-05-02T20:39:34Z,Mail Handling,46824454-9a2e-4c14-881e-f226154b8c2e,,,2025-05-02T20:01:37Z,0.0,,Mail Handling,,,,,,,PRD-001,Product Sales,,False,False,False,False,e04f71a2-c16f-4b29-ab48-6e5869c3476e,,1,,1,False,,,2026-02-07T23:00:00Z,20.0,,,0.0,[No Tax],0.0,Mail Handling,23505079-e6ad-408d-9862-cebb5f310f49,20.0,Olena+e2@nexudus.com,2026-08-25T20:45:32Z
1457716312,,,,,ae7264fc-f43e-45d4-9d24-51f1d08b69ae,,,,False,EUR,2025-03-04T20:01:38Z,1429950822,INV-0147,True,2025-03-01T20:39:35Z,,,,,2025-03-01T20:01:38Z,0.0,,Hot Desk Quarterly,,,,,,,MEM-001,Membership Revenue,,False,False,False,False,e04f71a2-c16f-4b29-ab48-6e5869c3476e,,0,,1,False,,,2023-08-29T23:00:00Z,400.0,,Hot Desk Quarterly,0.0,[No Tax],0.0,Hot Desk Quarterly,06a08264-2e63-4883-9f21-6cfc55a5b072,400.0,Olena+e2@nexudus.com,2026-08-25T20:45:33Z
1457716313,,,,,,,,,False,EUR,2025-03-04T20:01:38Z,1429950822,INV-0147,True,2025-03-01T20:39:35Z,,,10-Visit Pass,80437b43-e3b0-43f4-b0a4-a75f21be31e1,2025-03-01T20:01:38Z,0.0,,10-Visit Pass [25/08/2026],,,,,,,,,,False,False,False,False,e04f71a2-c16f-4b29-ab48-6e5869c3476e,,1,,1,False,,,2026-08-25T19:49:03Z,200.0,,,0.0,[No Tax],0.0,10-Visit Pass [25/08/2026],b73e744d-8433-41b2-b802-0dd7bf76758d,200.0,Olena+e2@nexudus.com,2026-08-25T20:45:33Z
1457716315,,,,,4128ecac-aa3c-4b3e-b6fc-275fe411b795,,,,False,EUR,2025-12-13T20:01:38Z,1429950824,INV-0148,True,2025-12-10T20:39:36Z,,,,,2025-12-10T20:01:38Z,0.0,,Hot Desk Quarterly,,,,,,,MEM-001,Membership Revenue,,False,False,False,False,e04f71a2-c16f-4b29-ab48-6e5869c3476e,,0,,1,False,,,2024-05-06T23:00:00Z,400.0,,Hot Desk Quarterly,0.0,[No Tax],0.0,Hot Desk Quarterly,1e0fa2d5-0fae-4f8a-b62c-7fe1e7b16a9a,400.0,Olena+e2@nexudus.com,2026-08-25T20:45:33Z
1457716316,,,,,,,,,False,EUR,2025-12-13T20:01:38Z,1429950824,INV-0148,True,2025-12-10T20:39:36Z,,,,,2025-12-10T20:01:38Z,0.0,,Coffee & Networking: General Admission (Bruce Cross),,,,General Admission,d1fd22d3-9648-4fc2-ad64-c04bd60729d9,,EVT-001,Event Revenue,,False,False,False,False,e04f71a2-c16f-4b29-ab48-6e5869c3476e,,1,,1,False,,,2026-07-12T17:00:00Z,0.0,,,0.0,[No Tax],0.0,Coffee & Networking: General Admission (Bruce Cross),b2dd8eb8-521d-4db8-95f0-b9440ecccef1,0.0,Olena+e2@nexudus.com,2026-08-25T20:45:33Z
1457716317,,,,,,,,,False,EUR,2025-12-13T20:01:38Z,1429950824,INV-0148,True,2025-12-10T20:39:36Z,,,Evening Pass,39657bb7-b71c-4c28-adc6-52b784ee2d86,2025-12-10T20:01:38Z,0.0,,Evening Pass [25/08/2026],,,,,,,,,,False,False,False,False,e04f71a2-c16f-4b29-ab48-6e5869c3476e,,2,,1,False,,,2026-08-25T19:47:57Z,10.0,,,0.0,[No Tax],0.0,Evening Pass [25/08/2026],8178dc16-4270-4cbb-aa67-fe2e1d724b91,10.0,Olena+e2@nexudus.com,2026-08-25T20:45:33Z
1457716318,,,,,,,,,False,EUR,2025-12-13T20:01:38Z,1429950824,INV-0148,True,2025-12-10T20:39:36Z,Parking Space,6cf0a9d9-42a7-4003-a3a3-b6738fe8f686,,,2025-12-10T20:01:38Z,0.0,,Parking Space,,,,,,,PRD-001,Product Sales,,False,False,False,False,e04f71a2-c16f-4b29-ab48-6e5869c3476e,,3,,1,False,,,2026-08-25T19:49:17Z,75.0,,,0.0,[No Tax],0.0,Parking Space,ff312a1d-dfa3-477c-835a-c24366773da2,75.0,Olena+e2@nexudus.com,2026-08-25T20:45:33Z
1457716319,,,,,a53fa980-9dce-48d6-8c7b-0c87aac1d6d3,,,,False,EUR,2026-08-28T20:01:38Z,1429950825,INV-0220,False,,,,,,2026-08-25T20:01:38Z,0.0,,Dedicated Desk Monthly,,,,,,,MEM-001,Membership Revenue,,False,False,False,False,e04f71a2-c16f-4b29-ab48-6e5869c3476e,,0,,1,False,,,2025-04-27T22:00:00Z,350.0,,Dedicated Desk Monthly,0.0,[No Tax],0.0,Dedicated Desk Monthly,1f22d344-c6ab-42b2-a957-95cae2ba902a,350.0,[System],2026-08-25T20:01:38Z
1457716320,,,,,,,,,False,EUR,2026-08-28T20:01:38Z,1429950825,INV-0220,False,,,,,,2026-08-25T20:01:38Z,0.0,,Coffee & Networking: General Admission (Josephine Hammond),,,,General Admission,6ae765f6-fa4c-48c7-83b4-b79defda9423,,EVT-001,Event Revenue,,False,False,False,False,e04f71a2-c16f-4b29-ab48-6e5869c3476e,,1,,1,False,,,2026-07-12T17:00:00Z,0.0,,,0.0,[No Tax],0.0,Coffee & Networking: General Admission (Josephine Hammond),e72582c8-062e-4a21-8c41-254dda97df3c,0.0,[System],2026-08-25T20:01:38Z
1457716321,,,,,,,,,False,EUR,2026-08-28T20:01:38Z,1429950825,INV-0220,False,,,,,,2026-08-25T20:01:38Z,0.0,,Summer BBQ: General Admission (Josephine Hammond),,,,General Admission,dc92da2e-3a28-4028-8982-56e83d2e99ff,,EVT-001,Event Revenue,,False,False,False,False,e04f71a2-c16f-4b29-ab48-6e5869c3476e,,2,,1,False,,,2026-07-18T12:00:00Z,0.0,,,0.0,[No Tax],0.0,Summer BBQ: General Admission (Josephine Hammond),6ef59de4-562d-45a4-8980-7f963d9f7224,0.0,[System],2026-08-25T20:01:38Z
1457716322,,,,,,,,,False,EUR,2026-08-28T20:01:38Z,1429950825,INV-0220,False,,,,Evening Pass,1e3c1b31-df2f-483c-aa96-4a7efd1f1be6,2026-08-25T20:01:38Z,0.0,,Evening Pass [25/08/2026],,,,,,,,,,False,False,False,False,e04f71a2-c16f-4b29-ab48-6e5869c3476e,,3,,1,False,,,2026-08-25T19:47:58Z,10.0,,,0.0,[No Tax],0.0,Evening Pass [25/08/2026],a2400a39-26ee-4e87-8dcd-e04a3baa42ac,10.0,[System],2026-08-25T20:01:38Z
1457716323,,,,,7c0c21aa-68cb-4e8c-a79d-bfd5f1b84d1a,,,,False,EUR,2024-09-30T20:01:38Z,1429950826,INV-0151,True,2024-09-27T20:39:38Z,,,,,2024-09-27T20:01:39Z,0.0,,Hot Desk Monthly,,,,,,,MEM-001,Membership Revenue,,False,False,False,False,e04f71a2-c16f-4b29-ab48-6e5869c3476e,,0,,1,False,,,2023-02-27T23:00:00Z,150.0,,Hot Desk Monthly,0.0,[No Tax],0.0,Hot Desk Monthly,254d379a-b0b4-4e27-ab7f-7f1a44aab094,150.0,Olena+e2@nexudus.com,2026-08-25T20:46:01Z
1457716324,c138837c-813e-40b7-b1af-a352f1efbc6d,,,,,,,,False,EUR,2024-09-30T20:01:38Z,1429950826,INV-0151,True,2024-09-27T20:39:38Z,Catering - Lunch,bf3d5df3-e86b-493f-917f-df1f77469992,,,2024-09-27T20:01:39Z,0.0,,- Catering - Lunch,,,,,,,PRD-001,Product Sales,,False,False,False,False,e04f71a2-c16f-4b29-ab48-6e5869c3476e,,1,,1,False,,,2026-06-10T19:00:00Z,15.0,,,0.0,[No Tax],0.0,- Catering - Lunch,8789f986-6b29-4770-a79a-5d518729119f,15.0,Olena+e2@nexudus.com,2026-08-25T20:46:01Z
1457716325,,,,,,,,,False,EUR,2024-09-30T20:01:38Z,1429950826,INV-0151,True,2024-09-27T20:39:38Z,,,10-Visit Pass,ac85c8f0-1e67-49a8-9b85-ebca40fd79cb,2024-09-27T20:01:39Z,0.0,,10-Visit Pass [25/08/2026],,,,,,,,,,False,False,False,False,e04f71a2-c16f-4b29-ab48-6e5869c3476e,,2,,1,False,,,2026-08-25T19:47:56Z,200.0,,,0.0,[No Tax],0.0,10-Visit Pass [25/08/2026],4d63a64c-2683-4bac-8016-bd5087d557b9,200.0,Olena+e2@nexudus.com,2026-08-25T20:46:01Z
1457716326,,,,,bb5cc407-6124-4726-8a18-bc3c30a59991,,,,False,EUR,2026-08-16T20:01:39Z,1429950827,INV-0150,True,2026-08-13T20:39:37Z,,,,,2026-08-13T20:01:39Z,0.0,,Dedicated Desk Monthly,,,,,,,MEM-001,Membership Revenue,,False,False,False,False,e04f71a2-c16f-4b29-ab48-6e5869c3476e,,0,,1,False,,,2026-04-30T22:00:00Z,350.0,,Dedicated Desk Monthly,0.0,[No Tax],0.0,Dedicated Desk Monthly,efe03554-a0d5-4c1b-95f7-48d84e78a9ed,350.0,Olena+e2@nexudus.com,2026-08-25T20:46:00Z
1457716327,,,,,bb5cc407-6124-4726-8a18-bc3c30a59991,,,,False,EUR,2026-08-16T20:01:39Z,1429950827,INV-0150,True,2026-08-13T20:39:37Z,Mail Handling,1630459d-e5e4-4405-a621-42f549a55db5,,,2026-08-13T20:01:39Z,0.0,,Mail Handling,,,,,,,PRD-001,Product Sales,,False,False,False,False,e04f71a2-c16f-4b29-ab48-6e5869c3476e,,1,,1,False,,,2026-05-13T00:00:00Z,20.0,,,0.0,[No Tax],0.0,Mail Handling,964e6c72-c03e-4b86-9b50-a5c8ab3b53b4,20.0,Olena+e2@nexudus.com,2026-08-25T20:46:00Z
1457716328,,,,,2cadbe78-c732-4476-861a-9bc67be72c08,,,,False,EUR,2026-08-28T20:01:39Z,1429950828,INV-0221,False,,,,,,2026-08-25T20:01:39Z,0.0,,Flex Fortnightly,,,,,,,MEM-001,Membership Revenue,,False,False,False,False,e04f71a2-c16f-4b29-ab48-6e5869c3476e,,0,,1,False,,,2026-04-16T22:00:00Z,250.0,,Flex Fortnightly,0.0,[No Tax],0.0,Flex Fortnightly,8ac670c1-ab26-4f24-a938-1cd65bac742f,250.0,[System],2026-08-25T20:01:39Z
1457716329,,,,,2cadbe78-c732-4476-861a-9bc67be72c08,,,,False,EUR,2026-08-28T20:01:39Z,1429950828,INV-0221,False,,Parking Space,10db5db1-cf74-45ca-be4c-8b9249ce2485,,,2026-08-25T20:01:39Z,0.0,,Parking Space,,,,,,,PRD-001,Product Sales,,False,False,False,False,e04f71a2-c16f-4b29-ab48-6e5869c3476e,,1,,1,False,,,2026-04-16T22:00:00Z,75.0,,,0.0,[No Tax],0.0,Parking Space,5ced8fa3-24b0-4e91-960c-3e870c10223b,75.0,[System],2026-08-25T20:01:39Z
1457716184,,,,,995e8500-b723-4577-a8ec-c27f2d4035c8,,,,False,EUR,2025-09-13T20:01:41Z,1429950956,INV-0157,True,2025-09-10T20:39:41Z,,,,,2025-09-10T20:01:41Z,0.0,,Flex Fortnightly,,,,,,,MEM-001,Membership Revenue,,False,False,False,False,e04f71a2-c16f-4b29-ab48-6e5869c3476e,,0,,1,False,,,2024-12-02T23:00:00Z,250.0,,Flex Fortnightly,0.0,[No Tax],0.0,Flex Fortnightly,45700aca-4b66-4c2c-93ce-64f2e556fa49,250.0,Olena+e2@nexudus.com,2026-08-25T20:46:05Z
1457716185,,,,,,,,,False,EUR,2025-09-13T20:01:41Z,1429950956,INV-0157,True,2025-09-10T20:39:41Z,,,Half Day Pass,dfc07f8c-b845-48b7-ac32-15c116ee0f0a,2025-09-10T20:01:41Z,0.0,,Half Day Pass [25/08/2026],,,,,,,,,,False,False,False,False,e04f71a2-c16f-4b29-ab48-6e5869c3476e,,1,,1,False,,,2026-08-25T19:48:57Z,15.0,,,0.0,[No Tax],0.0,Half Day Pass [25/08/2026],0997ffdb-328c-4c29-adce-6b622f43c5e2,15.0,Olena+e2@nexudus.com,2026-08-25T20:46:05Z
1457716186,,,,,,,,,False,EUR,2025-09-13T20:01:41Z,1429950956,INV-0157,True,2025-09-10T20:39:41Z,Parking Space,be7fcdd7-72bf-444d-a662-da06b3b78cb0,,,2025-09-10T20:01:41Z,0.0,,Parking Space,,,,,,,PRD-001,Product Sales,,False,False,False,False,e04f71a2-c16f-4b29-ab48-6e5869c3476e,,2,,1,False,,,2026-08-25T19:49:11Z,75.0,,,0.0,[No Tax],0.0,Parking Space,3c98b3ee-a883-491c-9706-5246c67dffed,75.0,Olena+e2@nexudus.com,2026-08-25T20:46:05Z
1457716187,,,,,,,,,False,EUR,2025-09-13T20:01:41Z,1429950956,INV-0157,True,2025-09-10T20:39:41Z,,,,,2025-09-10T20:01:41Z,0.0,,Holiday Party: General Admission (Jonathan Middleton),,,,General Admission,12c6d775-c771-4856-a4b7-1cac65f40af3,,EVT-001,Event Revenue,,False,False,False,False,e04f71a2-c16f-4b29-ab48-6e5869c3476e,,3,,1,False,,,2026-12-11T18:00:00Z,25.0,,,0.0,[No Tax],0.0,Holiday Party: General Admission (Jonathan Middleton),902afe0d-abfb-40b7-a474-ca238412df16,25.0,Olena+e2@nexudus.com,2026-08-25T20:46:05Z
1457716188,,,,,7f5c3879-13f2-47ab-ac66-a597ee8f62ee,,,,False,EUR,2025-10-31T20:01:41Z,1429950957,INV-0159,True,2025-10-28T20:39:44Z,,,,,2025-10-28T20:01:41Z,0.0,,Hot Desk Monthly,,,,,,,MEM-001,Membership Revenue,,False,False,False,False,e04f71a2-c16f-4b29-ab48-6e5869c3476e,,0,,1,False,,,2024-05-18T23:00:00Z,150.0,,Hot Desk Monthly,0.0,[No Tax],0.0,Hot Desk Monthly,22f2be45-a2dd-431b-8b89-f887315cb97c,150.0,Olena+e2@nexudus.com,2026-08-25T20:46:09Z
1457716189,,,,,,,,,False,EUR,2025-10-31T20:01:41Z,1429950957,INV-0159,True,2025-10-28T20:39:44Z,,,,,2025-10-28T20:01:41Z,0.0,,Weekly Networking Lunch: General Admission (Ellie Lee),,,,General Admission,e14679cf-3408-4879-b651-71bb0d77d6ae,,EVT-001,Event Revenue,,False,False,False,False,e04f71a2-c16f-4b29-ab48-6e5869c3476e,,1,,1,False,,,2026-07-10T17:00:00Z,10.0,,,0.0,[No Tax],0.0,Weekly Networking Lunch: General Admission (Ellie Lee),4c5ece4e-0897-45f6-ad3f-72fa183a876b,10.0,Olena+e2@nexudus.com,2026-08-25T20:46:09Z
1457716200,,,,,5d427b4e-c15f-4a36-8c82-42381d078ec5,,,,False,EUR,2025-06-08T20:01:42Z,1429950959,INV-0160,True,2025-06-05T20:39:45Z,,,,,2025-06-05T20:01:42Z,0.0,,Flex Weekly,,,,,,,MEM-001,Membership Revenue,,False,False,False,False,e04f71a2-c16f-4b29-ab48-6e5869c3476e,,0,,1,False,,,2024-07-08T22:00:00Z,50.0,,Flex Weekly,0.0,[No Tax],0.0,Flex Weekly,b0b0703e-af17-4225-807d-b409fb9fb5ae,50.0,Olena+e2@nexudus.com,2026-08-25T20:46:10Z
1457717857,,,,,86e280a9-0c42-4769-9eb5-38309a5de047,,,,False,EUR,2026-08-28T21:02:35Z,1429950996,INV-0209,False,,,,,,2026-08-25T21:02:35Z,0.0,,Private Office Large,,,,,,,MEM-001,Membership Revenue,,False,False,False,False,e04f71a2-c16f-4b29-ab48-6e5869c3476e,,0,,1,False,,,2025-12-27T23:00:00Z,1883.84,,Private Office Large,0.0,[No Tax],0.0,Private Office Large,456e8a18-c131-45b0-8be1-ffb6825f4c73,1883.84,[System],2026-08-25T21:02:35Z
1457717860,,,,,2b593c66-b701-450c-bd4b-6ac15d83abde,,,,False,EUR,2026-08-28T21:02:35Z,1429950999,INV-0212,False,,,,,,2026-08-25T21:02:35Z,0.0,,Flex Fortnightly,,,,,,,MEM-001,Membership Revenue,,False,False,False,False,e04f71a2-c16f-4b29-ab48-6e5869c3476e,,0,,1,False,,,2026-03-20T23:00:00Z,250.0,,Flex Fortnightly,0.0,[No Tax],0.0,Flex Fortnightly,29accd1c-24e9-4426-8bf3-8f32571e9bbe,250.0,[System],2026-08-25T21:02:35Z
1457717861,,,,,2b593c66-b701-450c-bd4b-6ac15d83abde,,,,False,EUR,2026-08-28T21:02:35Z,1429950999,INV-0212,False,,Storage Locker,5329cec4-0caa-46b2-b157-cdbedd63aa1f,,,2026-08-25T21:02:35Z,0.0,,Storage Locker,,,,,,,PRD-001,Product Sales,,False,False,False,False,e04f71a2-c16f-4b29-ab48-6e5869c3476e,,1,,1,False,,,2026-03-20T23:00:00Z,30.0,,,0.0,[No Tax],0.0,Storage Locker,da3d982a-df97-4d2e-86b2-87b61483cfba,30.0,[System],2026-08-25T21:02:35Z
1457717864,,,,,080f8ea5-dcf0-401e-a264-fb8b2a6abf70,,,,False,EUR,2026-08-28T21:02:36Z,1429951002,INV-0211,False,,,,,,2026-08-25T21:02:36Z,0.0,,Flex Fortnightly,,,,,,,MEM-001,Membership Revenue,,False,False,False,False,e04f71a2-c16f-4b29-ab48-6e5869c3476e,,0,,1,False,,,2026-07-10T22:00:00Z,250.0,,Flex Fortnightly,0.0,[No Tax],0.0,Flex Fortnightly,60088cac-dced-4165-9219-3deafcbdb3ab,250.0,[System],2026-08-25T21:02:36Z
1457717865,,,,,080f8ea5-dcf0-401e-a264-fb8b2a6abf70,,,,False,EUR,2026-08-28T21:02:36Z,1429951002,INV-0211,False,,Mail Handling,a8985e51-6229-49bc-96d9-5586dbb31124,,,2026-08-25T21:02:36Z,0.0,,Mail Handling,,,,,,,PRD-001,Product Sales,,False,False,False,False,e04f71a2-c16f-4b29-ab48-6e5869c3476e,,1,,1,False,,,2026-07-10T22:00:00Z,20.0,,,0.0,[No Tax],0.0,Mail Handling,3a45689d-cc3b-4728-b94f-3f09c4af699c,20.0,[System],2026-08-25T21:02:36Z
1457717867,,,,,0a9a0857-2e1e-483d-ba08-cae73a0bbc33,,,,False,EUR,2026-08-28T21:02:36Z,1429951004,INV-0213,False,,,,,,2026-08-25T21:02:36Z,0.0,,Flex Fortnightly,,,,,,,MEM-001,Membership Revenue,,False,False,False,False,e04f71a2-c16f-4b29-ab48-6e5869c3476e,,0,,1,False,,,2026-01-13T23:00:00Z,250.0,,Flex Fortnightly,0.0,[No Tax],0.0,Flex Fortnightly,92c3194b-b16c-4cde-91e1-e9eed88a466f,250.0,[System],2026-08-25T21:02:36Z
1457717872,,,,,2ea47e1e-3154-4e0a-89fd-6878233ad8fa,,,,False,EUR,2026-08-28T21:02:36Z,1429951009,INV-0214,False,,,,,,2026-08-25T21:02:36Z,0.0,,Private Office Small,,,,,,,MEM-001,Membership Revenue,,False,False,False,False,e04f71a2-c16f-4b29-ab48-6e5869c3476e,,0,,1,False,,,2025-09-08T22:00:00Z,1200.0,,Private Office Small,0.0,[No Tax],0.0,Private Office Small,c54f47ac-755a-4f96-80cb-bea24ea497a5,1200.0,[System],2026-08-25T21:02:36Z
1457717873,,,,,c2034b47-1027-4fec-b92a-064d48bdd135,,,,False,EUR,2026-08-28T21:02:36Z,1429951010,INV-0215,False,,,,,,2026-08-25T21:02:36Z,0.0,,Private Office Large,,,,,,,MEM-001,Membership Revenue,,False,False,False,False,e04f71a2-c16f-4b29-ab48-6e5869c3476e,,0,,1,False,,,2025-09-05T22:00:00Z,2000.0,,Private Office Large,0.0,[No Tax],0.0,Private Office Large,81b58444-f530-445b-860b-9bf388a321d9,2000.0,[System],2026-08-25T21:02:36Z
1457717875,,,,,88086567-17a0-4218-9b78-9c2e5dba4483,,,,False,EUR,2026-08-28T21:02:37Z,1429951012,INV-0217,False,,,,,,2026-08-25T21:02:37Z,0.0,,Hot Desk Monthly,,,,,,,MEM-001,Membership Revenue,,False,False,False,False,e04f71a2-c16f-4b29-ab48-6e5869c3476e,,0,,1,False,,,2026-01-28T23:00:00Z,134.94,,Hot Desk Monthly,0.0,[No Tax],0.0,Hot Desk Monthly,9567e8f2-39df-4fc2-8571-e47e00cac9d6,134.94,[System],2026-08-25T21:02:37Z
1457716708,,,,,,,,,False,EUR,2024-04-14T19:55:11Z,1429951334,INV-0013,True,2024-04-11T20:04:29Z,Storage Locker,f52125b0-2b4b-4eda-9124-0916208ef1ac,,,2024-04-11T19:55:11Z,0.0,,Storage Locker,,,,,,,PRD-001,Product Sales,,False,False,False,False,e04f71a2-c16f-4b29-ab48-6e5869c3476e,,1,,1,True,30.0,2026-08-25T20:04:29Z,2026-08-25T19:49:12Z,30.0,,,0.0,[No Tax],0.0,Storage Locker,33111afd-7ca9-40c6-ab79-deba0a3cf3e3,30.0,Olena+e2@nexudus.com,2026-08-25T20:41:07Z
1457716709,,,,,,,,,False,EUR,2026-06-23T19:55:12Z,1429951335,INV-0014,True,2026-06-20T20:04:30Z,Storage Locker,ba553f00-f43b-4264-b33a-ada7afaf0383,,,2026-06-20T19:55:12Z,0.0,,Storage Locker,,,,,,,PRD-001,Product Sales,,False,False,False,False,e04f71a2-c16f-4b29-ab48-6e5869c3476e,,2,,1,True,30.0,2026-08-25T20:04:29Z,2026-08-25T19:49:15Z,30.0,,,0.0,[No Tax],0.0,Storage Locker,7796d86f-3e85-4e61-8236-646d075eeaef,30.0,Olena+e2@nexudus.com,2026-08-25T20:41:07Z
1457716710,,,,49e587ad-e028-425e-8325-09b7a8aac11e,53883c56-d800-4a32-9239-ef13b2d71f9a,,,,False,EUR,2026-06-27T19:55:14Z,1429951336,INV-0015,True,2026-06-24T20:04:31Z,,,,,2026-06-24T19:55:14Z,0.0,,Flex Weekly (Jessica White),0.0,,,,,,MEM-001,Membership Revenue,,False,False,False,False,e04f71a2-c16f-4b29-ab48-6e5869c3476e,,0,,1,True,50.0,2026-08-25T20:04:30Z,2024-12-04T23:00:00Z,50.0,,Flex Weekly,0.0,[No Tax],0.0,Flex Weekly (Jessica White),e6acf76e-533d-4ee8-8e48-629b40acc84b,50.0,Olena+e2@nexudus.com,2026-08-25T20:41:08Z
1457716711,,,,,1657f767-e59a-49fc-a23b-effc1bee7fee,,,,False,EUR,2026-06-27T19:55:14Z,1429951336,INV-0015,True,2026-06-24T20:04:31Z,,,,,2026-06-24T19:55:14Z,0.0,,Private Office Large,,,,,,,MEM-001,Membership Revenue,,False,False,False,False,e04f71a2-c16f-4b29-ab48-6e5869c3476e,,1,,1,True,2000.0,2026-08-25T20:04:30Z,2024-12-04T23:00:00Z,2000.0,,Private Office Large,0.0,[No Tax],0.0,Private Office Large,d0580f15-13da-4be1-ad4b-8eab11d35c35,2000.0,Olena+e2@nexudus.com,2026-08-25T20:41:08Z
1457716712,,,,67d0321c-da1f-4806-a48f-fbc68ec0a112,92281be9-afd5-42cf-bd70-d6e27953d355,,,,False,EUR,2026-06-27T19:55:14Z,1429951336,INV-0015,True,2026-06-24T20:04:31Z,,,,,2026-06-24T19:55:14Z,0.0,,Hot Desk Quarterly (Jessica White),0.0,,,,,,MEM-001,Membership Revenue,,False,False,False,False,e04f71a2-c16f-4b29-ab48-6e5869c3476e,,2,,1,True,400.0,2026-08-25T20:04:30Z,2024-12-04T23:00:00Z,400.0,,Hot Desk Quarterly,0.0,[No Tax],0.0,Hot Desk Quarterly (Jessica White),106847fd-81d5-4287-a797-ba9813883a49,400.0,Olena+e2@nexudus.com,2026-08-25T20:41:08Z
1457716713,,,,4a4d7c91-75ba-446f-bcae-80289ca183ee,0f98fec6-9c3f-4f79-b7ea-91d954ffc7f0,,,,False,EUR,2026-06-27T19:55:14Z,1429951336,INV-0015,True,2026-06-24T20:04:31Z,,,,,2026-06-24T19:55:14Z,0.0,,Dedicated Desk Monthly (Jay Rees),0.0,,,,,,MEM-001,Membership Revenue,,False,False,False,False,e04f71a2-c16f-4b29-ab48-6e5869c3476e,,3,,1,True,350.0,2026-08-25T20:04:30Z,2024-12-04T23:00:00Z,350.0,,Dedicated Desk Monthly,0.0,[No Tax],0.0,Dedicated Desk Monthly (Jay Rees),d54ffb8c-ab4a-457f-a208-d96f2ac398f9,350.0,Olena+e2@nexudus.com,2026-08-25T20:41:08Z
1457716714,,,,dfba9046-63e4-4f0b-aae6-9359c2517a38,099e26e9-e2c1-4b7c-ac3b-03d68ad48aa3,,,,False,EUR,2026-06-27T19:55:14Z,1429951336,INV-0015,True,2026-06-24T20:04:31Z,,,,,2026-06-24T19:55:14Z,0.0,,Flex Fortnightly (Rhys Davies),0.0,,,,,,MEM-001,Membership Revenue,,False,False,False,False,e04f71a2-c16f-4b29-ab48-6e5869c3476e,,4,,1,True,250.0,2026-08-25T20:04:30Z,2024-12-04T23:00:00Z,250.0,,Flex Fortnightly,0.0,[No Tax],0.0,Flex Fortnightly (Rhys Davies),ea835ba9-d503-4ee6-895b-2bba407ec07c,250.0,Olena+e2@nexudus.com,2026-08-25T20:41:08Z
1457716715,,,,b34ced58-68bf-464a-b3a2-bc9424fc73a1,2784e367-fba2-4cc7-bea2-ee5c970deec5,,,,False,EUR,2026-06-27T19:55:14Z,1429951336,INV-0015,True,2026-06-24T20:04:31Z,,,,,2026-06-24T19:55:14Z,0.0,,Dedicated Desk Monthly (Sarah Reed),0.0,,,,,,MEM-001,Membership Revenue,,False,False,False,False,e04f71a2-c16f-4b29-ab48-6e5869c3476e,,5,,1,True,350.0,2026-08-25T20:04:30Z,2024-12-04T23:00:00Z,350.0,,Dedicated Desk Monthly,0.0,[No Tax],0.0,Dedicated Desk Monthly (Sarah Reed),a8251847-eed2-4113-985e-d680e2494206,350.0,Olena+e2@nexudus.com,2026-08-25T20:41:08Z
1457716716,,,,f0aab461-f420-4fcc-a478-4ac33a35fcaa,2784e367-fba2-4cc7-bea2-ee5c970deec5,,,,False,EUR,2026-06-27T19:55:14Z,1429951336,INV-0015,True,2026-06-24T20:04:31Z,Parking Space,7794bd24-1421-4972-9f23-761ad95fbfa7,,,2026-06-24T19:55:14Z,0.0,,Parking Space (Sarah Reed),0.0,,,,,,PRD-001,Product Sales,,False,False,False,False,e04f71a2-c16f-4b29-ab48-6e5869c3476e,,6,,1,True,75.0,2026-08-25T20:04:30Z,2025-07-30T00:00:00Z,75.0,,,0.0,[No Tax],0.0,Parking Space (Sarah Reed),6e456f26-bccd-4560-b072-a16aafd0cd20,75.0,Olena+e2@nexudus.com,2026-08-25T20:41:08Z
1457716717,,,,f182da8e-3613-4d78-8c1c-400682e08352,b26a2991-65b8-4cce-a087-2a1599b49542,,,,False,EUR,2026-06-27T19:55:14Z,1429951336,INV-0015,True,2026-06-24T20:04:31Z,,,,,2026-06-24T19:55:14Z,0.0,,Flex Fortnightly (Paula Harvey),0.0,,,,,,MEM-001,Membership Revenue,,False,False,False,False,e04f71a2-c16f-4b29-ab48-6e5869c3476e,,7,,1,True,227.46,2026-08-25T20:04:30Z,2024-12-04T23:00:00Z,227.46,,Flex Fortnightly,0.0,[No Tax],0.0,Flex Fortnightly (Paula Harvey),0ce5133e-666a-4d83-adf9-dd14bde244c9,227.46,Olena+e2@nexudus.com,2026-08-25T20:41:08Z
1457716718,,,,da90da0d-9aef-46dd-b5e4-a3a1f3a69469,b26a2991-65b8-4cce-a087-2a1599b49542,,,,False,EUR,2026-06-27T19:55:14Z,1429951336,INV-0015,True,2026-06-24T20:04:31Z,Mail Handling,c84cfa16-e251-47a8-8702-65cef41cc80a,,,2026-06-24T19:55:14Z,0.0,,Mail Handling (Paula Harvey),0.0,,,,,,PRD-001,Product Sales,,False,False,False,False,e04f71a2-c16f-4b29-ab48-6e5869c3476e,,8,,1,True,20.0,2026-08-25T20:04:30Z,2026-06-11T00:00:00Z,20.0,,,0.0,[No Tax],0.0,Mail Handling (Paula Harvey),18212b7c-3c72-465b-aa0b-e4e4a8917e6f,20.0,Olena+e2@nexudus.com,2026-08-25T20:41:08Z
1457716719,,,,d7e0043e-2f5c-46ab-a67f-e4380a39ad1f,03dc1c2f-d72e-43d3-961a-1f9bd118e6c7,,,,False,EUR,2026-06-27T19:55:14Z,1429951336,INV-0015,True,2026-06-24T20:04:31Z,,,,,2026-06-24T19:55:14Z,0.0,,Private Office Large (Jay Rees),0.0,,,,,,MEM-001,Membership Revenue,,False,False,False,False,e04f71a2-c16f-4b29-ab48-6e5869c3476e,,9,,1,True,2000.0,2026-08-25T20:04:30Z,2024-12-04T23:00:00Z,2000.0,,Private Office Large,0.0,[No Tax],0.0,Private Office Large (Jay Rees),680b12e5-6daf-41db-8dbf-055c9c5bfc99,2000.0,Olena+e2@nexudus.com,2026-08-25T20:41:08Z
1457716720,,,,9c5adcf1-12c0-431a-ac29-5986b6f7988b,3ff972cd-d4b0-4f63-84b9-51e794a77aad,,,,False,EUR,2026-06-27T19:55:14Z,1429951336,INV-0015,True,2026-06-24T20:04:31Z,,,,,2026-06-24T19:55:14Z,0.0,,Dedicated Desk Monthly (Janice Glover),0.0,,,,,,MEM-001,Membership Revenue,,False,False,False,False,e04f71a2-c16f-4b29-ab48-6e5869c3476e,,10,,1,True,299.41,2026-08-25T20:04:30Z,2024-12-04T23:00:00Z,299.41,,Dedicated Desk Monthly,0.0,[No Tax],0.0,Dedicated Desk Monthly (Janice Glover),e0657dd2-9438-4b96-b156-5b06b2002b5d,299.41,Olena+e2@nexudus.com,2026-08-25T20:41:08Z
1457716721,29424b8c-7978-416d-b443-b9d25d9e29e5,,,,,,,,False,EUR,2026-06-27T19:55:14Z,1429951336,INV-0015,True,2026-06-24T20:04:31Z,AV Equipment,75839b4c-6877-4561-9646-9df362dba736,,,2026-06-24T19:55:14Z,0.0,,- AV Equipment,,,,,,,PRD-001,Product Sales,,False,False,False,False,e04f71a2-c16f-4b29-ab48-6e5869c3476e,,11,,1,True,25.0,2026-08-25T20:04:30Z,2026-02-17T14:00:00Z,25.0,,,0.0,[No Tax],0.0,- AV Equipment,b0867dd9-f1a0-424a-b73d-610578011242,25.0,Olena+e2@nexudus.com,2026-08-25T20:41:08Z
1457716722,,,,63b1bed4-0306-4851-9d30-3af88467a0ff,,,,,False,EUR,2026-06-27T19:55:14Z,1429951336,INV-0015,True,2026-06-24T20:04:31Z,,,,,2026-06-24T19:55:14Z,0.0,,Investor Pitch Night: General Admission (Jay Rees) (Jay Rees),0.0,,,,0d9eec8d-df88-4468-b319-ff7dd917301b,,EVT-001,Event Revenue,,False,False,False,False,e04f71a2-c16f-4b29-ab48-6e5869c3476e,,12,,1,True,0.0,2026-08-25T20:04:30Z,2026-03-22T17:00:00Z,0.0,,,0.0,[No Tax],0.0,Investor Pitch Night: General Admission (Jay Rees) (Jay Rees),b30296ef-6299-4ba3-885f-c080b4f33693,0.0,Olena+e2@nexudus.com,2026-08-25T20:41:08Z
1457716723,,,,,,,,,False,EUR,2026-06-27T19:55:14Z,1429951336,INV-0015,True,2026-06-24T20:04:31Z,,,,,2026-06-24T19:55:14Z,0.0,,Workshop: Startup Finance: General Admission (Samantha Quinn),,,,General Admission,3f149e74-3db4-4b8c-8b28-fa24f92d4e37,,EVT-001,Event Revenue,,False,False,False,False,e04f71a2-c16f-4b29-ab48-6e5869c3476e,,13,,1,True,0.0,2026-08-25T20:04:30Z,2026-06-24T18:00:00Z,0.0,,,0.0,[No Tax],0.0,Workshop: Startup Finance: General Admission (Samantha Quinn),b8f67a17-474d-4c16-a902-9450fd0c51b4,0.0,Olena+e2@nexudus.com,2026-08-25T20:41:08Z
1457716724,,,,,,,,,False,EUR,2026-06-27T19:55:14Z,1429951336,INV-0015,True,2026-06-24T20:04:31Z,,,,,2026-06-24T19:55:14Z,0.0,,Weekly Networking Lunch: General Admission (Samantha Quinn),,,,General Admission,158415b1-b9cb-478d-a064-ff5d00a89d7a,,EVT-001,Event Revenue,,False,False,False,False,e04f71a2-c16f-4b29-ab48-6e5869c3476e,,14,,1,True,10.0,2026-08-25T20:04:30Z,2026-07-10T17:00:00Z,10.0,,,0.0,[No Tax],0.0,Weekly Networking Lunch: General Admission (Samantha Quinn),04df9ead-38e6-47e1-aae2-6b2412193917,10.0,Olena+e2@nexudus.com,2026-08-25T20:41:08Z
1457716725,,,,6cbc3e5d-2baa-44ea-81a2-1ada0cfec45b,,,,,False,EUR,2026-06-27T19:55:14Z,1429951336,INV-0015,True,2026-06-24T20:04:31Z,,,,,2026-06-24T19:55:14Z,0.0,,Coffee & Networking: General Admission (Paula Harvey) (Paula Harvey),0.0,,,,dadac9d6-6264-4476-935f-8163ad4858cd,,EVT-001,Event Revenue,,False,False,False,False,e04f71a2-c16f-4b29-ab48-6e5869c3476e,,15,,1,True,0.0,2026-08-25T20:04:30Z,2026-07-12T17:00:00Z,0.0,,,0.0,[No Tax],0.0,Coffee & Networking: General Admission (Paula Harvey) (Paula Harvey),dcd12ec2-165f-49bc-957a-2587089327ff,0.0,Olena+e2@nexudus.com,2026-08-25T20:41:08Z
1457716726,,,,de2a4125-2fe3-4e8d-b2e8-a287ace070e5,,,,,False,EUR,2026-06-27T19:55:14Z,1429951336,INV-0015,True,2026-06-24T20:04:31Z,,,Half Day Pass,b33e6562-2bb8-4942-b300-b1d6176bee96,2026-06-24T19:55:14Z,0.0,,Half Day Pass [25/08/2026] (Jay Rees),0.0,,,,,,,,,False,False,False,False,e04f71a2-c16f-4b29-ab48-6e5869c3476e,,16,,1,True,15.0,2026-08-25T20:04:30Z,2026-08-25T19:47:59Z,15.0,,,0.0,[No Tax],0.0,Half Day Pass [25/08/2026] (Jay Rees),74d1a51b-96c5-4d23-b0ac-fd42d25bc3d8,15.0,Olena+e2@nexudus.com,2026-08-25T20:41:08Z
1457716727,,,,,,,,,False,EUR,2026-06-27T19:55:14Z,1429951336,INV-0015,True,2026-06-24T20:04:31Z,,,Half Day Pass,c348eab8-f0fc-4401-bb94-6e0327e0625f,2026-06-24T19:55:14Z,0.0,,Half Day Pass [25/08/2026],,,,,,,,,,False,False,False,False,e04f71a2-c16f-4b29-ab48-6e5869c3476e,,17,,1,True,15.0,2026-08-25T20:04:30Z,2026-08-25T19:48:07Z,15.0,,,0.0,[No Tax],0.0,Half Day Pass [25/08/2026],879095e6-d5db-4880-9036-4e6d29b27f5b,15.0,Olena+e2@nexudus.com,2026-08-25T20:41:08Z
1457716728,,,,d063c649-8aed-4283-99b6-3f4671fee537,,,,,False,EUR,2026-06-27T19:55:14Z,1429951336,INV-0015,True,2026-06-24T20:04:31Z,,,Half Day Pass,9d5ac52d-d352-4c16-9e6f-79ad69a82ddf,2026-06-24T19:55:14Z,0.0,,Half Day Pass [25/08/2026] (Paula Harvey),0.0,,,,,,,,,False,False,False,False,e04f71a2-c16f-4b29-ab48-6e5869c3476e,,18,,1,True,15.0,2026-08-25T20:04:30Z,2026-08-25T19:48:59Z,15.0,,,0.0,[No Tax],0.0,Half Day Pass [25/08/2026] (Paula Harvey),e035a669-d941-4b07-86ff-0be744ca8c5b,15.0,Olena+e2@nexudus.com,2026-08-25T20:41:08Z
1457716729,,,,ea24e239-91f7-4791-8388-832f192c5812,,,,,False,EUR,2026-06-27T19:55:14Z,1429951336,INV-0015,True,2026-06-24T20:04:31Z,,,Half Day Pass,b205c092-218e-4576-9727-f89e15efab16,2026-06-24T19:55:14Z,0.0,,Half Day Pass [25/08/2026] (Janice Glover),0.0,,,,,,,,,False,False,False,False,e04f71a2-c16f-4b29-ab48-6e5869c3476e,,19,,1,True,15.0,2026-08-25T20:04:30Z,2026-08-25T19:49:00Z,15.0,,,0.0,[No Tax],0.0,Half Day Pass [25/08/2026] (Janice Glover),fe30eca0-f7c9-42b9-9c34-72c19f233740,15.0,Olena+e2@nexudus.com,2026-08-25T20:41:08Z
1457716730,,,,598340ad-5e9d-4d4e-bfbf-ccc4dd46bf3f,,,,,False,EUR,2026-06-27T19:55:14Z,1429951336,INV-0015,True,2026-06-24T20:04:31Z,,,Day Pass,7e86057e-1978-4224-83c5-8f62b79bbd05,2026-06-24T19:55:14Z,0.0,,Day Pass [25/08/2026] (Sarah Reed),0.0,,,,,,,,,False,False,False,False,e04f71a2-c16f-4b29-ab48-6e5869c3476e,,20,,1,True,25.0,2026-08-25T20:04:30Z,2026-08-25T19:49:02Z,25.0,,,0.0,[No Tax],0.0,Day Pass [25/08/2026] (Sarah Reed),ce4b8f63-c820-490b-915f-8324dd2bdf77,25.0,Olena+e2@nexudus.com,2026-08-25T20:41:08Z
1457716731,,,,f86dde1a-ea5b-4f7b-8242-c8d7b384bfc5,,,,,False,EUR,2026-06-27T19:55:14Z,1429951336,INV-0015,True,2026-06-24T20:04:31Z,,,Half Day Pass,75e07202-0aab-4cb8-8627-a1a28d21a820,2026-06-24T19:55:14Z,0.0,,Half Day Pass [25/08/2026] (Rhys Davies),0.0,,,,,,,,,False,False,False,False,e04f71a2-c16f-4b29-ab48-6e5869c3476e,,21,,1,True,15.0,2026-08-25T20:04:30Z,2026-08-25T19:49:08Z,15.0,,,0.0,[No Tax],0.0,Half Day Pass [25/08/2026] (Rhys Davies),08fbfd4b-a796-4d09-ba11-ab24fea177dc,15.0,Olena+e2@nexudus.com,2026-08-25T20:41:08Z
1457716732,,,,08673d04-31fd-48a1-9ec2-9abce65eb34e,,,,,False,EUR,2026-06-27T19:55:14Z,1429951336,INV-0015,True,2026-06-24T20:04:31Z,,,,,2026-06-24T19:55:14Z,0.0,,Demo Day: General Admission (Jessica White) (Jessica White),0.0,,,,84393094-9af1-4401-9904-2097696e544f,,EVT-001,Event Revenue,,False,False,False,False,e04f71a2-c16f-4b29-ab48-6e5869c3476e,,22,,1,True,0.0,2026-08-25T20:04:30Z,2026-12-08T09:00:00Z,0.0,,,0.0,[No Tax],0.0,Demo Day: General Admission (Jessica White) (Jessica White),b5a62de2-b58c-4169-b4d9-1a6fddf9688b,0.0,Olena+e2@nexudus.com,2026-08-25T20:41:08Z
1457716733,,,,4f73b048-0cb4-495e-a3cd-e52b28168ff0,,,,,False,EUR,2026-06-27T19:55:14Z,1429951336,INV-0015,True,2026-06-24T20:04:31Z,,,,,2026-06-24T19:55:14Z,0.0,,Demo Day: General Admission (Janice Glover) (Janice Glover),0.0,,,,a38b5eb2-ee2e-431b-bf44-6e2976111966,,EVT-001,Event Revenue,,False,False,False,False,e04f71a2-c16f-4b29-ab48-6e5869c3476e,,23,,1,True,0.0,2026-08-25T20:04:30Z,2026-12-08T09:00:00Z,0.0,,,0.0,[No Tax],0.0,Demo Day: General Admission (Janice Glover) (Janice Glover),84641da0-2de0-4933-a481-3f5017eeb9b4,0.0,Olena+e2@nexudus.com,2026-08-25T20:41:08Z
1457716734,,,,7afb1993-3c90-4b31-9a01-d5c56bfbd128,,,,,False,EUR,2026-06-27T19:55:14Z,1429951336,INV-0015,True,2026-06-24T20:04:31Z,,,,,2026-06-24T19:55:14Z,0.0,,Demo Day: General Admission (Paula Harvey) (Paula Harvey),0.0,,,,ae0e7acc-d47f-4ed6-a7a4-062e2be6c4fa,,EVT-001,Event Revenue,,False,False,False,False,e04f71a2-c16f-4b29-ab48-6e5869c3476e,,24,,1,True,0.0,2026-08-25T20:04:30Z,2026-12-08T09:00:00Z,0.0,,,0.0,[No Tax],0.0,Demo Day: General Admission (Paula Harvey) (Paula Harvey),66be7db8-9696-4a3f-87f7-897a767999be,0.0,Olena+e2@nexudus.com,2026-08-25T20:41:08Z
1457716735,,,,,f27b265f-94a0-4c07-8bdb-e26c04644488,,,,False,EUR,2026-07-03T19:55:31Z,1429951337,INV-0021,True,2026-06-30T19:59:16Z,,,,,2026-06-30T19:55:31Z,0.0,,Hot Desk Quarterly,,,,,,,MEM-001,Membership Revenue,,False,False,False,False,e04f71a2-c16f-4b29-ab48-6e5869c3476e,,0,,1,False,,,2025-05-21T22:00:00Z,400.0,,Hot Desk Quarterly,0.0,[No Tax],0.0,Hot Desk Quarterly,e3cf66fc-6310-4bb1-96b9-1cfd787891ee,400.0,Olena+e2@nexudus.com,2026-08-25T20:41:12Z
1457716736,,,,,,,,,False,EUR,2026-07-03T19:55:31Z,1429951337,INV-0021,True,2026-06-30T19:59:16Z,,,Evening Pass,07e335b1-a365-4839-9add-ea514646fa0e,2026-06-30T19:55:31Z,0.0,,Evening Pass [25/08/2026],,,,,,,,,,False,False,False,False,e04f71a2-c16f-4b29-ab48-6e5869c3476e,,1,,1,False,,,2026-08-25T19:47:59Z,10.0,,,0.0,[No Tax],0.0,Evening Pass [25/08/2026],2f3c750d-e69e-4636-b45f-1cdccafac616,10.0,Olena+e2@nexudus.com,2026-08-25T20:41:12Z
1457716737,,,,,,,,,False,EUR,2026-07-03T19:55:31Z,1429951337,INV-0021,True,2026-06-30T19:59:16Z,Parking Space,f47818a7-aaf7-4718-85a3-b78976b1664e,,,2026-06-30T19:55:31Z,0.0,,Parking Space,,,,,,,PRD-001,Product Sales,,False,False,False,False,e04f71a2-c16f-4b29-ab48-6e5869c3476e,,2,,1,False,,,2026-08-25T19:49:09Z,75.0,,,0.0,[No Tax],0.0,Parking Space,60fa9a6d-ff4b-4250-ad50-41d4abe14da9,75.0,Olena+e2@nexudus.com,2026-08-25T20:41:12Z
1457716738,,,,,b40c2658-bbc4-46af-905f-2c19a1fc54d5,,,,False,EUR,2022-09-20T19:55:37Z,1429951338,INV-0025,True,2022-09-17T19:59:20Z,,,,,2022-09-17T19:55:37Z,0.0,,Flex Fortnightly,,,,,,,MEM-001,Membership Revenue,,False,False,False,False,e04f71a2-c16f-4b29-ab48-6e5869c3476e,,0,,1,False,,,2021-02-23T23:00:00Z,250.0,,Flex Fortnightly,0.0,[No Tax],0.0,Flex Fortnightly,aa963b3f-23b1-4ad7-b899-c0ab8fd0677b,250.0,Olena+e2@nexudus.com,2026-08-25T20:41:14Z
1457716739,,,,,,,,,False,EUR,2022-09-20T19:55:37Z,1429951338,INV-0025,True,2022-09-17T19:59:20Z,,,Half Day Pass,9d56d51b-b987-4b0a-be8b-18a46a0b5520,2022-09-17T19:55:37Z,0.0,,Half Day Pass [25/08/2026],,,,,,,,,,False,False,False,False,e04f71a2-c16f-4b29-ab48-6e5869c3476e,,1,,1,False,,,2026-08-25T19:48:00Z,15.0,,,0.0,[No Tax],0.0,Half Day Pass [25/08/2026],992142b9-2dbf-49cf-adf2-a82ce951f752,15.0,Olena+e2@nexudus.com,2026-08-25T20:41:14Z
1457716740,,,,,,,,,False,EUR,2022-09-20T19:55:37Z,1429951338,INV-0025,True,2022-09-17T19:59:20Z,Parking Space,1bfedda1-25bc-4374-93de-74b166951971,,,2022-09-17T19:55:37Z,0.0,,Parking Space,,,,,,,PRD-001,Product Sales,,False,False,False,False,e04f71a2-c16f-4b29-ab48-6e5869c3476e,,2,,1,False,,,2026-08-25T19:49:13Z,75.0,,,0.0,[No Tax],0.0,Parking Space,f9550921-1f10-4f41-91c1-e513d0f63e09,75.0,Olena+e2@nexudus.com,2026-08-25T20:41:14Z
1457716741,,,,,efa2ba9e-e139-4bf1-9a30-b2fcfaff8867,,,,False,EUR,2024-04-20T19:55:39Z,1429951339,INV-0027,True,2024-04-17T19:59:23Z,,,,,2024-04-17T19:55:39Z,0.0,,Dedicated Desk Monthly,,,,,,,MEM-001,Membership Revenue,,False,False,False,False,e04f71a2-c16f-4b29-ab48-6e5869c3476e,,0,,1,False,,,2023-11-19T23:00:00Z,350.0,,Dedicated Desk Monthly,0.0,[No Tax],0.0,Dedicated Desk Monthly,13ea96c3-6580-40f7-99ba-9eb3e871a8a2,350.0,Olena+e2@nexudus.com,2026-08-25T20:41:15Z
1457716742,,,,,,,,,False,EUR,2024-04-20T19:55:39Z,1429951339,INV-0027,True,2024-04-17T19:59:23Z,,,,,2024-04-17T19:55:39Z,0.0,,Monthly All-Hands: General Admission (Ryan Nelson),,,,General Admission,7a64f19d-b862-49b3-8e30-c07c8c36613b,,EVT-001,Event Revenue,,False,False,False,False,e04f71a2-c16f-4b29-ab48-6e5869c3476e,,1,,1,False,,,2026-07-10T09:00:00Z,25.0,,,0.0,[No Tax],0.0,Monthly All-Hands: General Admission (Ryan Nelson),4e6eed9d-a2fb-40e0-9ae4-925fb11bf531,25.0,Olena+e2@nexudus.com,2026-08-25T20:41:15Z
1457716743,,,,,,,,,False,EUR,2024-04-20T19:55:39Z,1429951339,INV-0027,True,2024-04-17T19:59:23Z,,,Day Pass,1e320ebf-03b3-46a2-90bc-04c661c6d28a,2024-04-17T19:55:39Z,0.0,,Day Pass [25/08/2026],,,,,,,,,,False,False,False,False,e04f71a2-c16f-4b29-ab48-6e5869c3476e,,2,,1,False,,,2026-08-25T19:47:57Z,25.0,,,0.0,[No Tax],0.0,Day Pass [25/08/2026],b5bc76d5-81db-4f94-8dc2-11f8f193f3cb,25.0,Olena+e2@nexudus.com,2026-08-25T20:41:15Z
1457716744,,,,,,,,,False,EUR,2024-04-20T19:55:39Z,1429951339,INV-0027,True,2024-04-17T19:59:23Z,Parking Space,3272b74d-13f9-4108-90a8-751ef9f266f5,,,2024-04-17T19:55:39Z,0.0,,Parking Space,,,,,,,PRD-001,Product Sales,,False,False,False,False,e04f71a2-c16f-4b29-ab48-6e5869c3476e,,3,,1,False,,,2026-08-25T19:49:12Z,75.0,,,0.0,[No Tax],0.0,Parking Space,e5b367c7-2487-4d18-8e00-91b161acfdc8,75.0,Olena+e2@nexudus.com,2026-08-25T20:41:15Z
1457716745,,,,,88086567-17a0-4218-9b78-9c2e5dba4483,,,,False,EUR,2024-02-20T19:55:42Z,1429951340,INV-0029,True,2024-02-17T19:59:24Z,,,,,2024-02-17T19:55:42Z,0.0,,Hot Desk Monthly,,,,,,,MEM-001,Membership Revenue,,False,False,False,False,e04f71a2-c16f-4b29-ab48-6e5869c3476e,,0,,1,False,,,2023-03-23T22:00:00Z,134.94,,Hot Desk Monthly,0.0,[No Tax],0.0,Hot Desk Monthly,77ae1f3e-89a9-4831-8b87-ef85411da84a,134.94,Olena+e2@nexudus.com,2026-08-25T20:41:58Z
1457716746,,,,,,,,,False,EUR,2024-02-20T19:55:42Z,1429951340,INV-0029,True,2024-02-17T19:59:24Z,,,Half Day Pass,16d0e7f4-6c33-42f6-aea4-07bf9af5567d,2024-02-17T19:55:42Z,0.0,,Half Day Pass [25/08/2026],,,,,,,,,,False,False,False,False,e04f71a2-c16f-4b29-ab48-6e5869c3476e,,1,,1,False,,,2026-08-25T19:48:00Z,15.0,,,0.0,[No Tax],0.0,Half Day Pass [25/08/2026],5a8fac4b-3016-4bb6-afb4-be9b3d0d9b0f,15.0,Olena+e2@nexudus.com,2026-08-25T20:41:58Z
1457716747,,,,,58c1a82b-cb36-4a80-af27-44875032f732,,,,False,EUR,2024-04-14T19:55:51Z,1429951341,INV-0035,True,2024-04-11T19:59:30Z,,,,,2024-04-11T19:55:51Z,0.0,,Hot Desk Monthly,,,,,,,MEM-001,Membership Revenue,,False,False,False,False,e04f71a2-c16f-4b29-ab48-6e5869c3476e,,0,,1,False,,,2023-05-06T22:00:00Z,150.0,,Hot Desk Monthly,0.0,[No Tax],0.0,Hot Desk Monthly,0639697d-3bb3-4f5d-8dd2-c5f61aaf7626,150.0,Olena+e2@nexudus.com,2026-08-25T20:42:02Z
1457716748,,,,,,,,,False,EUR,2024-04-14T19:55:51Z,1429951341,INV-0035,True,2024-04-11T19:59:30Z,,,,,2024-04-11T19:55:51Z,0.0,,Workshop: Startup Finance: General Admission (Chelsea Powell),,,,General Admission,590b3f70-986e-4712-9f53-b94d62e0f110,,EVT-001,Event Revenue,,False,False,False,False,e04f71a2-c16f-4b29-ab48-6e5869c3476e,,1,,1,False,,,2026-06-24T18:00:00Z,0.0,,,0.0,[No Tax],0.0,Workshop: Startup Finance: General Admission (Chelsea Powell),ad27a9cd-f2d2-43d6-862b-b67d40b89fe8,0.0,Olena+e2@nexudus.com,2026-08-25T20:42:02Z
1457716749,,,,,,,,,False,EUR,2024-04-14T19:55:51Z,1429951341,INV-0035,True,2024-04-11T19:59:30Z,,,Evening Pass,e92388cf-027a-4141-8311-93587ba674a5,2024-04-11T19:55:51Z,0.0,,Evening Pass [25/08/2026],,,,,,,,,,False,False,False,False,e04f71a2-c16f-4b29-ab48-6e5869c3476e,,2,,1,False,,,2026-08-25T19:48:03Z,10.0,,,0.0,[No Tax],0.0,Evening Pass [25/08/2026],89f5f660-2c00-4808-8728-df8fae42b184,10.0,Olena+e2@nexudus.com,2026-08-25T20:42:02Z
1457716750,,,,,,,,,False,EUR,2024-04-14T19:55:51Z,1429951341,INV-0035,True,2024-04-11T19:59:30Z,Storage Locker,56e7b283-d4e0-4d4c-94ec-fcd04fda524f,,,2024-04-11T19:55:51Z,0.0,,Storage Locker,,,,,,,PRD-001,Product Sales,,False,False,False,False,e04f71a2-c16f-4b29-ab48-6e5869c3476e,,3,,1,False,,,2026-08-25T19:49:10Z,30.0,,,0.0,[No Tax],0.0,Storage Locker,6b6fbc0c-c931-4f1a-a91d-32f484c392c4,30.0,Olena+e2@nexudus.com,2026-08-25T20:42:02Z
1457716751,,,,6e90cac8-2aeb-45bc-a7fa-7d42d282fd33,cd2bbb2c-3654-4737-b0b9-5c046bade0a2,,,,False,EUR,2024-09-29T19:55:54Z,1429951342,INV-0036,True,2024-09-26T19:59:30Z,,,,,2024-09-26T19:55:54Z,0.0,,Dedicated Desk Monthly (Victor Harrison),0.0,,,,,,MEM-001,Membership Revenue,,False,False,False,False,e04f71a2-c16f-4b29-ab48-6e5869c3476e,,0,,1,False,,,2023-05-08T22:00:00Z,298.76,,Dedicated Desk Monthly,0.0,[No Tax],0.0,Dedicated Desk Monthly (Victor Harrison),356b1ae3-68aa-466f-8c2d-fe4c14c5a4b9,298.76,Olena+e2@nexudus.com,2026-08-25T20:42:03Z
1457716752,,,,52278257-30dc-4736-915c-13367224aa00,cd2bbb2c-3654-4737-b0b9-5c046bade0a2,,,,False,EUR,2024-09-29T19:55:54Z,1429951342,INV-0036,True,2024-09-26T19:59:30Z,Parking Space,c3088236-2b14-49e8-a519-97b84687513b,,,2024-09-26T19:55:54Z,0.0,,Parking Space (Victor Harrison),0.0,,,,,,PRD-001,Product Sales,,False,False,False,False,e04f71a2-c16f-4b29-ab48-6e5869c3476e,,1,,1,False,,,2024-11-09T23:00:00Z,75.0,,,0.0,[No Tax],0.0,Parking Space (Victor Harrison),754dbddf-9c58-4ad1-a1f5-0069e6d46a29,75.0,Olena+e2@nexudus.com,2026-08-25T20:42:03Z
1457716753,,,,adb5d1c0-7b5d-40bc-8df4-349d7e577531,cd2bbb2c-3654-4737-b0b9-5c046bade0a2,,,,False,EUR,2024-09-29T19:55:54Z,1429951342,INV-0036,True,2024-09-26T19:59:30Z,,,,,2024-09-26T19:55:54Z,0.0,,Dedicated Desk Monthly (Victor Harrison),0.0,,,,,,MEM-001,Membership Revenue,,False,False,False,False,e04f71a2-c16f-4b29-ab48-6e5869c3476e,,2,,1,False,,,2023-05-08T22:00:00Z,298.76,,Dedicated Desk Monthly,0.0,[No Tax],0.0,Dedicated Desk Monthly (Victor Harrison),6e1632f4-9723-4658-a03e-a3ae764ab7e7,298.76,Olena+e2@nexudus.com,2026-08-25T20:42:03Z
1457716754,,,,467c3eaa-ba3e-4485-8030-f99056178df5,cd2bbb2c-3654-4737-b0b9-5c046bade0a2,,,,False,EUR,2024-09-29T19:55:54Z,1429951342,INV-0036,True,2024-09-26T19:59:30Z,Parking Space,beb61b0d-0eab-457d-8cb0-1c521174995a,,,2024-09-26T19:55:54Z,0.0,,Parking Space (Victor Harrison),0.0,,,,,,PRD-001,Product Sales,,False,False,False,False,e04f71a2-c16f-4b29-ab48-6e5869c3476e,,3,,1,False,,,2024-12-09T23:00:00Z,75.0,,,0.0,[No Tax],0.0,Parking Space (Victor Harrison),ea7930cf-8044-4569-97cc-e7bf4381ca9a,75.0,Olena+e2@nexudus.com,2026-08-25T20:42:03Z
1457716755,,,,7a05b223-a5ef-458d-ac0b-053cdbebcfa9,60220ba8-8c23-4162-87fb-4501cabf33b0,,,,False,EUR,2024-09-29T19:55:54Z,1429951342,INV-0036,True,2024-09-26T19:59:30Z,,,,,2024-09-26T19:55:54Z,0.0,,Hot Desk Quarterly (Tracy Harrison),0.0,,,,,,MEM-001,Membership Revenue,,False,False,False,False,e04f71a2-c16f-4b29-ab48-6e5869c3476e,,4,,1,False,,,2023-05-08T22:00:00Z,361.68,,Hot Desk Quarterly,0.0,[No Tax],0.0,Hot Desk Quarterly (Tracy Harrison),bb5a1e96-912c-46de-a0f3-96114aa098ee,361.68,Olena+e2@nexudus.com,2026-08-25T20:42:03Z
1457716756,,,,f70d6c98-45c8-4c18-a572-a16d8fb02abc,60220ba8-8c23-4162-87fb-4501cabf33b0,,,,False,EUR,2024-09-29T19:55:54Z,1429951342,INV-0036,True,2024-09-26T19:59:30Z,Mail Handling,9761ab04-adc7-4f49-88ae-732643c1db0a,,,2024-09-26T19:55:54Z,0.0,,Mail Handling (Tracy Harrison),0.0,,,,,,PRD-001,Product Sales,,False,False,False,False,e04f71a2-c16f-4b29-ab48-6e5869c3476e,,5,,1,False,,,2024-12-11T23:00:00Z,20.0,,,0.0,[No Tax],0.0,Mail Handling (Tracy Harrison),d8624894-7b97-4c83-a962-0fd9269d00a5,20.0,Olena+e2@nexudus.com,2026-08-25T20:42:03Z
1457716757,,,,d298550f-bcd8-40b8-ad3b-d8de195f403a,1eb0805e-661d-4d6b-8c84-2a6b07efda5f,,,,False,EUR,2024-09-29T19:55:54Z,1429951342,INV-0036,True,2024-09-26T19:59:30Z,,,,,2024-09-26T19:55:54Z,0.0,,Private Office Small (Ashley Smith),0.0,,,,,,MEM-001,Membership Revenue,,False,False,False,False,e04f71a2-c16f-4b29-ab48-6e5869c3476e,,6,,1,False,,,2023-05-08T22:00:00Z,1082.52,,Private Office Small,0.0,[No Tax],0.0,Private Office Small (Ashley Smith),d8cc61ae-9fac-4fcc-b835-6ee5846ee1b4,1082.52,Olena+e2@nexudus.com,2026-08-25T20:42:03Z
1457716758,,,,cba9c6a6-a0a1-4573-a7b9-3989669f4b2c,1eb0805e-661d-4d6b-8c84-2a6b07efda5f,,,,False,EUR,2024-09-29T19:55:54Z,1429951342,INV-0036,True,2024-09-26T19:59:30Z,Mail Handling,6df642a8-661f-4663-b8c4-6aacbf9f67b0,,,2024-09-26T19:55:54Z,0.0,,Mail Handling (Ashley Smith),0.0,,,,,,PRD-001,Product Sales,,False,False,False,False,e04f71a2-c16f-4b29-ab48-6e5869c3476e,,7,,1,False,,,2024-12-16T23:00:00Z,20.0,,,0.0,[No Tax],0.0,Mail Handling (Ashley Smith),f6c1374a-278e-4ff0-ae4c-eb0c8037c784,20.0,Olena+e2@nexudus.com,2026-08-25T20:42:03Z
1457716759,,,,9b22f398-65c3-49e7-bd87-2a2d1ea44f17,1eb0805e-661d-4d6b-8c84-2a6b07efda5f,,,,False,EUR,2024-09-29T19:55:54Z,1429951342,INV-0036,True,2024-09-26T19:59:30Z,,,,,2024-09-26T19:55:54Z,0.0,,Private Office Small (Ashley Smith),0.0,,,,,,MEM-001,Membership Revenue,,False,False,False,False,e04f71a2-c16f-4b29-ab48-6e5869c3476e,,8,,1,False,,,2023-05-08T22:00:00Z,1082.52,,Private Office Small,0.0,[No Tax],0.0,Private Office Small (Ashley Smith),17c0d9ba-c34b-454c-9c23-bde5470f684a,1082.52,Olena+e2@nexudus.com,2026-08-25T20:42:03Z
1457716760,,,,f1c64f1b-67de-4a4c-8349-dbcc51596c66,1eb0805e-661d-4d6b-8c84-2a6b07efda5f,,,,False,EUR,2024-09-29T19:55:54Z,1429951342,INV-0036,True,2024-09-26T19:59:30Z,Mail Handling,f721855d-ca14-46c4-828c-17b4052cf2c8,,,2024-09-26T19:55:54Z,0.0,,Mail Handling (Ashley Smith),0.0,,,,,,PRD-001,Product Sales,,False,False,False,False,e04f71a2-c16f-4b29-ab48-6e5869c3476e,,9,,1,False,,,2025-01-16T23:00:00Z,20.0,,,0.0,[No Tax],0.0,Mail Handling (Ashley Smith),e4b845e7-2fda-477b-89c9-8af17c98b853,20.0,Olena+e2@nexudus.com,2026-08-25T20:42:03Z
1457716761,,,,3f9540e3-e739-437f-aba6-e65bf4728024,60220ba8-8c23-4162-87fb-4501cabf33b0,,,,False,EUR,2024-09-29T19:55:54Z,1429951342,INV-0036,True,2024-09-26T19:59:30Z,,,,,2024-09-26T19:55:54Z,0.0,,Hot Desk Quarterly (Tracy Harrison),0.0,,,,,,MEM-001,Membership Revenue,,False,False,False,False,e04f71a2-c16f-4b29-ab48-6e5869c3476e,,10,,1,False,,,2023-05-08T22:00:00Z,361.68,,Hot Desk Quarterly,0.0,[No Tax],0.0,Hot Desk Quarterly (Tracy Harrison),f20f11e8-a4c9-4a97-b0b3-c5a9f456f928,361.68,Olena+e2@nexudus.com,2026-08-25T20:42:03Z
1457716762,,,,08e966dd-e180-47c6-bb98-39822c28bdaa,60220ba8-8c23-4162-87fb-4501cabf33b0,,,,False,EUR,2024-09-29T19:55:54Z,1429951342,INV-0036,True,2024-09-26T19:59:30Z,Mail Handling,6fc442f6-e1e7-4575-bf19-4c4ca3e1a2d4,,,2024-09-26T19:55:54Z,0.0,,Mail Handling (Tracy Harrison),0.0,,,,,,PRD-001,Product Sales,,False,False,False,False,e04f71a2-c16f-4b29-ab48-6e5869c3476e,,11,,1,False,,,2025-03-11T23:00:00Z,20.0,,,0.0,[No Tax],0.0,Mail Handling (Tracy Harrison),da177492-2008-4915-9a6d-9d9b7da40110,20.0,Olena+e2@nexudus.com,2026-08-25T20:42:03Z
1457716763,,,,9d4ea75d-1116-4c12-860b-556f0967e576,11351685-db46-4bc5-b905-1303b6682acc,,,,False,EUR,2024-09-29T19:55:54Z,1429951342,INV-0036,True,2024-09-26T19:59:30Z,,,,,2024-09-26T19:55:54Z,0.0,,Hot Desk Quarterly (Teresa Hopkins),0.0,,,,,,MEM-001,Membership Revenue,,False,False,False,False,e04f71a2-c16f-4b29-ab48-6e5869c3476e,,12,,1,False,,,2023-05-08T22:00:00Z,343.61,,Hot Desk Quarterly,0.0,[No Tax],0.0,Hot Desk Quarterly (Teresa Hopkins),723c631b-85e4-4988-982a-c22092f85bec,343.61,Olena+e2@nexudus.com,2026-08-25T20:42:03Z
1457716764,,,,,98b2ac8f-475a-4038-8609-c3387d034106,,,,False,EUR,2024-09-29T19:55:54Z,1429951342,INV-0036,True,2024-09-26T19:59:30Z,,,,,2024-09-26T19:55:54Z,0.0,,Flex Weekly,,,,,,,MEM-001,Membership Revenue,,False,False,False,False,e04f71a2-c16f-4b29-ab48-6e5869c3476e,,13,,1,False,,,2023-05-08T22:00:00Z,50.0,,Flex Weekly,0.0,[No Tax],0.0,Flex Weekly,870b0ea8-3ddf-4fb4-8a19-a0463aa1ca92,50.0,Olena+e2@nexudus.com,2026-08-25T20:42:03Z
1457716765,,,,,98b2ac8f-475a-4038-8609-c3387d034106,,,,False,EUR,2024-09-29T19:55:54Z,1429951342,INV-0036,True,2024-09-26T19:59:30Z,Storage Locker,9fec62ba-52cf-4b19-95a0-5e75b8436609,,,2024-09-26T19:55:54Z,0.0,,Storage Locker,,,,,,,PRD-001,Product Sales,,False,False,False,False,e04f71a2-c16f-4b29-ab48-6e5869c3476e,,14,,1,False,,,2025-04-05T22:00:00Z,30.0,,,0.0,[No Tax],0.0,Storage Locker,c7e36345-0e82-4a79-9b43-7207549c6e46,30.0,Olena+e2@nexudus.com,2026-08-25T20:42:03Z
1457716766,,,,13239c0a-3f2f-4282-933d-d5e7d87cb019,7129cea4-6c12-42bd-9565-7265f8b42fad,,,,False,EUR,2024-09-29T19:55:54Z,1429951342,INV-0036,True,2024-09-26T19:59:30Z,,,,,2024-09-26T19:55:54Z,0.0,,Hot Desk Monthly (Leanne Foster),0.0,,,,,,MEM-001,Membership Revenue,,False,False,False,False,e04f71a2-c16f-4b29-ab48-6e5869c3476e,,15,,1,False,,,2023-05-08T22:00:00Z,129.5,,Hot Desk Monthly,0.0,[No Tax],0.0,Hot Desk Monthly (Leanne Foster),65c178b6-72d9-42c1-b6f5-e94b2c5bb8d4,129.5,Olena+e2@nexudus.com,2026-08-25T20:42:03Z
1457716767,,,,79ae8c21-5d9e-4511-bdd2-563aa9c7ca13,7129cea4-6c12-42bd-9565-7265f8b42fad,,,,False,EUR,2024-09-29T19:55:54Z,1429951342,INV-0036,True,2024-09-26T19:59:30Z,Mail Handling,96145b6a-a51a-4fb5-8a4c-4e112484c4d0,,,2024-09-26T19:55:54Z,0.0,,Mail Handling (Leanne Foster),0.0,,,,,,PRD-001,Product Sales,,False,False,False,False,e04f71a2-c16f-4b29-ab48-6e5869c3476e,,16,,1,False,,,2025-05-21T22:00:00Z,20.0,,,0.0,[No Tax],0.0,Mail Handling (Leanne Foster),557d0268-6466-48f9-878f-da273d5f2825,20.0,Olena+e2@nexudus.com,2026-08-25T20:42:03Z
1457716768,,,,67060275-95b5-4c4e-8022-5ba48081499c,b18bd23e-3578-4f5a-b185-b9f31fe0378f,,,,False,EUR,2024-09-29T19:55:54Z,1429951342,INV-0036,True,2024-09-26T19:59:30Z,,,,,2024-09-26T19:55:54Z,0.0,,Flex Fortnightly (Robin Andrews),0.0,,,,,,MEM-001,Membership Revenue,,False,False,False,False,e04f71a2-c16f-4b29-ab48-6e5869c3476e,,17,,1,False,,,2023-05-08T22:00:00Z,235.98,,Flex Fortnightly,0.0,[No Tax],0.0,Flex Fortnightly (Robin Andrews),b05b058f-b839-4550-a234-136acdcdb3b0,235.98,Olena+e2@nexudus.com,2026-08-25T20:42:03Z
1457716769,,,,6a6f3b30-c922-49c6-8484-038eb64928b0,b18bd23e-3578-4f5a-b185-b9f31fe0378f,,,,False,EUR,2024-09-29T19:55:54Z,1429951342,INV-0036,True,2024-09-26T19:59:30Z,,,,,2024-09-26T19:55:54Z,0.0,,Flex Fortnightly (Robin Andrews),0.0,,,,,,MEM-001,Membership Revenue,,False,False,False,False,e04f71a2-c16f-4b29-ab48-6e5869c3476e,,18,,1,False,,,2023-05-08T22:00:00Z,235.98,,Flex Fortnightly,0.0,[No Tax],0.0,Flex Fortnightly (Robin Andrews),cdd4bd9b-4fa3-469b-8ef6-2336ac9ae751,235.98,Olena+e2@nexudus.com,2026-08-25T20:42:03Z
1457716770,,,,2c7780ed-77ba-4a15-9f83-591dcf924781,7129cea4-6c12-42bd-9565-7265f8b42fad,,,,False,EUR,2024-09-29T19:55:54Z,1429951342,INV-0036,True,2024-09-26T19:59:30Z,,,,,2024-09-26T19:55:54Z,0.0,,Hot Desk Monthly (Leanne Foster),0.0,,,,,,MEM-001,Membership Revenue,,False,False,False,False,e04f71a2-c16f-4b29-ab48-6e5869c3476e,,19,,1,False,,,2023-05-08T22:00:00Z,129.5,,Hot Desk Monthly,0.0,[No Tax],0.0,Hot Desk Monthly (Leanne Foster),8e41cef6-6c89-4dd1-a25c-a5843f54238f,129.5,Olena+e2@nexudus.com,2026-08-25T20:42:03Z
1457716771,,,,10f82435-a6fb-4337-99a2-a41b89672648,7129cea4-6c12-42bd-9565-7265f8b42fad,,,,False,EUR,2024-09-29T19:55:54Z,1429951342,INV-0036,True,2024-09-26T19:59:30Z,Mail Handling,734f9f55-641f-4547-bb3c-e8deaf92f9ea,,,2024-09-26T19:55:54Z,0.0,,Mail Handling (Leanne Foster),0.0,,,,,,PRD-001,Product Sales,,False,False,False,False,e04f71a2-c16f-4b29-ab48-6e5869c3476e,,20,,1,False,,,2025-06-21T22:00:00Z,20.0,,,0.0,[No Tax],0.0,Mail Handling (Leanne Foster),9d2bfe16-d231-466c-ac9c-dfba7ba7ba95,20.0,Olena+e2@nexudus.com,2026-08-25T20:42:03Z
1457716772,,,,3b896c07-3950-43a1-aa01-4b70185cb87a,11351685-db46-4bc5-b905-1303b6682acc,,,,False,EUR,2024-09-29T19:55:54Z,1429951342,INV-0036,True,2024-09-26T19:59:30Z,,,,,2024-09-26T19:55:54Z,0.0,,Hot Desk Quarterly (Teresa Hopkins),0.0,,,,,,MEM-001,Membership Revenue,,False,False,False,False,e04f71a2-c16f-4b29-ab48-6e5869c3476e,,21,,1,False,,,2023-05-08T22:00:00Z,343.61,,Hot Desk Quarterly,0.0,[No Tax],0.0,Hot Desk Quarterly (Teresa Hopkins),80bba054-f9c7-4fc2-a9d9-3a5cd0dd3306,343.61,Olena+e2@nexudus.com,2026-08-25T20:42:03Z
1457716773,,,,b9fe6351-fad7-46e7-82a3-270050d14d1f,a98c8df6-34c6-4ab5-8b7c-ebe99a8fe589,,,,False,EUR,2024-09-29T19:55:54Z,1429951342,INV-0036,True,2024-09-26T19:59:30Z,,,,,2024-09-26T19:55:54Z,0.0,,Flex Fortnightly (Ashley Smith),0.0,,,,,,MEM-001,Membership Revenue,,False,False,False,False,e04f71a2-c16f-4b29-ab48-6e5869c3476e,,22,,1,False,,,2023-05-08T22:00:00Z,250.0,,Flex Fortnightly,0.0,[No Tax],0.0,Flex Fortnightly (Ashley Smith),f8716a62-8fec-47df-abfd-d357cc1ad115,250.0,Olena+e2@nexudus.com,2026-08-25T20:42:03Z
1457716774,,,,35d758ee-ef59-4eb7-b71b-cfe9d5713dfc,a98c8df6-34c6-4ab5-8b7c-ebe99a8fe589,,,,False,EUR,2024-09-29T19:55:54Z,1429951342,INV-0036,True,2024-09-26T19:59:30Z,Parking Space,7bbb4635-618c-4399-b0c0-d915bd4ac9c4,,,2024-09-26T19:55:54Z,0.0,,Parking Space (Ashley Smith),0.0,,,,,,PRD-001,Product Sales,,False,False,False,False,e04f71a2-c16f-4b29-ab48-6e5869c3476e,,23,,1,False,,,2026-03-24T23:00:00Z,75.0,,,0.0,[No Tax],0.0,Parking Space (Ashley Smith),d50146fd-abc3-47cb-a413-b478cb2c86b5,75.0,Olena+e2@nexudus.com,2026-08-25T20:42:03Z
1457716775,,,,,d0e0f13b-7d3e-41fe-a05a-f7488fe8f088,,,,False,EUR,2025-02-04T19:55:56Z,1429951343,INV-0037,True,2025-02-01T19:59:31Z,,,,,2025-02-01T19:55:56Z,0.0,,Dedicated Desk Monthly,,,,,,,MEM-001,Membership Revenue,,False,False,False,False,e04f71a2-c16f-4b29-ab48-6e5869c3476e,,0,,1,False,,,2024-02-25T22:00:00Z,350.0,,Dedicated Desk Monthly,0.0,[No Tax],0.0,Dedicated Desk Monthly,7f996dfe-1dc4-4647-b541-662f82e59caa,350.0,Olena+e2@nexudus.com,2026-08-25T20:42:04Z
1457716776,,,,,d0e0f13b-7d3e-41fe-a05a-f7488fe8f088,,,,False,EUR,2025-02-04T19:55:56Z,1429951343,INV-0037,True,2025-02-01T19:59:31Z,Storage Locker,b3439649-a7b2-4ec0-a488-28575055c549,,,2025-02-01T19:55:56Z,0.0,,Storage Locker,,,,,,,PRD-001,Product Sales,,False,False,False,False,e04f71a2-c16f-4b29-ab48-6e5869c3476e,,1,,1,False,,,2025-09-17T22:00:00Z,30.0,,,0.0,[No Tax],0.0,Storage Locker,38ef1f4b-5746-4989-a1f8-825e388a38ab,30.0,Olena+e2@nexudus.com,2026-08-25T20:42:04Z
1457716777,,,,,c3e3e2eb-6035-4462-9876-89d5f059199d,,,,False,EUR,2025-06-12T19:55:59Z,1429951344,INV-0039,True,2025-06-09T19:59:33Z,,,,,2025-06-09T19:55:59Z,0.0,,Private Office Annual,,,,,,,MEM-001,Membership Revenue,,False,False,False,False,e04f71a2-c16f-4b29-ab48-6e5869c3476e,,0,,1,False,,,2025-03-29T22:00:00Z,12000.0,,Private Office Annual,0.0,[No Tax],0.0,Private Office Annual,37bfd8bc-399b-4ce6-862b-82624914ed4e,12000.0,Olena+e2@nexudus.com,2026-08-25T20:42:05Z
1457716778,,,,,c3e3e2eb-6035-4462-9876-89d5f059199d,,,,False,EUR,2025-06-12T19:55:59Z,1429951344,INV-0039,True,2025-06-09T19:59:33Z,Parking Space,5e0dab42-1518-4409-805c-3e3f3908d88d,,,2025-06-09T19:55:59Z,0.0,,Parking Space,,,,,,,PRD-001,Product Sales,,False,False,False,False,e04f71a2-c16f-4b29-ab48-6e5869c3476e,,1,,1,False,,,2026-06-14T22:00:00Z,75.0,,,0.0,[No Tax],0.0,Parking Space,fa6895db-6041-4832-865b-9c90a7827822,75.0,Olena+e2@nexudus.com,2026-08-25T20:42:05Z
1457716779,,,,,05d57e40-8523-4290-87a0-5c3f06ee7d2b,,,,False,EUR,2026-01-30T19:56:04Z,1429951345,INV-0041,True,2026-01-27T19:59:34Z,,,,,2026-01-27T19:56:04Z,0.0,,Dedicated Desk Monthly,,,,,,,MEM-001,Membership Revenue,,False,False,False,False,e04f71a2-c16f-4b29-ab48-6e5869c3476e,,0,,1,False,,,2024-05-28T23:00:00Z,329.93,,Dedicated Desk Monthly,0.0,[No Tax],0.0,Dedicated Desk Monthly,4415f8d3-2130-40be-8bf0-15a547df146b,329.93,Olena+e2@nexudus.com,2026-08-25T20:42:06Z
1457716780,,,,,05d57e40-8523-4290-87a0-5c3f06ee7d2b,,,,False,EUR,2026-01-30T19:56:04Z,1429951345,INV-0041,True,2026-01-27T19:59:34Z,Storage Locker,7bee652c-a6f9-481d-a648-e8a9f72e7102,,,2026-01-27T19:56:04Z,0.0,,Storage Locker,,,,,,,PRD-001,Product Sales,,False,False,False,False,e04f71a2-c16f-4b29-ab48-6e5869c3476e,,1,,1,False,,,2024-12-24T23:00:00Z,30.0,,,0.0,[No Tax],0.0,Storage Locker,4080ec05-3d91-44f0-9e2e-b8d85ca8e185,30.0,Olena+e2@nexudus.com,2026-08-25T20:42:06Z
1457716781,,,,f67b746b-8eaa-43cd-9bc5-8de323dca167,56d5f420-d042-45a7-9b7d-7bb85443c1ca,,,,False,EUR,2026-01-30T19:56:04Z,1429951345,INV-0041,True,2026-01-27T19:59:34Z,,,,,2026-01-27T19:56:04Z,0.0,,Flex Fortnightly (Leslie Warner),0.0,,,,,,MEM-001,Membership Revenue,,False,False,False,False,e04f71a2-c16f-4b29-ab48-6e5869c3476e,,2,,1,False,,,2024-05-28T23:00:00Z,250.0,,Flex Fortnightly,0.0,[No Tax],0.0,Flex Fortnightly (Leslie Warner),1db65c18-a1f9-4294-8196-a0d51428256c,250.0,Olena+e2@nexudus.com,2026-08-25T20:42:06Z
1457716782,,,,f27f08a6-4692-415d-b881-7e104c056c42,56d5f420-d042-45a7-9b7d-7bb85443c1ca,,,,False,EUR,2026-01-30T19:56:04Z,1429951345,INV-0041,True,2026-01-27T19:59:34Z,Parking Space,8dae8d15-e0a5-47ae-bc84-bbb3ac03eb15,,,2026-01-27T19:56:04Z,0.0,,Parking Space (Leslie Warner),0.0,,,,,,PRD-001,Product Sales,,False,False,False,False,e04f71a2-c16f-4b29-ab48-6e5869c3476e,,3,,1,False,,,2025-04-06T22:00:00Z,75.0,,,0.0,[No Tax],0.0,Parking Space (Leslie Warner),1f95a181-df27-4b13-9a28-ddbda11ae825,75.0,Olena+e2@nexudus.com,2026-08-25T20:42:06Z
1457716783,,,,ddcf9c35-1663-4179-ba0c-d236fcd76c60,56d5f420-d042-45a7-9b7d-7bb85443c1ca,,,,False,EUR,2026-01-30T19:56:04Z,1429951345,INV-0041,True,2026-01-27T19:59:34Z,,,,,2026-01-27T19:56:04Z,0.0,,Flex Fortnightly (Leslie Warner),0.0,,,,,,MEM-001,Membership Revenue,,False,False,False,False,e04f71a2-c16f-4b29-ab48-6e5869c3476e,,4,,1,False,,,2024-05-28T23:00:00Z,250.0,,Flex Fortnightly,0.0,[No Tax],0.0,Flex Fortnightly (Leslie Warner),3666e0e3-ce31-4730-91d5-ffcc1e716c03,250.0,Olena+e2@nexudus.com,2026-08-25T20:42:06Z
1457716784,,,,f2c5f539-a205-4afc-ab04-47080055550d,56d5f420-d042-45a7-9b7d-7bb85443c1ca,,,,False,EUR,2026-01-30T19:56:04Z,1429951345,INV-0041,True,2026-01-27T19:59:34Z,Parking Space,1ce9490c-bf20-4d4e-8cc7-66feb8409a0b,,,2026-01-27T19:56:04Z,0.0,,Parking Space (Leslie Warner),0.0,,,,,,PRD-001,Product Sales,,False,False,False,False,e04f71a2-c16f-4b29-ab48-6e5869c3476e,,5,,1,False,,,2025-04-20T22:00:00Z,75.0,,,0.0,[No Tax],0.0,Parking Space (Leslie Warner),de503cf2-cc4e-4d91-a366-fc1afe5eddaa,75.0,Olena+e2@nexudus.com,2026-08-25T20:42:06Z
1457716785,,,,c5031948-d9bb-4496-a3c2-bf1253e0ee70,df6d629b-b400-46c5-8491-ebd0acaf5840,,,,False,EUR,2026-01-30T19:56:04Z,1429951345,INV-0041,True,2026-01-27T19:59:34Z,,,,,2026-01-27T19:56:04Z,0.0,,Dedicated Desk Monthly (Jeremy Mellor),0.0,,,,,,MEM-001,Membership Revenue,,False,False,False,False,e04f71a2-c16f-4b29-ab48-6e5869c3476e,,6,,1,False,,,2024-05-28T23:00:00Z,330.2,,Dedicated Desk Monthly,0.0,[No Tax],0.0,Dedicated Desk Monthly (Jeremy Mellor),111ea6f3-3f51-4bbd-a188-86cd55bb9480,330.2,Olena+e2@nexudus.com,2026-08-25T20:42:06Z
1457716786,,,,6d1b7d40-4723-43d5-8d35-f6e00143b898,df6d629b-b400-46c5-8491-ebd0acaf5840,,,,False,EUR,2026-01-30T19:56:04Z,1429951345,INV-0041,True,2026-01-27T19:59:34Z,,,,,2026-01-27T19:56:04Z,0.0,,Dedicated Desk Monthly (Jeremy Mellor),0.0,,,,,,MEM-001,Membership Revenue,,False,False,False,False,e04f71a2-c16f-4b29-ab48-6e5869c3476e,,7,,1,False,,,2024-05-28T23:00:00Z,330.2,,Dedicated Desk Monthly,0.0,[No Tax],0.0,Dedicated Desk Monthly (Jeremy Mellor),d430914b-ad65-4bfd-b8e6-e98032f36dca,330.2,Olena+e2@nexudus.com,2026-08-25T20:42:06Z
1457716787,,,,1bb74950-a492-404e-a2db-61e328e986df,1a5c76ee-f959-44e4-84ca-ab0a373ed503,,,,False,EUR,2026-01-30T19:56:04Z,1429951345,INV-0041,True,2026-01-27T19:59:34Z,,,,,2026-01-27T19:56:04Z,0.0,,Flex Weekly (Gemma Ferguson),0.0,,,,,,MEM-001,Membership Revenue,,False,False,False,False,e04f71a2-c16f-4b29-ab48-6e5869c3476e,,8,,1,False,,,2024-05-28T23:00:00Z,44.46,,Flex Weekly,0.0,[No Tax],0.0,Flex Weekly (Gemma Ferguson),6566cfd1-eb09-4e99-b1be-cdc073483296,44.46,Olena+e2@nexudus.com,2026-08-25T20:42:06Z
1457716788,,,,5a09146e-0816-44a1-89da-1efcf29549d7,1a5c76ee-f959-44e4-84ca-ab0a373ed503,,,,False,EUR,2026-01-30T19:56:04Z,1429951345,INV-0041,True,2026-01-27T19:59:34Z,,,,,2026-01-27T19:56:04Z,0.0,,Flex Weekly (Gemma Ferguson),0.0,,,,,,MEM-001,Membership Revenue,,False,False,False,False,e04f71a2-c16f-4b29-ab48-6e5869c3476e,,9,,1,False,,,2024-05-28T23:00:00Z,44.46,,Flex Weekly,0.0,[No Tax],0.0,Flex Weekly (Gemma Ferguson),7274a2c0-0039-4d56-9a7b-4f96d5ec887d,44.46,Olena+e2@nexudus.com,2026-08-25T20:42:06Z
1457716789,,,,92ecad1e-ac18-4f1d-8e8d-ccca23e71296,bdcb9d2c-ab81-4e8e-9968-3a380ef40ce8,,,,False,EUR,2026-01-30T19:56:04Z,1429951345,INV-0041,True,2026-01-27T19:59:34Z,,,,,2026-01-27T19:56:04Z,0.0,,Hot Desk Monthly (Gemma Elliott),0.0,,,,,,MEM-001,Membership Revenue,,False,False,False,False,e04f71a2-c16f-4b29-ab48-6e5869c3476e,,10,,1,False,,,2024-05-28T23:00:00Z,140.86,,Hot Desk Monthly,0.0,[No Tax],0.0,Hot Desk Monthly (Gemma Elliott),fdfcf3a0-7886-417e-af7b-06163d52511f,140.86,Olena+e2@nexudus.com,2026-08-25T20:42:06Z
1457716790,,,,3b5335c8-cd70-40e5-9f02-1c3f540ab67a,bdcb9d2c-ab81-4e8e-9968-3a380ef40ce8,,,,False,EUR,2026-01-30T19:56:04Z,1429951345,INV-0041,True,2026-01-27T19:59:34Z,Mail Handling,105693be-efd9-43b8-ae74-bd8e472a6f63,,,2026-01-27T19:56:04Z,0.0,,Mail Handling (Gemma Elliott),0.0,,,,,,PRD-001,Product Sales,,False,False,False,False,e04f71a2-c16f-4b29-ab48-6e5869c3476e,,11,,1,False,,,2026-08-01T22:00:00Z,20.0,,,0.0,[No Tax],0.0,Mail Handling (Gemma Elliott),b19695c3-f495-4bd9-a62c-72b35494fd36,20.0,Olena+e2@nexudus.com,2026-08-25T20:42:06Z
1457716791,,,,2fefab4b-62f5-4e13-b0be-1b9437e70ded,bdcb9d2c-ab81-4e8e-9968-3a380ef40ce8,,,,False,EUR,2026-01-30T19:56:04Z,1429951345,INV-0041,True,2026-01-27T19:59:34Z,,,,,2026-01-27T19:56:04Z,0.0,,Hot Desk Monthly (Gemma Elliott),0.0,,,,,,MEM-001,Membership Revenue,,False,False,False,False,e04f71a2-c16f-4b29-ab48-6e5869c3476e,,12,,1,False,,,2024-05-28T23:00:00Z,140.86,,Hot Desk Monthly,0.0,[No Tax],0.0,Hot Desk Monthly (Gemma Elliott),2e214c21-0a51-413a-bf10-4139961bfaaa,140.86,Olena+e2@nexudus.com,2026-08-25T20:42:06Z
1457716792,,,,5537c3c9-76fe-4d95-a8c4-f49b3a2f3d29,bdcb9d2c-ab81-4e8e-9968-3a380ef40ce8,,,,False,EUR,2026-01-30T19:56:04Z,1429951345,INV-0041,True,2026-01-27T19:59:34Z,Mail Handling,63f23382-25a2-4897-938e-b2d1fd49ee60,,,2026-01-27T19:56:04Z,0.0,,Mail Handling (Gemma Elliott),0.0,,,,,,PRD-001,Product Sales,,False,False,False,False,e04f71a2-c16f-4b29-ab48-6e5869c3476e,,13,,1,False,,,2026-09-01T22:00:00Z,20.0,,,0.0,[No Tax],0.0,Mail Handling (Gemma Elliott),94d3aebf-5989-4b30-96cc-4ddccef1057c,20.0,Olena+e2@nexudus.com,2026-08-25T20:42:06Z
1457716793,,,,57da495c-20ea-4791-9424-c3d559f45425,40933bb3-00fe-49af-9a6d-edb5828b366b,,,,False,EUR,2026-01-30T19:56:04Z,1429951345,INV-0041,True,2026-01-27T19:59:34Z,,,,,2026-01-27T19:56:04Z,0.0,,Private Office Annual (Irene Wilson),0.0,,,,,,MEM-001,Membership Revenue,,False,False,False,False,e04f71a2-c16f-4b29-ab48-6e5869c3476e,,14,,1,False,,,2024-05-28T23:00:00Z,12000.0,,Private Office Annual,0.0,[No Tax],0.0,Private Office Annual (Irene Wilson),4dc8463a-1a9b-4ca9-8ab6-f54610865ea2,12000.0,Olena+e2@nexudus.com,2026-08-25T20:42:06Z
1457716794,,,,,23fa1f46-b5ce-4acd-9a0f-b4473d61fae1,,,,False,EUR,2024-09-21T19:56:20Z,1429951346,INV-0046,True,2024-09-18T20:00:16Z,,,,,2024-09-18T19:56:20Z,0.0,,Hot Desk Quarterly,,,,,,,MEM-001,Membership Revenue,,False,False,False,False,e04f71a2-c16f-4b29-ab48-6e5869c3476e,,0,,1,False,,,2024-11-10T22:00:00Z,400.0,,Hot Desk Quarterly,0.0,[No Tax],0.0,Hot Desk Quarterly,e6c7842f-5f4e-4e31-ba7e-a8763817529a,400.0,Olena+e2@nexudus.com,2026-08-25T20:42:10Z
1457716795,,,,,23fa1f46-b5ce-4acd-9a0f-b4473d61fae1,,,,False,EUR,2024-09-21T19:56:20Z,1429951346,INV-0046,True,2024-09-18T20:00:16Z,Parking Space,b1eb0d5f-543e-4372-9491-04292eff71ea,,,2024-09-18T19:56:20Z,0.0,,Parking Space,,,,,,,PRD-001,Product Sales,,False,False,False,False,e04f71a2-c16f-4b29-ab48-6e5869c3476e,,1,,1,False,,,2026-10-17T22:00:00Z,75.0,,,0.0,[No Tax],0.0,Parking Space,d93deb0c-dab4-4c9c-9207-17c0502a2c45,75.0,Olena+e2@nexudus.com,2026-08-25T20:42:10Z
1457716796,,,,,58cae1f6-208f-465a-94fd-3dda8406c288,,,,False,EUR,2023-04-08T19:56:21Z,1429951347,INV-0047,True,2023-04-05T20:00:23Z,,,,,2023-04-05T19:56:21Z,0.0,,Hot Desk Monthly,,,,,,,MEM-001,Membership Revenue,,False,False,False,False,e04f71a2-c16f-4b29-ab48-6e5869c3476e,,0,,1,False,,,2023-04-04T22:00:00Z,150.0,,Hot Desk Monthly,0.0,[No Tax],0.0,Hot Desk Monthly,85aa1317-1288-45c4-9770-723b07f05c82,150.0,Olena+e2@nexudus.com,2026-08-25T20:42:10Z
1457716797,,,,,58cae1f6-208f-465a-94fd-3dda8406c288,,,,False,EUR,2023-04-08T19:56:21Z,1429951347,INV-0047,True,2023-04-05T20:00:23Z,Mail Handling,fbc87e13-216e-4900-8dc6-aaeabfa21e22,,,2023-04-05T19:56:21Z,0.0,,Mail Handling,,,,,,,PRD-001,Product Sales,,False,False,False,False,e04f71a2-c16f-4b29-ab48-6e5869c3476e,,1,,1,False,,,2026-08-24T22:00:00Z,20.0,,,0.0,[No Tax],0.0,Mail Handling,4ac191f3-ae26-4541-99f8-33c21003082c,20.0,Olena+e2@nexudus.com,2026-08-25T20:42:10Z
1457716798,,,,,0b99228e-caff-4aa9-9654-baf383c41be4,,,,False,EUR,2025-03-04T19:56:24Z,1429951348,INV-0048,True,2025-03-01T20:00:25Z,,,,,2025-03-01T19:56:24Z,0.0,,Private Office Annual,,,,,,,MEM-001,Membership Revenue,,False,False,False,False,e04f71a2-c16f-4b29-ab48-6e5869c3476e,,0,,1,False,,,2024-12-07T22:00:00Z,12000.0,,Private Office Annual,0.0,[No Tax],0.0,Private Office Annual,ac395d0f-1cf7-42f3-ba85-d386ab197055,12000.0,Olena+e2@nexudus.com,2026-08-25T20:42:11Z
1457716799,,,,,0b99228e-caff-4aa9-9654-baf383c41be4,,,,False,EUR,2025-03-04T19:56:24Z,1429951348,INV-0048,True,2025-03-01T20:00:25Z,Storage Locker,be6313cc-7337-4711-9258-e6a83bf989cd,,,2025-03-01T19:56:24Z,0.0,,Storage Locker,,,,,,,PRD-001,Product Sales,,False,False,False,False,e04f71a2-c16f-4b29-ab48-6e5869c3476e,,1,,1,False,,,2026-06-03T00:00:00Z,30.0,,,0.0,[No Tax],0.0,Storage Locker,75d88c7a-2204-4042-bec8-7a7ecc3df477,30.0,Olena+e2@nexudus.com,2026-08-25T20:42:11Z
1457716800,,,,,2cadbe78-c732-4476-861a-9bc67be72c08,,,,False,EUR,2025-12-15T19:56:29Z,1429951349,INV-0052,True,2025-12-12T20:00:31Z,,,,,2025-12-12T19:56:29Z,0.0,,Flex Fortnightly,,,,,,,MEM-001,Membership Revenue,,False,False,False,False,e04f71a2-c16f-4b29-ab48-6e5869c3476e,,0,,1,False,,,2025-06-22T23:00:00Z,250.0,,Flex Fortnightly,0.0,[No Tax],0.0,Flex Fortnightly,10a480e9-68c7-4e83-8f09-ee5cdb3df4c2,250.0,Olena+e2@nexudus.com,2026-08-25T20:42:14Z
1457716801,,,,,2cadbe78-c732-4476-861a-9bc67be72c08,,,,False,EUR,2025-12-15T19:56:29Z,1429951349,INV-0052,True,2025-12-12T20:00:31Z,Parking Space,b030e3bf-008a-47b6-8a7a-c995070dfbe9,,,2025-12-12T19:56:29Z,0.0,,Parking Space,,,,,,,PRD-001,Product Sales,,False,False,False,False,e04f71a2-c16f-4b29-ab48-6e5869c3476e,,1,,1,False,,,2026-03-06T00:00:00Z,75.0,,,0.0,[No Tax],0.0,Parking Space,a40b3786-3417-4df9-a557-f958d0cc2113,75.0,Olena+e2@nexudus.com,2026-08-25T20:42:14Z
1457716802,,,,,950eca22-a893-4bf2-8a07-e8f9121f66eb,,,,False,EUR,2026-03-19T19:56:31Z,1429951350,INV-0054,True,2026-03-16T20:00:42Z,,,,,2026-03-16T19:56:31Z,0.0,,Dedicated Desk Monthly,,,,,,,MEM-001,Membership Revenue,,False,False,False,False,e04f71a2-c16f-4b29-ab48-6e5869c3476e,,0,,1,False,,,2025-11-23T22:00:00Z,350.0,,Dedicated Desk Monthly,0.0,[No Tax],0.0,Dedicated Desk Monthly,b1b73346-1984-424d-bfb8-55aa79d2b177,350.0,Olena+e2@nexudus.com,2026-08-25T20:42:15Z
1457716803,,,,,950eca22-a893-4bf2-8a07-e8f9121f66eb,,,,False,EUR,2026-03-19T19:56:31Z,1429951350,INV-0054,True,2026-03-16T20:00:42Z,Mail Handling,69a3f97a-3323-4527-a07f-6990fb7d4546,,,2026-03-16T19:56:31Z,0.0,,Mail Handling,,,,,,,PRD-001,Product Sales,,False,False,False,False,e04f71a2-c16f-4b29-ab48-6e5869c3476e,,1,,1,False,,,2026-05-04T22:00:00Z,20.0,,,0.0,[No Tax],0.0,Mail Handling,13daf61e-7ff0-4a8c-a4ca-38fd0f48b1a1,20.0,Olena+e2@nexudus.com,2026-08-25T20:42:15Z
1457716804,,,,,11ad18e1-b3d0-482b-9dfd-d044aa420de0,,,,False,EUR,2023-02-17T19:56:34Z,1429951351,INV-0057,True,2023-02-14T20:00:45Z,,,,,2023-02-14T19:56:34Z,0.0,,Hot Desk Quarterly,,,,,,,MEM-001,Membership Revenue,,False,False,False,False,e04f71a2-c16f-4b29-ab48-6e5869c3476e,,0,,1,False,,,2022-07-15T23:00:00Z,400.0,,Hot Desk Quarterly,0.0,[No Tax],0.0,Hot Desk Quarterly,6a8d4afe-95aa-4ad2-baf1-5c2ce94a60f7,400.0,Olena+e2@nexudus.com,2026-08-25T20:42:17Z
1457716805,,,,,86e280a9-0c42-4769-9eb5-38309a5de047,,,,False,EUR,2023-06-01T19:56:37Z,1429951352,INV-0060,True,2023-05-29T20:00:50Z,,,,,2023-05-29T19:56:37Z,0.0,,Private Office Large,,,,,,,MEM-001,Membership Revenue,,False,False,False,False,e04f71a2-c16f-4b29-ab48-6e5869c3476e,,0,,1,False,,,2022-04-30T22:00:00Z,1883.84,,Private Office Large,0.0,[No Tax],0.0,Private Office Large,b9bffdd5-c9bd-4eb1-a461-9cb63a18abe9,1883.84,Olena+e2@nexudus.com,2026-08-25T20:42:59Z
1457716806,,,,,98ad6339-53d2-4691-8dbc-331d630171b5,,,,False,EUR,2025-07-30T19:56:38Z,1429951353,INV-0061,True,2025-07-27T20:00:51Z,,,,,2025-07-27T19:56:38Z,0.0,,Hot Desk Quarterly,,,,,,,MEM-001,Membership Revenue,,False,False,False,False,e04f71a2-c16f-4b29-ab48-6e5869c3476e,,0,,1,False,,,2024-12-28T23:00:00Z,400.0,,Hot Desk Quarterly,0.0,[No Tax],0.0,Hot Desk Quarterly,8f485272-f0cb-46c8-9936-521acea4a75a,400.0,Olena+e2@nexudus.com,2026-08-25T20:42:59Z
1457716807,,,,,98ad6339-53d2-4691-8dbc-331d630171b5,,,,False,EUR,2025-07-30T19:56:38Z,1429951353,INV-0061,True,2025-07-27T20:00:51Z,Parking Space,8c39e6d6-94da-4f80-aa33-e61748130b64,,,2025-07-27T19:56:38Z,0.0,,Parking Space,,,,,,,PRD-001,Product Sales,,False,False,False,False,e04f71a2-c16f-4b29-ab48-6e5869c3476e,,1,,1,False,,,2026-01-27T00:00:00Z,75.0,,,0.0,[No Tax],0.0,Parking Space,057fc00f-2954-4976-83c6-35c93cd7a305,75.0,Olena+e2@nexudus.com,2026-08-25T20:42:59Z
1457716808,,,,,41e0155f-37b5-4878-8b18-8efdab992fb1,,,,False,EUR,2026-05-26T19:56:45Z,1429951354,INV-0064,True,2026-05-23T20:00:53Z,,,,,2026-05-23T19:56:45Z,0.0,,Hot Desk Quarterly,,,,,,,MEM-001,Membership Revenue,,False,False,False,False,e04f71a2-c16f-4b29-ab48-6e5869c3476e,,0,,1,False,,,2024-12-09T23:00:00Z,359.14,,Hot Desk Quarterly,0.0,[No Tax],0.0,Hot Desk Quarterly,1dfbe3b8-eb48-4864-b56b-9f2a92114fd2,359.14,Olena+e2@nexudus.com,2026-08-25T20:43:02Z
1457716809,,,,,deb914d0-ec9e-45b0-8927-b1f8a20aa6bf,,,,False,EUR,2022-12-11T19:56:47Z,1429951355,INV-0065,True,2022-12-08T20:00:54Z,,,,,2022-12-08T19:56:47Z,0.0,,Flex Fortnightly,,,,,,,MEM-001,Membership Revenue,,False,False,False,False,e04f71a2-c16f-4b29-ab48-6e5869c3476e,,0,,1,False,,,2021-10-26T22:00:00Z,250.0,,Flex Fortnightly,0.0,[No Tax],0.0,Flex Fortnightly,ff673133-1da3-44d0-93f9-d29ca6f8b693,250.0,Olena+e2@nexudus.com,2026-08-25T20:43:02Z
1457716810,,,,,deb914d0-ec9e-45b0-8927-b1f8a20aa6bf,,,,False,EUR,2022-12-11T19:56:47Z,1429951355,INV-0065,True,2022-12-08T20:00:54Z,Parking Space,6485ebfc-4208-43b4-a24d-5b7ab15fb5f9,,,2022-12-08T19:56:47Z,0.0,,Parking Space,,,,,,,PRD-001,Product Sales,,False,False,False,False,e04f71a2-c16f-4b29-ab48-6e5869c3476e,,1,,1,False,,,2025-07-13T22:00:00Z,75.0,,,0.0,[No Tax],0.0,Parking Space,96c7af59-6101-44bd-890d-8e59b27ef0fb,75.0,Olena+e2@nexudus.com,2026-08-25T20:43:02Z
1457716811,,,,,05d57e40-8523-4290-87a0-5c3f06ee7d2b,,,,False,EUR,2025-05-17T19:56:50Z,1429951356,INV-0066,True,2025-05-14T20:00:55Z,,,,,2025-05-14T19:56:50Z,0.0,,Dedicated Desk Monthly,,,,,,,MEM-001,Membership Revenue,,False,False,False,False,e04f71a2-c16f-4b29-ab48-6e5869c3476e,,0,,1,False,,,2023-10-14T23:00:00Z,329.93,,Dedicated Desk Monthly,0.0,[No Tax],0.0,Dedicated Desk Monthly,9eced414-17da-4ba2-9a74-a80aa54a0f42,329.93,Olena+e2@nexudus.com,2026-08-25T20:43:03Z
1457716812,,,,,05d57e40-8523-4290-87a0-5c3f06ee7d2b,,,,False,EUR,2025-05-17T19:56:50Z,1429951356,INV-0066,True,2025-05-14T20:00:55Z,Storage Locker,b2e19fea-a099-4297-89bd-a1d5f95c958d,,,2025-05-14T19:56:50Z,0.0,,Storage Locker,,,,,,,PRD-001,Product Sales,,False,False,False,False,e04f71a2-c16f-4b29-ab48-6e5869c3476e,,1,,1,False,,,2025-01-24T23:00:00Z,30.0,,,0.0,[No Tax],0.0,Storage Locker,084824d1-2be2-4885-b6fb-d7c426239c25,30.0,Olena+e2@nexudus.com,2026-08-25T20:43:03Z
1457716813,,,,a7c5da0d-6bfe-4587-84e8-9f33b00de935,56d5f420-d042-45a7-9b7d-7bb85443c1ca,,,,False,EUR,2025-05-17T19:56:50Z,1429951356,INV-0066,True,2025-05-14T20:00:55Z,,,,,2025-05-14T19:56:50Z,0.0,,Flex Fortnightly (Leslie Warner),0.0,,,,,,MEM-001,Membership Revenue,,False,False,False,False,e04f71a2-c16f-4b29-ab48-6e5869c3476e,,2,,1,False,,,2023-10-14T23:00:00Z,250.0,,Flex Fortnightly,0.0,[No Tax],0.0,Flex Fortnightly (Leslie Warner),2b6073ec-032d-4747-81b5-f0105f76b1d3,250.0,Olena+e2@nexudus.com,2026-08-25T20:43:03Z
1457716814,,,,ccc15b4d-7f54-42e7-a8df-b9dafdabf4ce,56d5f420-d042-45a7-9b7d-7bb85443c1ca,,,,False,EUR,2025-05-17T19:56:50Z,1429951356,INV-0066,True,2025-05-14T20:00:55Z,Parking Space,132386c8-addd-4e4f-a4a1-51e5757b840b,,,2025-05-14T19:56:50Z,0.0,,Parking Space (Leslie Warner),0.0,,,,,,PRD-001,Product Sales,,False,False,False,False,e04f71a2-c16f-4b29-ab48-6e5869c3476e,,3,,1,False,,,2025-05-04T22:00:00Z,75.0,,,0.0,[No Tax],0.0,Parking Space (Leslie Warner),089991b3-09f8-467d-905c-2b7cb63e983f,75.0,Olena+e2@nexudus.com,2026-08-25T20:43:03Z
1457716815,,,,587d00dd-6e16-457a-84d4-5c8841d90e6d,56d5f420-d042-45a7-9b7d-7bb85443c1ca,,,,False,EUR,2025-05-17T19:56:50Z,1429951356,INV-0066,True,2025-05-14T20:00:55Z,,,,,2025-05-14T19:56:50Z,0.0,,Flex Fortnightly (Leslie Warner),0.0,,,,,,MEM-001,Membership Revenue,,False,False,False,False,e04f71a2-c16f-4b29-ab48-6e5869c3476e,,4,,1,False,,,2023-10-14T23:00:00Z,250.0,,Flex Fortnightly,0.0,[No Tax],0.0,Flex Fortnightly (Leslie Warner),d9ce436d-2bd3-423d-8fa7-db59b4da5248,250.0,Olena+e2@nexudus.com,2026-08-25T20:43:03Z
1457716816,,,,32cb3866-5fa5-4e54-96d7-a59560232495,56d5f420-d042-45a7-9b7d-7bb85443c1ca,,,,False,EUR,2025-05-17T19:56:50Z,1429951356,INV-0066,True,2025-05-14T20:00:55Z,Parking Space,c2c96aba-2b79-4331-bad5-1a55d6adb949,,,2025-05-14T19:56:50Z,0.0,,Parking Space (Leslie Warner),0.0,,,,,,PRD-001,Product Sales,,False,False,False,False,e04f71a2-c16f-4b29-ab48-6e5869c3476e,,5,,1,False,,,2025-05-18T22:00:00Z,75.0,,,0.0,[No Tax],0.0,Parking Space (Leslie Warner),442da30e-02a0-4e76-b6d6-4a3e0473e917,75.0,Olena+e2@nexudus.com,2026-08-25T20:43:03Z
1457716817,,,,17693129-b895-4be8-ae47-cc712b2aa510,1a5c76ee-f959-44e4-84ca-ab0a373ed503,,,,False,EUR,2025-05-17T19:56:50Z,1429951356,INV-0066,True,2025-05-14T20:00:55Z,,,,,2025-05-14T19:56:50Z,0.0,,Flex Weekly (Gemma Ferguson),0.0,,,,,,MEM-001,Membership Revenue,,False,False,False,False,e04f71a2-c16f-4b29-ab48-6e5869c3476e,,6,,1,False,,,2023-10-14T23:00:00Z,44.46,,Flex Weekly,0.0,[No Tax],0.0,Flex Weekly (Gemma Ferguson),8f32e85b-14f3-4ae5-b179-b81fd678c37b,44.46,Olena+e2@nexudus.com,2026-08-25T20:43:03Z
1457716818,,,,721514c0-a1a1-4413-b5df-b6007457d8f8,1a5c76ee-f959-44e4-84ca-ab0a373ed503,,,,False,EUR,2025-05-17T19:56:50Z,1429951356,INV-0066,True,2025-05-14T20:00:55Z,,,,,2025-05-14T19:56:50Z,0.0,,Flex Weekly (Gemma Ferguson),0.0,,,,,,MEM-001,Membership Revenue,,False,False,False,False,e04f71a2-c16f-4b29-ab48-6e5869c3476e,,7,,1,False,,,2023-10-14T23:00:00Z,44.46,,Flex Weekly,0.0,[No Tax],0.0,Flex Weekly (Gemma Ferguson),483decdc-d4f0-48aa-9f95-54def5d22233,44.46,Olena+e2@nexudus.com,2026-08-25T20:43:03Z
1457716819,,,,5e589cf8-7f80-4f4f-acd3-e2b571df1f54,df6d629b-b400-46c5-8491-ebd0acaf5840,,,,False,EUR,2025-05-17T19:56:50Z,1429951356,INV-0066,True,2025-05-14T20:00:55Z,,,,,2025-05-14T19:56:50Z,0.0,,Dedicated Desk Monthly (Jeremy Mellor),0.0,,,,,,MEM-001,Membership Revenue,,False,False,False,False,e04f71a2-c16f-4b29-ab48-6e5869c3476e,,8,,1,False,,,2023-10-14T23:00:00Z,330.2,,Dedicated Desk Monthly,0.0,[No Tax],0.0,Dedicated Desk Monthly (Jeremy Mellor),800d9375-c94a-430e-85d8-24f408d60ad3,330.2,Olena+e2@nexudus.com,2026-08-25T20:43:03Z
1457716820,,,,0a05fb0c-a681-4e9c-a004-23336922760d,df6d629b-b400-46c5-8491-ebd0acaf5840,,,,False,EUR,2025-05-17T19:56:50Z,1429951356,INV-0066,True,2025-05-14T20:00:55Z,,,,,2025-05-14T19:56:50Z,0.0,,Dedicated Desk Monthly (Jeremy Mellor),0.0,,,,,,MEM-001,Membership Revenue,,False,False,False,False,e04f71a2-c16f-4b29-ab48-6e5869c3476e,,9,,1,False,,,2023-10-14T23:00:00Z,330.2,,Dedicated Desk Monthly,0.0,[No Tax],0.0,Dedicated Desk Monthly (Jeremy Mellor),a3df7868-2b4c-4ee6-bb31-5267f51fb082,330.2,Olena+e2@nexudus.com,2026-08-25T20:43:03Z
1457716821,,,,5bc1c49c-e39d-4cfc-b831-2e1dfa0f25c2,bdcb9d2c-ab81-4e8e-9968-3a380ef40ce8,,,,False,EUR,2025-05-17T19:56:50Z,1429951356,INV-0066,True,2025-05-14T20:00:55Z,,,,,2025-05-14T19:56:50Z,0.0,,Hot Desk Monthly (Gemma Elliott),0.0,,,,,,MEM-001,Membership Revenue,,False,False,False,False,e04f71a2-c16f-4b29-ab48-6e5869c3476e,,10,,1,False,,,2023-10-14T23:00:00Z,140.86,,Hot Desk Monthly,0.0,[No Tax],0.0,Hot Desk Monthly (Gemma Elliott),bb0144c5-eaee-4e00-8d98-e17e7378e7cf,140.86,Olena+e2@nexudus.com,2026-08-25T20:43:03Z
1457716822,,,,e1aa9bbb-a15b-445e-8a26-c70aef6c7977,bdcb9d2c-ab81-4e8e-9968-3a380ef40ce8,,,,False,EUR,2025-05-17T19:56:50Z,1429951356,INV-0066,True,2025-05-14T20:00:55Z,Mail Handling,57b01a65-3789-4239-8b5f-f9224355697d,,,2025-05-14T19:56:50Z,0.0,,Mail Handling (Gemma Elliott),0.0,,,,,,PRD-001,Product Sales,,False,False,False,False,e04f71a2-c16f-4b29-ab48-6e5869c3476e,,11,,1,False,,,2026-10-01T22:00:00Z,20.0,,,0.0,[No Tax],0.0,Mail Handling (Gemma Elliott),c33b6bf1-be6f-4117-b656-069cd430b683,20.0,Olena+e2@nexudus.com,2026-08-25T20:43:03Z
1457716823,,,,c42cbeb8-29b7-4d0b-8714-19eb5ac6cf4b,40933bb3-00fe-49af-9a6d-edb5828b366b,,,,False,EUR,2025-05-17T19:56:50Z,1429951356,INV-0066,True,2025-05-14T20:00:55Z,,,,,2025-05-14T19:56:50Z,0.0,,Private Office Annual (Irene Wilson),0.0,,,,,,MEM-001,Membership Revenue,,False,False,False,False,e04f71a2-c16f-4b29-ab48-6e5869c3476e,,12,,1,False,,,2023-10-14T23:00:00Z,12000.0,,Private Office Annual,0.0,[No Tax],0.0,Private Office Annual (Irene Wilson),2cb317db-3226-4f3d-aee4-233a753a601d,12000.0,Olena+e2@nexudus.com,2026-08-25T20:43:03Z
1457716824,,,,,c2034b47-1027-4fec-b92a-064d48bdd135,,,,False,EUR,2025-05-07T19:56:57Z,1429951357,INV-0069,True,2025-05-04T20:00:58Z,,,,,2025-05-04T19:56:57Z,0.0,,Private Office Large,,,,,,,MEM-001,Membership Revenue,,False,False,False,False,e04f71a2-c16f-4b29-ab48-6e5869c3476e,,0,,1,False,,,2023-12-14T22:00:00Z,2000.0,,Private Office Large,0.0,[No Tax],0.0,Private Office Large,763a6069-859a-40e5-8ad5-05a75a012463,2000.0,Olena+e2@nexudus.com,2026-08-25T20:43:05Z
1457716825,,,,,58cae1f6-208f-465a-94fd-3dda8406c288,,,,False,EUR,2025-02-04T19:57:05Z,1429951358,INV-0072,True,2025-02-01T20:01:03Z,,,,,2025-02-01T19:57:05Z,0.0,,Hot Desk Monthly,,,,,,,MEM-001,Membership Revenue,,False,False,False,False,e04f71a2-c16f-4b29-ab48-6e5869c3476e,,0,,1,False,,,2025-03-03T22:00:00Z,150.0,,Hot Desk Monthly,0.0,[No Tax],0.0,Hot Desk Monthly,28d62eda-7050-4662-9e33-6f8881ae467c,150.0,Olena+e2@nexudus.com,2026-08-25T20:43:09Z
1457716826,,,,,58cae1f6-208f-465a-94fd-3dda8406c288,,,,False,EUR,2025-02-04T19:57:05Z,1429951358,INV-0072,True,2025-02-01T20:01:03Z,Mail Handling,ed7e1e66-e53f-4c60-8ad5-28a19ad28351,,,2025-02-01T19:57:05Z,0.0,,Mail Handling,,,,,,,PRD-001,Product Sales,,False,False,False,False,e04f71a2-c16f-4b29-ab48-6e5869c3476e,,1,,1,False,,,2026-09-24T22:00:00Z,20.0,,,0.0,[No Tax],0.0,Mail Handling,e85fa84f-f266-423e-b1a8-a0f204d651fa,20.0,Olena+e2@nexudus.com,2026-08-25T20:43:09Z
1457716827,,,,,41332a58-04d0-4722-aca4-36963b1503e8,,,,False,EUR,2023-02-03T19:57:09Z,1429951359,INV-0074,True,2023-01-31T20:01:04Z,,,,,2023-01-31T19:57:09Z,0.0,,Dedicated Desk Monthly,,,,,,,MEM-001,Membership Revenue,,False,False,False,False,e04f71a2-c16f-4b29-ab48-6e5869c3476e,,0,,1,False,,,2022-11-10T22:00:00Z,315.34,,Dedicated Desk Monthly,0.0,[No Tax],0.0,Dedicated Desk Monthly,2780aa40-d8fc-4724-a746-27e66540784e,315.34,Olena+e2@nexudus.com,2026-08-25T20:43:10Z
1457716828,,,,,41332a58-04d0-4722-aca4-36963b1503e8,,,,False,EUR,2023-02-03T19:57:09Z,1429951359,INV-0074,True,2023-01-31T20:01:04Z,Mail Handling,e33e6768-d3f7-4f84-af32-695aac9350e6,,,2023-01-31T19:57:09Z,0.0,,Mail Handling,,,,,,,PRD-001,Product Sales,,False,False,False,False,e04f71a2-c16f-4b29-ab48-6e5869c3476e,,1,,1,False,,,2026-06-04T22:00:00Z,20.0,,,0.0,[No Tax],0.0,Mail Handling,3086e99c-a4f2-439d-a62b-b7950bee5ebd,20.0,Olena+e2@nexudus.com,2026-08-25T20:43:10Z
1457716829,,,,,4b53d880-9f48-413b-ae36-19577fb6e8ec,,,,False,EUR,2024-08-10T19:57:12Z,1429951360,INV-0075,True,2024-08-07T20:01:05Z,,,,,2024-08-07T19:57:12Z,0.0,,Hot Desk Quarterly,,,,,,,MEM-001,Membership Revenue,,False,False,False,False,e04f71a2-c16f-4b29-ab48-6e5869c3476e,,0,,1,False,,,2024-10-27T23:00:00Z,352.56,,Hot Desk Quarterly,0.0,[No Tax],0.0,Hot Desk Quarterly,1473e665-4aa5-42da-b04e-ac09825d3e4c,352.56,Olena+e2@nexudus.com,2026-08-25T20:43:10Z
1457716830,,,,,efa2ba9e-e139-4bf1-9a30-b2fcfaff8867,,,,False,EUR,2024-08-30T19:57:15Z,1429951361,INV-0078,True,2024-08-27T20:01:17Z,,,,,2024-08-27T19:57:15Z,0.0,,Dedicated Desk Monthly,,,,,,,MEM-001,Membership Revenue,,False,False,False,False,e04f71a2-c16f-4b29-ab48-6e5869c3476e,,0,,1,False,,,2024-05-30T22:00:00Z,350.0,,Dedicated Desk Monthly,0.0,[No Tax],0.0,Dedicated Desk Monthly,9e796e49-6645-438e-923f-fa81a4a13cb7,350.0,Olena+e2@nexudus.com,2026-08-25T20:43:12Z
1457716831,,,,,950eca22-a893-4bf2-8a07-e8f9121f66eb,,,,False,EUR,2025-06-24T19:57:16Z,1429951362,INV-0079,True,2025-06-21T20:01:18Z,,,,,2025-06-21T19:57:16Z,0.0,,Dedicated Desk Monthly,,,,,,,MEM-001,Membership Revenue,,False,False,False,False,e04f71a2-c16f-4b29-ab48-6e5869c3476e,,0,,1,False,,,2025-03-31T22:00:00Z,350.0,,Dedicated Desk Monthly,0.0,[No Tax],0.0,Dedicated Desk Monthly,b0e40c56-1915-4190-a918-6a9b7233ee86,350.0,Olena+e2@nexudus.com,2026-08-25T20:43:13Z
1457716832,,,,,950eca22-a893-4bf2-8a07-e8f9121f66eb,,,,False,EUR,2025-06-24T19:57:16Z,1429951362,INV-0079,True,2025-06-21T20:01:18Z,Mail Handling,363c6186-07dc-46c9-8d40-9bafdd63744e,,,2025-06-21T19:57:16Z,0.0,,Mail Handling,,,,,,,PRD-001,Product Sales,,False,False,False,False,e04f71a2-c16f-4b29-ab48-6e5869c3476e,,1,,1,False,,,2026-06-04T22:00:00Z,20.0,,,0.0,[No Tax],0.0,Mail Handling,2c173e08-347b-4951-af3a-579b892769fd,20.0,Olena+e2@nexudus.com,2026-08-25T20:43:13Z
1457716833,,,,,88086567-17a0-4218-9b78-9c2e5dba4483,,,,False,EUR,2022-11-23T19:57:17Z,1429951363,INV-0080,True,2022-11-20T20:01:19Z,,,,,2022-11-20T19:57:17Z,0.0,,Hot Desk Monthly,,,,,,,MEM-001,Membership Revenue,,False,False,False,False,e04f71a2-c16f-4b29-ab48-6e5869c3476e,,0,,1,False,,,2022-02-23T23:00:00Z,134.94,,Hot Desk Monthly,0.0,[No Tax],0.0,Hot Desk Monthly,5a98b0b2-7b76-4af1-9d8d-83fe29f99bec,134.94,Olena+e2@nexudus.com,2026-08-25T20:43:13Z
1457716834,,,,,ccd407f4-d6ae-4205-b329-40995062b471,,,,False,EUR,2025-02-26T19:57:18Z,1429951364,INV-0081,True,2025-02-23T20:01:20Z,,,,,2025-02-23T19:57:18Z,0.0,,Flex Weekly,,,,,,,MEM-001,Membership Revenue,,False,False,False,False,e04f71a2-c16f-4b29-ab48-6e5869c3476e,,0,,1,False,,,2024-07-18T23:00:00Z,44.93,,Flex Weekly,0.0,[No Tax],0.0,Flex Weekly,68eb1c14-bf62-44e7-8130-b7104bcf2dc2,44.93,Olena+e2@nexudus.com,2026-08-25T20:43:14Z
1457716835,,,,,ccd407f4-d6ae-4205-b329-40995062b471,,,,False,EUR,2025-02-26T19:57:18Z,1429951364,INV-0081,True,2025-02-23T20:01:20Z,Mail Handling,0415561e-5c00-4793-a721-941e9533dfe8,,,2025-02-23T19:57:18Z,0.0,,Mail Handling,,,,,,,PRD-001,Product Sales,,False,False,False,False,e04f71a2-c16f-4b29-ab48-6e5869c3476e,,1,,1,False,,,2026-01-17T23:00:00Z,20.0,,,0.0,[No Tax],0.0,Mail Handling,e29030e0-ecbd-4527-9ae3-44eea96c7375,20.0,Olena+e2@nexudus.com,2026-08-25T20:43:14Z
1457716836,,,,,11ad18e1-b3d0-482b-9dfd-d044aa420de0,,,,False,EUR,2022-09-20T19:57:19Z,1429951365,INV-0082,True,2022-09-17T20:01:21Z,,,,,2022-09-17T19:57:19Z,0.0,,Hot Desk Quarterly,,,,,,,MEM-001,Membership Revenue,,False,False,False,False,e04f71a2-c16f-4b29-ab48-6e5869c3476e,,0,,1,False,,,2022-05-16T22:00:00Z,400.0,,Hot Desk Quarterly,0.0,[No Tax],0.0,Hot Desk Quarterly,2c2b3360-fd50-4f7e-b6a3-e4c02ec4dafb,400.0,Olena+e2@nexudus.com,2026-08-25T20:43:15Z
1457716837,,,,,2b593c66-b701-450c-bd4b-6ac15d83abde,,,,False,EUR,2022-10-28T19:57:20Z,1429951366,INV-0083,True,2022-10-25T20:01:22Z,,,,,2022-10-25T19:57:20Z,0.0,,Flex Fortnightly,,,,,,,MEM-001,Membership Revenue,,False,False,False,False,e04f71a2-c16f-4b29-ab48-6e5869c3476e,,0,,1,False,,,2022-03-25T23:00:00Z,250.0,,Flex Fortnightly,0.0,[No Tax],0.0,Flex Fortnightly,dd38aea0-0a6c-4b5d-87b5-036f8233cada,250.0,Olena+e2@nexudus.com,2026-08-25T20:43:15Z
1457716838,,,,,2b593c66-b701-450c-bd4b-6ac15d83abde,,,,False,EUR,2022-10-28T19:57:20Z,1429951366,INV-0083,True,2022-10-25T20:01:22Z,Storage Locker,af98f8fb-be57-49af-a1a3-a86a208dfb10,,,2022-10-25T19:57:20Z,0.0,,Storage Locker,,,,,,,PRD-001,Product Sales,,False,False,False,False,e04f71a2-c16f-4b29-ab48-6e5869c3476e,,1,,1,False,,,2026-01-23T23:00:00Z,30.0,,,0.0,[No Tax],0.0,Storage Locker,cb33ad04-e312-405f-b497-6703f90c8a7d,30.0,Olena+e2@nexudus.com,2026-08-25T20:43:15Z
1457716839,,,,,86e280a9-0c42-4769-9eb5-38309a5de047,,,,False,EUR,2026-04-02T19:57:22Z,1429951367,INV-0085,True,2026-03-30T20:01:24Z,,,,,2026-03-30T19:57:22Z,0.0,,Private Office Large,,,,,,,MEM-001,Membership Revenue,,False,False,False,False,e04f71a2-c16f-4b29-ab48-6e5869c3476e,,0,,1,False,,,2025-04-01T22:00:00Z,1883.84,,Private Office Large,0.0,[No Tax],0.0,Private Office Large,c35be41e-55a7-4e98-9a2c-452cdee01c37,1883.84,Olena+e2@nexudus.com,2026-08-25T20:43:16Z
1457716941,,,,,98ad6339-53d2-4691-8dbc-331d630171b5,,,,False,EUR,2023-03-29T19:57:23Z,1429951368,INV-0086,True,2023-03-26T20:01:24Z,,,,,2023-03-26T19:57:23Z,0.0,,Hot Desk Quarterly,,,,,,,MEM-001,Membership Revenue,,False,False,False,False,e04f71a2-c16f-4b29-ab48-6e5869c3476e,,0,,1,False,,,2022-11-25T22:00:00Z,400.0,,Hot Desk Quarterly,0.0,[No Tax],0.0,Hot Desk Quarterly,346ae013-9fa5-4af0-b6ad-58aa56ce2c6c,400.0,Olena+e2@nexudus.com,2026-08-25T20:43:17Z
1457716942,,,,,98ad6339-53d2-4691-8dbc-331d630171b5,,,,False,EUR,2023-03-29T19:57:23Z,1429951368,INV-0086,True,2023-03-26T20:01:24Z,Parking Space,9631d963-2625-4dd2-8338-61cb5082a521,,,2023-03-26T19:57:23Z,0.0,,Parking Space,,,,,,,PRD-001,Product Sales,,False,False,False,False,e04f71a2-c16f-4b29-ab48-6e5869c3476e,,1,,1,False,,,2026-04-26T22:00:00Z,75.0,,,0.0,[No Tax],0.0,Parking Space,f6b43a4d-d557-4152-83bc-eb74e2b3f43a,75.0,Olena+e2@nexudus.com,2026-08-25T20:43:17Z
1457716943,,,,,41e0155f-37b5-4878-8b18-8efdab992fb1,,,,False,EUR,2023-08-30T19:57:30Z,1429951369,INV-0089,True,2023-08-27T20:01:27Z,,,,,2023-08-27T19:57:30Z,0.0,,Hot Desk Quarterly,,,,,,,MEM-001,Membership Revenue,,False,False,False,False,e04f71a2-c16f-4b29-ab48-6e5869c3476e,,0,,1,False,,,2022-06-15T22:00:00Z,359.14,,Hot Desk Quarterly,0.0,[No Tax],0.0,Hot Desk Quarterly,59c9f39b-4f2d-485d-bf0a-05e7b0804820,359.14,Olena+e2@nexudus.com,2026-08-25T20:43:58Z
1457716944,,,,,deb914d0-ec9e-45b0-8927-b1f8a20aa6bf,,,,False,EUR,2025-09-26T19:57:35Z,1429951370,INV-0091,True,2025-09-23T20:01:29Z,,,,,2025-09-23T19:57:35Z,0.0,,Flex Fortnightly,,,,,,,MEM-001,Membership Revenue,,False,False,False,False,e04f71a2-c16f-4b29-ab48-6e5869c3476e,,0,,1,False,,,2024-08-25T22:00:00Z,250.0,,Flex Fortnightly,0.0,[No Tax],0.0,Flex Fortnightly,218e0e7e-88a5-4018-9259-4dd40ae51c0f,250.0,Olena+e2@nexudus.com,2026-08-25T20:44:00Z
1457716945,,,,,deb914d0-ec9e-45b0-8927-b1f8a20aa6bf,,,,False,EUR,2025-09-26T19:57:35Z,1429951370,INV-0091,True,2025-09-23T20:01:29Z,Parking Space,eda08d19-2316-44f3-a0fb-40e23b813f76,,,2025-09-23T19:57:35Z,0.0,,Parking Space,,,,,,,PRD-001,Product Sales,,False,False,False,False,e04f71a2-c16f-4b29-ab48-6e5869c3476e,,1,,1,False,,,2025-07-27T22:00:00Z,75.0,,,0.0,[No Tax],0.0,Parking Space,67b68a96-57db-4616-abfd-06ef99a2ed20,75.0,Olena+e2@nexudus.com,2026-08-25T20:44:00Z
1457716946,,,,,05d57e40-8523-4290-87a0-5c3f06ee7d2b,,,,False,EUR,2024-01-23T19:57:38Z,1429951371,INV-0092,True,2024-01-20T20:01:29Z,,,,,2024-01-20T19:57:38Z,0.0,,Dedicated Desk Monthly,,,,,,,MEM-001,Membership Revenue,,False,False,False,False,e04f71a2-c16f-4b29-ab48-6e5869c3476e,,0,,1,False,,,2022-07-22T23:00:00Z,329.93,,Dedicated Desk Monthly,0.0,[No Tax],0.0,Dedicated Desk Monthly,2aee9d47-a19f-4565-89d7-27d86bc5c6f7,329.93,Olena+e2@nexudus.com,2026-08-25T20:44:00Z
1457716947,,,,,05d57e40-8523-4290-87a0-5c3f06ee7d2b,,,,False,EUR,2024-01-23T19:57:38Z,1429951371,INV-0092,True,2024-01-20T20:01:29Z,Storage Locker,e4cecab5-1081-45aa-9c8f-524ee61439bf,,,2024-01-20T19:57:38Z,0.0,,Storage Locker,,,,,,,PRD-001,Product Sales,,False,False,False,False,e04f71a2-c16f-4b29-ab48-6e5869c3476e,,1,,1,False,,,2025-02-24T23:00:00Z,30.0,,,0.0,[No Tax],0.0,Storage Locker,08d5d87f-7c67-460c-af3a-82821a0e668f,30.0,Olena+e2@nexudus.com,2026-08-25T20:44:00Z
1457716948,,,,c10ff59b-45e1-433b-b1ac-8d655e9a3102,56d5f420-d042-45a7-9b7d-7bb85443c1ca,,,,False,EUR,2024-01-23T19:57:38Z,1429951371,INV-0092,True,2024-01-20T20:01:29Z,,,,,2024-01-20T19:57:38Z,0.0,,Flex Fortnightly (Leslie Warner),0.0,,,,,,MEM-001,Membership Revenue,,False,False,False,False,e04f71a2-c16f-4b29-ab48-6e5869c3476e,,2,,1,False,,,2022-07-22T23:00:00Z,250.0,,Flex Fortnightly,0.0,[No Tax],0.0,Flex Fortnightly (Leslie Warner),b85791d3-cc31-46c5-8645-7cc52a549bb8,250.0,Olena+e2@nexudus.com,2026-08-25T20:44:00Z
1457716949,,,,b6e0b014-a236-4bf3-a3af-dcb6bcee219f,56d5f420-d042-45a7-9b7d-7bb85443c1ca,,,,False,EUR,2024-01-23T19:57:38Z,1429951371,INV-0092,True,2024-01-20T20:01:29Z,Parking Space,3e28ae43-9aad-41df-b236-389439ce72bb,,,2024-01-20T19:57:38Z,0.0,,Parking Space (Leslie Warner),0.0,,,,,,PRD-001,Product Sales,,False,False,False,False,e04f71a2-c16f-4b29-ab48-6e5869c3476e,,3,,1,False,,,2025-06-01T22:00:00Z,75.0,,,0.0,[No Tax],0.0,Parking Space (Leslie Warner),0ad4b3ee-8723-4ce4-8c27-d7661a8af4ae,75.0,Olena+e2@nexudus.com,2026-08-25T20:44:00Z
1457716950,,,,16980a61-57f1-4d41-8cd4-9b2674b85358,56d5f420-d042-45a7-9b7d-7bb85443c1ca,,,,False,EUR,2024-01-23T19:57:38Z,1429951371,INV-0092,True,2024-01-20T20:01:29Z,,,,,2024-01-20T19:57:38Z,0.0,,Flex Fortnightly (Leslie Warner),0.0,,,,,,MEM-001,Membership Revenue,,False,False,False,False,e04f71a2-c16f-4b29-ab48-6e5869c3476e,,4,,1,False,,,2022-07-22T23:00:00Z,250.0,,Flex Fortnightly,0.0,[No Tax],0.0,Flex Fortnightly (Leslie Warner),3cd5eeff-0451-42c2-9a61-4c7b4b6dc8c0,250.0,Olena+e2@nexudus.com,2026-08-25T20:44:00Z
1457716951,,,,c1a58fff-17ba-41ac-badf-c02272b301c7,56d5f420-d042-45a7-9b7d-7bb85443c1ca,,,,False,EUR,2024-01-23T19:57:38Z,1429951371,INV-0092,True,2024-01-20T20:01:29Z,Parking Space,405ece0c-03d8-408d-998b-bf184c8c0cae,,,2024-01-20T19:57:38Z,0.0,,Parking Space (Leslie Warner),0.0,,,,,,PRD-001,Product Sales,,False,False,False,False,e04f71a2-c16f-4b29-ab48-6e5869c3476e,,5,,1,False,,,2025-06-15T22:00:00Z,75.0,,,0.0,[No Tax],0.0,Parking Space (Leslie Warner),bd1fa6ea-2cc4-43ff-96c6-8bc3657b1abf,75.0,Olena+e2@nexudus.com,2026-08-25T20:44:00Z
1457716952,,,,306a949b-ba29-4ef8-a58e-265c2f5f2e93,1a5c76ee-f959-44e4-84ca-ab0a373ed503,,,,False,EUR,2024-01-23T19:57:38Z,1429951371,INV-0092,True,2024-01-20T20:01:29Z,,,,,2024-01-20T19:57:38Z,0.0,,Flex Weekly (Gemma Ferguson),0.0,,,,,,MEM-001,Membership Revenue,,False,False,False,False,e04f71a2-c16f-4b29-ab48-6e5869c3476e,,6,,1,False,,,2022-07-22T23:00:00Z,44.46,,Flex Weekly,0.0,[No Tax],0.0,Flex Weekly (Gemma Ferguson),81eb7e08-5cac-4e2e-bc80-0f61503e83fc,44.46,Olena+e2@nexudus.com,2026-08-25T20:44:00Z
1457716953,,,,ce6cf876-711e-42cc-a736-8b46417f6aeb,1a5c76ee-f959-44e4-84ca-ab0a373ed503,,,,False,EUR,2024-01-23T19:57:38Z,1429951371,INV-0092,True,2024-01-20T20:01:29Z,,,,,2024-01-20T19:57:38Z,0.0,,Flex Weekly (Gemma Ferguson),0.0,,,,,,MEM-001,Membership Revenue,,False,False,False,False,e04f71a2-c16f-4b29-ab48-6e5869c3476e,,7,,1,False,,,2022-07-22T23:00:00Z,44.46,,Flex Weekly,0.0,[No Tax],0.0,Flex Weekly (Gemma Ferguson),efe5dac5-a1bb-4407-af6e-224b36b750c0,44.46,Olena+e2@nexudus.com,2026-08-25T20:44:00Z
1457716954,,,,e5eb8a6d-1c90-46f1-9770-12d305e5fdc5,df6d629b-b400-46c5-8491-ebd0acaf5840,,,,False,EUR,2024-01-23T19:57:38Z,1429951371,INV-0092,True,2024-01-20T20:01:29Z,,,,,2024-01-20T19:57:38Z,0.0,,Dedicated Desk Monthly (Jeremy Mellor),0.0,,,,,,MEM-001,Membership Revenue,,False,False,False,False,e04f71a2-c16f-4b29-ab48-6e5869c3476e,,8,,1,False,,,2022-07-22T23:00:00Z,330.2,,Dedicated Desk Monthly,0.0,[No Tax],0.0,Dedicated Desk Monthly (Jeremy Mellor),44ed5fa0-e45c-4e0d-9686-00696e13cf40,330.2,Olena+e2@nexudus.com,2026-08-25T20:44:00Z
1457716955,,,,30b0fbe4-9bb9-472d-97fc-1a9ddbf25111,bdcb9d2c-ab81-4e8e-9968-3a380ef40ce8,,,,False,EUR,2024-01-23T19:57:38Z,1429951371,INV-0092,True,2024-01-20T20:01:29Z,,,,,2024-01-20T19:57:38Z,0.0,,Hot Desk Monthly (Gemma Elliott),0.0,,,,,,MEM-001,Membership Revenue,,False,False,False,False,e04f71a2-c16f-4b29-ab48-6e5869c3476e,,9,,1,False,,,2022-07-22T23:00:00Z,140.86,,Hot Desk Monthly,0.0,[No Tax],0.0,Hot Desk Monthly (Gemma Elliott),2267a2cc-aa62-4eac-a2fc-54c7836e07ca,140.86,Olena+e2@nexudus.com,2026-08-25T20:44:00Z
1457716956,,,,7b93e4c2-fa1d-4360-8640-8953900e8a90,bdcb9d2c-ab81-4e8e-9968-3a380ef40ce8,,,,False,EUR,2024-01-23T19:57:38Z,1429951371,INV-0092,True,2024-01-20T20:01:29Z,Mail Handling,36bf38c5-3210-4c6b-b9e5-0d1948394d94,,,2024-01-20T19:57:38Z,0.0,,Mail Handling (Gemma Elliott),0.0,,,,,,PRD-001,Product Sales,,False,False,False,False,e04f71a2-c16f-4b29-ab48-6e5869c3476e,,10,,1,False,,,2026-11-01T23:00:00Z,20.0,,,0.0,[No Tax],0.0,Mail Handling (Gemma Elliott),83e067a8-1c8e-4223-9b4f-e622faa0dc46,20.0,Olena+e2@nexudus.com,2026-08-25T20:44:00Z
1457716957,,,,322c52d3-e19d-4710-9cd6-f305ce25cff8,40933bb3-00fe-49af-9a6d-edb5828b366b,,,,False,EUR,2024-01-23T19:57:38Z,1429951371,INV-0092,True,2024-01-20T20:01:29Z,,,,,2024-01-20T19:57:38Z,0.0,,Private Office Annual (Irene Wilson),0.0,,,,,,MEM-001,Membership Revenue,,False,False,False,False,e04f71a2-c16f-4b29-ab48-6e5869c3476e,,11,,1,False,,,2022-07-22T23:00:00Z,12000.0,,Private Office Annual,0.0,[No Tax],0.0,Private Office Annual (Irene Wilson),b3fe9758-d0de-4c5c-b81e-3c97274f3247,12000.0,Olena+e2@nexudus.com,2026-08-25T20:44:00Z
1457716958,,,,,2ea47e1e-3154-4e0a-89fd-6878233ad8fa,,,,False,EUR,2025-02-20T19:57:41Z,1429951372,INV-0094,True,2025-02-17T20:01:32Z,,,,,2025-02-17T19:57:41Z,0.0,,Private Office Small,,,,,,,MEM-001,Membership Revenue,,False,False,False,False,e04f71a2-c16f-4b29-ab48-6e5869c3476e,,0,,1,False,,,2023-11-01T22:00:00Z,1200.0,,Private Office Small,0.0,[No Tax],0.0,Private Office Small,09e29d0c-c976-4600-bced-da365515587b,1200.0,Olena+e2@nexudus.com,2026-08-25T20:44:02Z
1457716959,,,,,58cae1f6-208f-465a-94fd-3dda8406c288,,,,False,EUR,2025-06-04T19:57:51Z,1429951373,INV-0098,True,2025-06-01T20:01:35Z,,,,,2025-06-01T19:57:51Z,0.0,,Hot Desk Monthly,,,,,,,MEM-001,Membership Revenue,,False,False,False,False,e04f71a2-c16f-4b29-ab48-6e5869c3476e,,0,,1,False,,,2025-07-31T22:00:00Z,150.0,,Hot Desk Monthly,0.0,[No Tax],0.0,Hot Desk Monthly,41875ce8-8c5b-4a25-a32f-74723558d034,150.0,Olena+e2@nexudus.com,2026-08-25T20:44:04Z
1457716960,,,,,58cae1f6-208f-465a-94fd-3dda8406c288,,,,False,EUR,2025-06-04T19:57:51Z,1429951373,INV-0098,True,2025-06-01T20:01:35Z,Mail Handling,36f3e17d-5dbd-4698-a384-b79a483918c0,,,2025-06-01T19:57:51Z,0.0,,Mail Handling,,,,,,,PRD-001,Product Sales,,False,False,False,False,e04f71a2-c16f-4b29-ab48-6e5869c3476e,,1,,1,False,,,2026-10-24T22:00:00Z,20.0,,,0.0,[No Tax],0.0,Mail Handling,5d39a0b4-7ca1-4358-8f1b-3a295b416b49,20.0,Olena+e2@nexudus.com,2026-08-25T20:44:04Z
1457716961,,,,,4b53d880-9f48-413b-ae36-19577fb6e8ec,,,,False,EUR,2026-05-04T19:57:57Z,1429951374,INV-0101,True,2026-05-01T20:01:38Z,,,,,2026-05-01T19:57:57Z,0.0,,Hot Desk Quarterly,,,,,,,MEM-001,Membership Revenue,,False,False,False,False,e04f71a2-c16f-4b29-ab48-6e5869c3476e,,0,,1,False,,,2026-10-21T23:00:00Z,352.56,,Hot Desk Quarterly,0.0,[No Tax],0.0,Hot Desk Quarterly,f67e6e4c-bbb2-401a-b5a3-484f8e2bba86,352.56,Olena+e2@nexudus.com,2026-08-25T20:44:06Z
1457716962,,,,,2e6e2db8-0894-4575-827e-d5d4910edee6,,,,False,EUR,2026-06-23T19:57:59Z,1429951375,INV-0103,True,2026-06-20T20:01:40Z,,,,,2026-06-20T19:57:59Z,0.0,,Dedicated Desk Monthly,,,,,,,MEM-001,Membership Revenue,,False,False,False,False,e04f71a2-c16f-4b29-ab48-6e5869c3476e,,0,,1,False,,,2026-08-02T22:00:00Z,330.98,,Dedicated Desk Monthly,0.0,[No Tax],0.0,Dedicated Desk Monthly,59f98007-8e93-4902-9a9d-77ebeb83104a,330.98,Olena+e2@nexudus.com,2026-08-25T20:44:07Z
1457716963,,,,,257fd942-8baf-402f-8490-98faa99e3a0b,,,,False,EUR,2024-05-28T19:58:01Z,1429951376,INV-0105,True,2024-05-25T20:01:41Z,,,,,2024-05-25T19:58:01Z,0.0,,Private Office Small,,,,,,,MEM-001,Membership Revenue,,False,False,False,False,e04f71a2-c16f-4b29-ab48-6e5869c3476e,,0,,1,False,,,2024-02-08T22:00:00Z,1200.0,,Private Office Small,0.0,[No Tax],0.0,Private Office Small,d11045fc-be1a-4fab-b330-be48fb67add1,1200.0,Olena+e2@nexudus.com,2026-08-25T20:44:12Z
1457716964,,,,,f13c8fa5-a76a-4283-b087-8d18856f8ef5,,,,False,EUR,2025-02-24T19:58:02Z,1429951377,INV-0106,True,2025-02-21T20:02:16Z,,,,,2025-02-21T19:58:02Z,0.0,,Private Office Annual,,,,,,,MEM-001,Membership Revenue,,False,False,False,False,e04f71a2-c16f-4b29-ab48-6e5869c3476e,,0,,1,False,,,2024-11-22T22:00:00Z,12000.0,,Private Office Annual,0.0,[No Tax],0.0,Private Office Annual,4c57c2ff-808e-4a0e-9a47-a055fea64bce,12000.0,Olena+e2@nexudus.com,2026-08-25T20:44:13Z
1457716965,,,,,f13c8fa5-a76a-4283-b087-8d18856f8ef5,,,,False,EUR,2025-02-24T19:58:02Z,1429951377,INV-0106,True,2025-02-21T20:02:16Z,Storage Locker,5f5ae5da-9bc0-4965-88b4-af61c6f2d2e5,,,2025-02-21T19:58:02Z,0.0,,Storage Locker,,,,,,,PRD-001,Product Sales,,False,False,False,False,e04f71a2-c16f-4b29-ab48-6e5869c3476e,,1,,1,False,,,2026-05-27T00:00:00Z,30.0,,,0.0,[No Tax],0.0,Storage Locker,4957a073-dd41-46d8-bf70-52bce7ba1076,30.0,Olena+e2@nexudus.com,2026-08-25T20:44:13Z
1457716966,,,,,ccd407f4-d6ae-4205-b329-40995062b471,,,,False,EUR,2025-06-20T19:58:04Z,1429951378,INV-0108,True,2025-06-17T20:02:18Z,,,,,2025-06-17T19:58:04Z,0.0,,Flex Weekly,,,,,,,MEM-001,Membership Revenue,,False,False,False,False,e04f71a2-c16f-4b29-ab48-6e5869c3476e,,0,,1,False,,,2024-11-16T23:00:00Z,44.93,,Flex Weekly,0.0,[No Tax],0.0,Flex Weekly,e01e9cc3-72ee-4a06-b007-ae9cccff8d41,44.93,Olena+e2@nexudus.com,2026-08-25T20:44:15Z
1457716967,,,,,ccd407f4-d6ae-4205-b329-40995062b471,,,,False,EUR,2025-06-20T19:58:04Z,1429951378,INV-0108,True,2025-06-17T20:02:18Z,Mail Handling,c59eea7c-5b9d-4a16-af21-91c5c581e8a8,,,2025-06-17T19:58:04Z,0.0,,Mail Handling,,,,,,,PRD-001,Product Sales,,False,False,False,False,e04f71a2-c16f-4b29-ab48-6e5869c3476e,,1,,1,False,,,2026-01-24T23:00:00Z,20.0,,,0.0,[No Tax],0.0,Mail Handling,9577e1c5-a219-4843-83fd-68e52512f39a,20.0,Olena+e2@nexudus.com,2026-08-25T20:44:15Z
1457716968,,,,,11ad18e1-b3d0-482b-9dfd-d044aa420de0,,,,False,EUR,2023-06-23T19:58:05Z,1429951379,INV-0109,True,2023-06-20T20:02:19Z,,,,,2023-06-20T19:58:05Z,0.0,,Hot Desk Quarterly,,,,,,,MEM-001,Membership Revenue,,False,False,False,False,e04f71a2-c16f-4b29-ab48-6e5869c3476e,,0,,1,False,,,2023-05-18T22:00:00Z,400.0,,Hot Desk Quarterly,0.0,[No Tax],0.0,Hot Desk Quarterly,a79a08fc-21ba-4b55-84ff-35974e15472d,400.0,Olena+e2@nexudus.com,2026-08-25T20:44:15Z
1457716969,,,,,2b593c66-b701-450c-bd4b-6ac15d83abde,,,,False,EUR,2024-11-20T19:58:06Z,1429951380,INV-0110,True,2024-11-17T20:02:20Z,,,,,2024-11-17T19:58:06Z,0.0,,Flex Fortnightly,,,,,,,MEM-001,Membership Revenue,,False,False,False,False,e04f71a2-c16f-4b29-ab48-6e5869c3476e,,0,,1,False,,,2024-05-01T23:00:00Z,250.0,,Flex Fortnightly,0.0,[No Tax],0.0,Flex Fortnightly,88b392e6-0d18-4af2-92d3-783938dbea89,250.0,Olena+e2@nexudus.com,2026-08-25T20:44:16Z
1457716970,,,,,2b593c66-b701-450c-bd4b-6ac15d83abde,,,,False,EUR,2024-11-20T19:58:06Z,1429951380,INV-0110,True,2024-11-17T20:02:20Z,Storage Locker,25e06578-f998-4e4c-9f6b-faa4abc6e76d,,,2024-11-17T19:58:06Z,0.0,,Storage Locker,,,,,,,PRD-001,Product Sales,,False,False,False,False,e04f71a2-c16f-4b29-ab48-6e5869c3476e,,1,,1,False,,,2026-02-06T23:00:00Z,30.0,,,0.0,[No Tax],0.0,Storage Locker,a63a903f-c3a7-446d-8af0-cec63721cc92,30.0,Olena+e2@nexudus.com,2026-08-25T20:44:16Z
1457716971,,,,,86e280a9-0c42-4769-9eb5-38309a5de047,,,,False,EUR,2022-12-23T19:58:08Z,1429951381,INV-0112,True,2022-12-20T20:02:22Z,,,,,2022-12-20T19:58:08Z,0.0,,Private Office Large,,,,,,,MEM-001,Membership Revenue,,False,False,False,False,e04f71a2-c16f-4b29-ab48-6e5869c3476e,,0,,1,False,,,2022-01-22T22:00:00Z,1883.84,,Private Office Large,0.0,[No Tax],0.0,Private Office Large,810dab45-0db2-4eaa-bfd2-695b588ee42c,1883.84,Olena+e2@nexudus.com,2026-08-25T20:44:17Z
1457716972,,,,,98b2ac8f-475a-4038-8609-c3387d034106,,,,False,EUR,2024-06-07T19:58:13Z,1429951382,INV-0114,True,2024-06-04T20:02:23Z,,,,,2024-06-04T19:58:13Z,0.0,,Flex Weekly,,,,,,,MEM-001,Membership Revenue,,False,False,False,False,e04f71a2-c16f-4b29-ab48-6e5869c3476e,,0,,1,False,,,2023-02-04T22:00:00Z,50.0,,Flex Weekly,0.0,[No Tax],0.0,Flex Weekly,a59c0286-0b0a-4055-adf7-f3e42575fe91,50.0,Olena+e2@nexudus.com,2026-08-25T20:44:18Z
1457716973,,,,,98b2ac8f-475a-4038-8609-c3387d034106,,,,False,EUR,2024-06-07T19:58:13Z,1429951382,INV-0114,True,2024-06-04T20:02:23Z,Storage Locker,412f85da-ad66-40d7-a3b2-72fc360928a6,,,2024-06-04T19:58:13Z,0.0,,Storage Locker,,,,,,,PRD-001,Product Sales,,False,False,False,False,e04f71a2-c16f-4b29-ab48-6e5869c3476e,,1,,1,False,,,2025-04-26T22:00:00Z,30.0,,,0.0,[No Tax],0.0,Storage Locker,c15420f7-e109-4ba8-ac47-d473aa7b65bb,30.0,Olena+e2@nexudus.com,2026-08-25T20:44:18Z
1457716974,,,,4cd79b96-8b5a-4dd2-a30a-5a7eb62683d3,cd2bbb2c-3654-4737-b0b9-5c046bade0a2,,,,False,EUR,2024-06-07T19:58:13Z,1429951382,INV-0114,True,2024-06-04T20:02:23Z,,,,,2024-06-04T19:58:13Z,0.0,,Dedicated Desk Monthly (Victor Harrison),0.0,,,,,,MEM-001,Membership Revenue,,False,False,False,False,e04f71a2-c16f-4b29-ab48-6e5869c3476e,,2,,1,False,,,2023-02-04T22:00:00Z,298.76,,Dedicated Desk Monthly,0.0,[No Tax],0.0,Dedicated Desk Monthly (Victor Harrison),8887c9c0-8b01-4d56-9edc-004b830d721c,298.76,Olena+e2@nexudus.com,2026-08-25T20:44:18Z
1457716975,,,,a06e2716-87e4-4afc-b3ca-24cb9efe5df3,cd2bbb2c-3654-4737-b0b9-5c046bade0a2,,,,False,EUR,2024-06-07T19:58:13Z,1429951382,INV-0114,True,2024-06-04T20:02:23Z,Parking Space,8999a008-95f7-40ee-a5d8-6863abb4cfa8,,,2024-06-04T19:58:13Z,0.0,,Parking Space (Victor Harrison),0.0,,,,,,PRD-001,Product Sales,,False,False,False,False,e04f71a2-c16f-4b29-ab48-6e5869c3476e,,3,,1,False,,,2025-05-09T22:00:00Z,75.0,,,0.0,[No Tax],0.0,Parking Space (Victor Harrison),5eb161ef-c050-46ae-827a-982d66ef82a8,75.0,Olena+e2@nexudus.com,2026-08-25T20:44:18Z
1457716976,,,,93a08281-733b-4ea2-9499-a0f1a21da0da,cd2bbb2c-3654-4737-b0b9-5c046bade0a2,,,,False,EUR,2024-06-07T19:58:13Z,1429951382,INV-0114,True,2024-06-04T20:02:23Z,,,,,2024-06-04T19:58:13Z,0.0,,Dedicated Desk Monthly (Victor Harrison),0.0,,,,,,MEM-001,Membership Revenue,,False,False,False,False,e04f71a2-c16f-4b29-ab48-6e5869c3476e,,4,,1,False,,,2023-02-04T22:00:00Z,298.76,,Dedicated Desk Monthly,0.0,[No Tax],0.0,Dedicated Desk Monthly (Victor Harrison),b583f5b1-946a-4ac3-bb04-547a65a48a87,298.76,Olena+e2@nexudus.com,2026-08-25T20:44:18Z
1457716977,,,,32f5be9e-54cb-4253-a6fa-82137c17371d,cd2bbb2c-3654-4737-b0b9-5c046bade0a2,,,,False,EUR,2024-06-07T19:58:13Z,1429951382,INV-0114,True,2024-06-04T20:02:23Z,Parking Space,ca99242b-f131-4081-896f-31f9a2814a13,,,2024-06-04T19:58:13Z,0.0,,Parking Space (Victor Harrison),0.0,,,,,,PRD-001,Product Sales,,False,False,False,False,e04f71a2-c16f-4b29-ab48-6e5869c3476e,,5,,1,False,,,2025-06-09T22:00:00Z,75.0,,,0.0,[No Tax],0.0,Parking Space (Victor Harrison),c5e75a6d-9439-45ad-97ab-59dfc697782d,75.0,Olena+e2@nexudus.com,2026-08-25T20:44:18Z
1457716978,,,,f538c54c-0515-4a0a-b91c-42e9277aaa46,1eb0805e-661d-4d6b-8c84-2a6b07efda5f,,,,False,EUR,2024-06-07T19:58:13Z,1429951382,INV-0114,True,2024-06-04T20:02:23Z,,,,,2024-06-04T19:58:13Z,0.0,,Private Office Small (Ashley Smith),0.0,,,,,,MEM-001,Membership Revenue,,False,False,False,False,e04f71a2-c16f-4b29-ab48-6e5869c3476e,,6,,1,False,,,2023-02-04T22:00:00Z,1082.52,,Private Office Small,0.0,[No Tax],0.0,Private Office Small (Ashley Smith),a789975d-e0e6-4fe3-a15a-0fa770167e02,1082.52,Olena+e2@nexudus.com,2026-08-25T20:44:18Z
1457716979,,,,32d6e3ae-7a08-46f6-ab6d-ece754d11724,1eb0805e-661d-4d6b-8c84-2a6b07efda5f,,,,False,EUR,2024-06-07T19:58:13Z,1429951382,INV-0114,True,2024-06-04T20:02:23Z,Mail Handling,32b2cd37-a5cd-4a1a-95e6-5e47835e1a68,,,2024-06-04T19:58:13Z,0.0,,Mail Handling (Ashley Smith),0.0,,,,,,PRD-001,Product Sales,,False,False,False,False,e04f71a2-c16f-4b29-ab48-6e5869c3476e,,7,,1,False,,,2025-06-16T22:00:00Z,20.0,,,0.0,[No Tax],0.0,Mail Handling (Ashley Smith),0b8bbbd6-e066-444d-a02b-d4a84eaf8d71,20.0,Olena+e2@nexudus.com,2026-08-25T20:44:18Z
1457716980,,,,c97f4a20-caf1-4af3-93b7-60370fd5025b,1eb0805e-661d-4d6b-8c84-2a6b07efda5f,,,,False,EUR,2024-06-07T19:58:13Z,1429951382,INV-0114,True,2024-06-04T20:02:23Z,,,,,2024-06-04T19:58:13Z,0.0,,Private Office Small (Ashley Smith),0.0,,,,,,MEM-001,Membership Revenue,,False,False,False,False,e04f71a2-c16f-4b29-ab48-6e5869c3476e,,8,,1,False,,,2023-02-04T22:00:00Z,1082.52,,Private Office Small,0.0,[No Tax],0.0,Private Office Small (Ashley Smith),230e36cc-e3a6-4762-b4d2-c6db572a8cb5,1082.52,Olena+e2@nexudus.com,2026-08-25T20:44:18Z
1457716981,,,,69a23c1f-b8b5-4428-9626-4cdd96bc982b,1eb0805e-661d-4d6b-8c84-2a6b07efda5f,,,,False,EUR,2024-06-07T19:58:13Z,1429951382,INV-0114,True,2024-06-04T20:02:23Z,Mail Handling,710c166d-f832-4f6d-b0c9-ea4860b64c29,,,2024-06-04T19:58:13Z,0.0,,Mail Handling (Ashley Smith),0.0,,,,,,PRD-001,Product Sales,,False,False,False,False,e04f71a2-c16f-4b29-ab48-6e5869c3476e,,9,,1,False,,,2025-07-16T22:00:00Z,20.0,,,0.0,[No Tax],0.0,Mail Handling (Ashley Smith),997a7a66-0c3e-47ab-b5d8-1f43ac7ce768,20.0,Olena+e2@nexudus.com,2026-08-25T20:44:18Z
1457716982,,,,2ebe5c80-8bc0-4a70-865a-6753f0503bfe,b18bd23e-3578-4f5a-b185-b9f31fe0378f,,,,False,EUR,2024-06-07T19:58:13Z,1429951382,INV-0114,True,2024-06-04T20:02:23Z,,,,,2024-06-04T19:58:13Z,0.0,,Flex Fortnightly (Robin Andrews),0.0,,,,,,MEM-001,Membership Revenue,,False,False,False,False,e04f71a2-c16f-4b29-ab48-6e5869c3476e,,10,,1,False,,,2023-02-04T22:00:00Z,235.98,,Flex Fortnightly,0.0,[No Tax],0.0,Flex Fortnightly (Robin Andrews),9581bf90-b120-4247-a6f1-e4cd29e22882,235.98,Olena+e2@nexudus.com,2026-08-25T20:44:18Z
1457716983,,,,de3c8849-c873-4fa6-99f7-d26c1315ba8c,b18bd23e-3578-4f5a-b185-b9f31fe0378f,,,,False,EUR,2024-06-07T19:58:13Z,1429951382,INV-0114,True,2024-06-04T20:02:23Z,,,,,2024-06-04T19:58:13Z,0.0,,Flex Fortnightly (Robin Andrews),0.0,,,,,,MEM-001,Membership Revenue,,False,False,False,False,e04f71a2-c16f-4b29-ab48-6e5869c3476e,,11,,1,False,,,2023-02-04T22:00:00Z,235.98,,Flex Fortnightly,0.0,[No Tax],0.0,Flex Fortnightly (Robin Andrews),c7334026-d0a4-44ba-8917-c2b669bdd585,235.98,Olena+e2@nexudus.com,2026-08-25T20:44:18Z
1457716984,,,,bc0d93d5-49e9-4df4-907e-c693d5a0b84e,7129cea4-6c12-42bd-9565-7265f8b42fad,,,,False,EUR,2024-06-07T19:58:13Z,1429951382,INV-0114,True,2024-06-04T20:02:23Z,,,,,2024-06-04T19:58:13Z,0.0,,Hot Desk Monthly (Leanne Foster),0.0,,,,,,MEM-001,Membership Revenue,,False,False,False,False,e04f71a2-c16f-4b29-ab48-6e5869c3476e,,12,,1,False,,,2023-02-04T22:00:00Z,129.5,,Hot Desk Monthly,0.0,[No Tax],0.0,Hot Desk Monthly (Leanne Foster),67cad432-050d-4f1b-96c8-75223c71b2b8,129.5,Olena+e2@nexudus.com,2026-08-25T20:44:18Z
1457716985,,,,1a4205dd-6fb5-4bd9-8d76-e961ffba9897,7129cea4-6c12-42bd-9565-7265f8b42fad,,,,False,EUR,2024-06-07T19:58:13Z,1429951382,INV-0114,True,2024-06-04T20:02:23Z,Mail Handling,6895923a-1097-46df-8b47-07d5d9ecdc91,,,2024-06-04T19:58:13Z,0.0,,Mail Handling (Leanne Foster),0.0,,,,,,PRD-001,Product Sales,,False,False,False,False,e04f71a2-c16f-4b29-ab48-6e5869c3476e,,13,,1,False,,,2025-11-21T23:00:00Z,20.0,,,0.0,[No Tax],0.0,Mail Handling (Leanne Foster),6b32d930-9ec8-4137-b5cb-ce9bc2965ada,20.0,Olena+e2@nexudus.com,2026-08-25T20:44:18Z
1457716986,,,,a07e8385-e770-49d0-bd6d-40538626bdfc,7129cea4-6c12-42bd-9565-7265f8b42fad,,,,False,EUR,2024-06-07T19:58:13Z,1429951382,INV-0114,True,2024-06-04T20:02:23Z,,,,,2024-06-04T19:58:13Z,0.0,,Hot Desk Monthly (Leanne Foster),0.0,,,,,,MEM-001,Membership Revenue,,False,False,False,False,e04f71a2-c16f-4b29-ab48-6e5869c3476e,,14,,1,False,,,2023-02-04T22:00:00Z,129.5,,Hot Desk Monthly,0.0,[No Tax],0.0,Hot Desk Monthly (Leanne Foster),915be15f-9b7e-4be1-ae9d-9e83086ef700,129.5,Olena+e2@nexudus.com,2026-08-25T20:44:18Z
1457716987,,,,30da4b9f-933d-4c88-b5c3-3807670a4d68,7129cea4-6c12-42bd-9565-7265f8b42fad,,,,False,EUR,2024-06-07T19:58:13Z,1429951382,INV-0114,True,2024-06-04T20:02:23Z,Mail Handling,c6811ae8-6349-412d-ab8f-53f8cf346184,,,2024-06-04T19:58:13Z,0.0,,Mail Handling (Leanne Foster),0.0,,,,,,PRD-001,Product Sales,,False,False,False,False,e04f71a2-c16f-4b29-ab48-6e5869c3476e,,15,,1,False,,,2025-12-21T23:00:00Z,20.0,,,0.0,[No Tax],0.0,Mail Handling (Leanne Foster),4a7cd5ea-ddd4-4fdb-9545-b836e5ea0060,20.0,Olena+e2@nexudus.com,2026-08-25T20:44:18Z
1457716988,,,,2a125832-f803-41ee-8c8f-940c25bbea17,a98c8df6-34c6-4ab5-8b7c-ebe99a8fe589,,,,False,EUR,2024-06-07T19:58:13Z,1429951382,INV-0114,True,2024-06-04T20:02:23Z,,,,,2024-06-04T19:58:13Z,0.0,,Flex Fortnightly (Ashley Smith),0.0,,,,,,MEM-001,Membership Revenue,,False,False,False,False,e04f71a2-c16f-4b29-ab48-6e5869c3476e,,16,,1,False,,,2023-02-04T22:00:00Z,250.0,,Flex Fortnightly,0.0,[No Tax],0.0,Flex Fortnightly (Ashley Smith),5a29e5e4-cc86-4b05-abc5-51cc3b3fb05f,250.0,Olena+e2@nexudus.com,2026-08-25T20:44:18Z
1457716989,,,,44cb70b4-7222-4a68-adb5-cbd0cf950c86,a98c8df6-34c6-4ab5-8b7c-ebe99a8fe589,,,,False,EUR,2024-06-07T19:58:13Z,1429951382,INV-0114,True,2024-06-04T20:02:23Z,Parking Space,7b6d5921-ad86-4ee4-b796-d67fc885cdad,,,2024-06-04T19:58:13Z,0.0,,Parking Space (Ashley Smith),0.0,,,,,,PRD-001,Product Sales,,False,False,False,False,e04f71a2-c16f-4b29-ab48-6e5869c3476e,,17,,1,False,,,2026-05-05T22:00:00Z,75.0,,,0.0,[No Tax],0.0,Parking Space (Ashley Smith),16ac5846-f2a5-4f08-9958-28108207c6ee,75.0,Olena+e2@nexudus.com,2026-08-25T20:44:18Z
1457716990,,,,64727abe-2fd2-4c82-9850-d3524b5fdd78,60220ba8-8c23-4162-87fb-4501cabf33b0,,,,False,EUR,2024-06-07T19:58:13Z,1429951382,INV-0114,True,2024-06-04T20:02:23Z,,,,,2024-06-04T19:58:13Z,0.0,,Hot Desk Quarterly (Tracy Harrison),0.0,,,,,,MEM-001,Membership Revenue,,False,False,False,False,e04f71a2-c16f-4b29-ab48-6e5869c3476e,,18,,1,False,,,2023-02-04T22:00:00Z,361.68,,Hot Desk Quarterly,0.0,[No Tax],0.0,Hot Desk Quarterly (Tracy Harrison),b23d2d66-7509-444c-813e-45607da67ecd,361.68,Olena+e2@nexudus.com,2026-08-25T20:44:18Z
1457716991,,,,c06e1e25-2957-4e33-b593-21fdfc0cb3c3,60220ba8-8c23-4162-87fb-4501cabf33b0,,,,False,EUR,2024-06-07T19:58:13Z,1429951382,INV-0114,True,2024-06-04T20:02:23Z,Mail Handling,0c1e93df-e264-471c-8116-17a948629cd2,,,2024-06-04T19:58:13Z,0.0,,Mail Handling (Tracy Harrison),0.0,,,,,,PRD-001,Product Sales,,False,False,False,False,e04f71a2-c16f-4b29-ab48-6e5869c3476e,,19,,1,False,,,2026-06-11T22:00:00Z,20.0,,,0.0,[No Tax],0.0,Mail Handling (Tracy Harrison),de09a421-8697-4dcd-aa9b-5fd213fc44ce,20.0,Olena+e2@nexudus.com,2026-08-25T20:44:18Z
1457716992,,,,f732b011-eaea-4c0e-9cc7-c03bcfa3f820,60220ba8-8c23-4162-87fb-4501cabf33b0,,,,False,EUR,2024-06-07T19:58:13Z,1429951382,INV-0114,True,2024-06-04T20:02:23Z,,,,,2024-06-04T19:58:13Z,0.0,,Hot Desk Quarterly (Tracy Harrison),0.0,,,,,,MEM-001,Membership Revenue,,False,False,False,False,e04f71a2-c16f-4b29-ab48-6e5869c3476e,,20,,1,False,,,2023-02-04T22:00:00Z,361.68,,Hot Desk Quarterly,0.0,[No Tax],0.0,Hot Desk Quarterly (Tracy Harrison),ba7983c2-d84e-4c36-b8db-a3a53ac64756,361.68,Olena+e2@nexudus.com,2026-08-25T20:44:18Z
1457716993,,,,1fb739f4-89fb-4898-aa2a-a1299bd02ea6,60220ba8-8c23-4162-87fb-4501cabf33b0,,,,False,EUR,2024-06-07T19:58:13Z,1429951382,INV-0114,True,2024-06-04T20:02:23Z,Mail Handling,8146c993-c210-4499-a108-872cead65858,,,2024-06-04T19:58:13Z,0.0,,Mail Handling (Tracy Harrison),0.0,,,,,,PRD-001,Product Sales,,False,False,False,False,e04f71a2-c16f-4b29-ab48-6e5869c3476e,,21,,1,False,,,2026-09-11T22:00:00Z,20.0,,,0.0,[No Tax],0.0,Mail Handling (Tracy Harrison),9b6d9a83-e023-4880-a66e-e9767ba530e6,20.0,Olena+e2@nexudus.com,2026-08-25T20:44:18Z
1457716994,,,,97f68c0b-5eaa-43eb-b4b5-77c180d5091d,11351685-db46-4bc5-b905-1303b6682acc,,,,False,EUR,2024-06-07T19:58:13Z,1429951382,INV-0114,True,2024-06-04T20:02:23Z,,,,,2024-06-04T19:58:13Z,0.0,,Hot Desk Quarterly (Teresa Hopkins),0.0,,,,,,MEM-001,Membership Revenue,,False,False,False,False,e04f71a2-c16f-4b29-ab48-6e5869c3476e,,22,,1,False,,,2023-02-04T22:00:00Z,343.61,,Hot Desk Quarterly,0.0,[No Tax],0.0,Hot Desk Quarterly (Teresa Hopkins),a5451af5-b325-40a4-8a5f-170fdf8a3d67,343.61,Olena+e2@nexudus.com,2026-08-25T20:44:18Z
1457716995,,,,,05d57e40-8523-4290-87a0-5c3f06ee7d2b,,,,False,EUR,2025-11-15T19:58:21Z,1429951383,INV-0119,True,2025-11-12T20:02:28Z,,,,,2025-11-12T19:58:21Z,0.0,,Dedicated Desk Monthly,,,,,,,MEM-001,Membership Revenue,,False,False,False,False,e04f71a2-c16f-4b29-ab48-6e5869c3476e,,0,,1,False,,,2024-06-11T23:00:00Z,329.93,,Dedicated Desk Monthly,0.0,[No Tax],0.0,Dedicated Desk Monthly,38ccce2d-e51d-43c3-ad7c-ee11df52251c,329.93,Olena+e2@nexudus.com,2026-08-25T20:44:59Z
1457716996,,,,,05d57e40-8523-4290-87a0-5c3f06ee7d2b,,,,False,EUR,2025-11-15T19:58:21Z,1429951383,INV-0119,True,2025-11-12T20:02:28Z,Storage Locker,02532bda-2eeb-4d99-9b78-0ddbf64d2525,,,2025-11-12T19:58:21Z,0.0,,Storage Locker,,,,,,,PRD-001,Product Sales,,False,False,False,False,e04f71a2-c16f-4b29-ab48-6e5869c3476e,,1,,1,False,,,2025-03-24T23:00:00Z,30.0,,,0.0,[No Tax],0.0,Storage Locker,bea11a82-682c-406c-a60a-27c34676fdf0,30.0,Olena+e2@nexudus.com,2026-08-25T20:44:59Z
1457716997,,,,0ed3a1c8-b9fa-4311-b33e-313934327754,56d5f420-d042-45a7-9b7d-7bb85443c1ca,,,,False,EUR,2025-11-15T19:58:21Z,1429951383,INV-0119,True,2025-11-12T20:02:28Z,,,,,2025-11-12T19:58:21Z,0.0,,Flex Fortnightly (Leslie Warner),0.0,,,,,,MEM-001,Membership Revenue,,False,False,False,False,e04f71a2-c16f-4b29-ab48-6e5869c3476e,,2,,1,False,,,2024-06-11T23:00:00Z,250.0,,Flex Fortnightly,0.0,[No Tax],0.0,Flex Fortnightly (Leslie Warner),18f2b963-60ba-4f06-8281-d958a04d4c13,250.0,Olena+e2@nexudus.com,2026-08-25T20:44:59Z
1457716998,,,,2d2caefb-0668-4712-9421-b582bf3301bb,56d5f420-d042-45a7-9b7d-7bb85443c1ca,,,,False,EUR,2025-11-15T19:58:21Z,1429951383,INV-0119,True,2025-11-12T20:02:28Z,Parking Space,db22fb62-272f-4919-9a77-dea1afd38cb5,,,2025-11-12T19:58:21Z,0.0,,Parking Space (Leslie Warner),0.0,,,,,,PRD-001,Product Sales,,False,False,False,False,e04f71a2-c16f-4b29-ab48-6e5869c3476e,,3,,1,False,,,2025-06-29T22:00:00Z,75.0,,,0.0,[No Tax],0.0,Parking Space (Leslie Warner),de0a2e88-dfa9-4b87-978f-f9e336f87771,75.0,Olena+e2@nexudus.com,2026-08-25T20:44:59Z
1457716999,,,,63a6698c-d09a-455f-89c9-9c8e474316fe,56d5f420-d042-45a7-9b7d-7bb85443c1ca,,,,False,EUR,2025-11-15T19:58:21Z,1429951383,INV-0119,True,2025-11-12T20:02:28Z,,,,,2025-11-12T19:58:21Z,0.0,,Flex Fortnightly (Leslie Warner),0.0,,,,,,MEM-001,Membership Revenue,,False,False,False,False,e04f71a2-c16f-4b29-ab48-6e5869c3476e,,4,,1,False,,,2024-06-11T23:00:00Z,250.0,,Flex Fortnightly,0.0,[No Tax],0.0,Flex Fortnightly (Leslie Warner),d37cab19-750d-4dff-9e08-e52edfe83a12,250.0,Olena+e2@nexudus.com,2026-08-25T20:44:59Z
1457717000,,,,e68f7df5-23f4-43e9-a606-31020a620cbb,56d5f420-d042-45a7-9b7d-7bb85443c1ca,,,,False,EUR,2025-11-15T19:58:21Z,1429951383,INV-0119,True,2025-11-12T20:02:28Z,Parking Space,43303828-f1b9-4b2d-ba3a-66369e6d6f28,,,2025-11-12T19:58:21Z,0.0,,Parking Space (Leslie Warner),0.0,,,,,,PRD-001,Product Sales,,False,False,False,False,e04f71a2-c16f-4b29-ab48-6e5869c3476e,,5,,1,False,,,2025-07-13T22:00:00Z,75.0,,,0.0,[No Tax],0.0,Parking Space (Leslie Warner),ff7f0d01-2aea-4cf7-8373-728f6ffcdf8d,75.0,Olena+e2@nexudus.com,2026-08-25T20:44:59Z
1457717001,,,,1153b95b-7146-44e5-931d-bd44d4b71075,1a5c76ee-f959-44e4-84ca-ab0a373ed503,,,,False,EUR,2025-11-15T19:58:21Z,1429951383,INV-0119,True,2025-11-12T20:02:28Z,,,,,2025-11-12T19:58:21Z,0.0,,Flex Weekly (Gemma Ferguson),0.0,,,,,,MEM-001,Membership Revenue,,False,False,False,False,e04f71a2-c16f-4b29-ab48-6e5869c3476e,,6,,1,False,,,2024-06-11T23:00:00Z,44.46,,Flex Weekly,0.0,[No Tax],0.0,Flex Weekly (Gemma Ferguson),5fd42227-a262-4432-983a-9c80066bb7a9,44.46,Olena+e2@nexudus.com,2026-08-25T20:44:59Z
1457717002,,,,6089ff4c-611f-4725-96e8-48f8d8db2a6c,1a5c76ee-f959-44e4-84ca-ab0a373ed503,,,,False,EUR,2025-11-15T19:58:21Z,1429951383,INV-0119,True,2025-11-12T20:02:28Z,,,,,2025-11-12T19:58:21Z,0.0,,Flex Weekly (Gemma Ferguson),0.0,,,,,,MEM-001,Membership Revenue,,False,False,False,False,e04f71a2-c16f-4b29-ab48-6e5869c3476e,,7,,1,False,,,2024-06-11T23:00:00Z,44.46,,Flex Weekly,0.0,[No Tax],0.0,Flex Weekly (Gemma Ferguson),35029f94-8735-4f6d-8383-9db375473642,44.46,Olena+e2@nexudus.com,2026-08-25T20:44:59Z
1457717003,,,,f092995c-1d14-49dd-b703-69fb326eb299,df6d629b-b400-46c5-8491-ebd0acaf5840,,,,False,EUR,2025-11-15T19:58:21Z,1429951383,INV-0119,True,2025-11-12T20:02:28Z,,,,,2025-11-12T19:58:21Z,0.0,,Dedicated Desk Monthly (Jeremy Mellor),0.0,,,,,,MEM-001,Membership Revenue,,False,False,False,False,e04f71a2-c16f-4b29-ab48-6e5869c3476e,,8,,1,False,,,2024-06-11T23:00:00Z,330.2,,Dedicated Desk Monthly,0.0,[No Tax],0.0,Dedicated Desk Monthly (Jeremy Mellor),2b94cd25-3dd1-4e29-9e6b-3df7181d15bc,330.2,Olena+e2@nexudus.com,2026-08-25T20:44:59Z
1457717004,,,,70bc1712-8790-4dba-9c3b-9cba81eb0c1f,bdcb9d2c-ab81-4e8e-9968-3a380ef40ce8,,,,False,EUR,2025-11-15T19:58:21Z,1429951383,INV-0119,True,2025-11-12T20:02:28Z,,,,,2025-11-12T19:58:21Z,0.0,,Hot Desk Monthly (Gemma Elliott),0.0,,,,,,MEM-001,Membership Revenue,,False,False,False,False,e04f71a2-c16f-4b29-ab48-6e5869c3476e,,9,,1,False,,,2024-06-11T23:00:00Z,140.86,,Hot Desk Monthly,0.0,[No Tax],0.0,Hot Desk Monthly (Gemma Elliott),14dc5e9a-589b-4f9c-9f22-783a530213b7,140.86,Olena+e2@nexudus.com,2026-08-25T20:44:59Z
1457717005,,,,021ef689-e455-48d2-b544-2ace45442974,bdcb9d2c-ab81-4e8e-9968-3a380ef40ce8,,,,False,EUR,2025-11-15T19:58:21Z,1429951383,INV-0119,True,2025-11-12T20:02:28Z,Mail Handling,dee0d1e2-4ca1-4dd6-a57f-5c6be7c8a15c,,,2025-11-12T19:58:21Z,0.0,,Mail Handling (Gemma Elliott),0.0,,,,,,PRD-001,Product Sales,,False,False,False,False,e04f71a2-c16f-4b29-ab48-6e5869c3476e,,10,,1,False,,,2026-12-01T23:00:00Z,20.0,,,0.0,[No Tax],0.0,Mail Handling (Gemma Elliott),ffef45ac-ad7a-4d52-a6ea-501963a81657,20.0,Olena+e2@nexudus.com,2026-08-25T20:44:59Z
1457717006,,,,94d1f6bc-cfe5-41da-98ed-c802ea0033c0,40933bb3-00fe-49af-9a6d-edb5828b366b,,,,False,EUR,2025-11-15T19:58:21Z,1429951383,INV-0119,True,2025-11-12T20:02:28Z,,,,,2025-11-12T19:58:21Z,0.0,,Private Office Annual (Irene Wilson),0.0,,,,,,MEM-001,Membership Revenue,,False,False,False,False,e04f71a2-c16f-4b29-ab48-6e5869c3476e,,11,,1,False,,,2024-06-11T23:00:00Z,12000.0,,Private Office Annual,0.0,[No Tax],0.0,Private Office Annual (Irene Wilson),63953481-237d-426c-880b-3194cb1d39ea,12000.0,Olena+e2@nexudus.com,2026-08-25T20:44:59Z
1457717007,,,,,1657f767-e59a-49fc-a23b-effc1bee7fee,,,,False,EUR,2025-04-09T19:58:25Z,1429951384,INV-0120,True,2025-04-06T20:02:28Z,,,,,2025-04-06T19:58:25Z,0.0,,Private Office Large,,,,,,,MEM-001,Membership Revenue,,False,False,False,False,e04f71a2-c16f-4b29-ab48-6e5869c3476e,,0,,1,False,,,2024-01-15T22:00:00Z,2000.0,,Private Office Large,0.0,[No Tax],0.0,Private Office Large,110116b6-775f-4418-b04e-0b84e72c2480,2000.0,Olena+e2@nexudus.com,2026-08-25T20:45:01Z
1457717008,,,,cd752571-cd21-4fd5-892a-9622aa64b992,2784e367-fba2-4cc7-bea2-ee5c970deec5,,,,False,EUR,2025-04-09T19:58:25Z,1429951384,INV-0120,True,2025-04-06T20:02:28Z,,,,,2025-04-06T19:58:25Z,0.0,,Dedicated Desk Monthly (Sarah Reed),0.0,,,,,,MEM-001,Membership Revenue,,False,False,False,False,e04f71a2-c16f-4b29-ab48-6e5869c3476e,,1,,1,False,,,2024-01-15T22:00:00Z,350.0,,Dedicated Desk Monthly,0.0,[No Tax],0.0,Dedicated Desk Monthly (Sarah Reed),867086a7-e546-437c-ad87-0bec6660f49c,350.0,Olena+e2@nexudus.com,2026-08-25T20:45:01Z
1457717009,,,,24dacc98-4c24-44d5-8ad2-8b889960abde,2784e367-fba2-4cc7-bea2-ee5c970deec5,,,,False,EUR,2025-04-09T19:58:25Z,1429951384,INV-0120,True,2025-04-06T20:02:28Z,Parking Space,5a450325-d77b-4847-a644-dcea322e1c6d,,,2025-04-06T19:58:25Z,0.0,,Parking Space (Sarah Reed),0.0,,,,,,PRD-001,Product Sales,,False,False,False,False,e04f71a2-c16f-4b29-ab48-6e5869c3476e,,2,,1,False,,,2026-02-27T23:00:00Z,75.0,,,0.0,[No Tax],0.0,Parking Space (Sarah Reed),b45a67d5-f121-4adf-b9c2-04b0940ab89a,75.0,Olena+e2@nexudus.com,2026-08-25T20:45:01Z
1457717010,,,,80b89457-b48a-4ea0-8b7e-bf9e94097941,2784e367-fba2-4cc7-bea2-ee5c970deec5,,,,False,EUR,2025-04-09T19:58:25Z,1429951384,INV-0120,True,2025-04-06T20:02:28Z,,,,,2025-04-06T19:58:25Z,0.0,,Dedicated Desk Monthly (Sarah Reed),0.0,,,,,,MEM-001,Membership Revenue,,False,False,False,False,e04f71a2-c16f-4b29-ab48-6e5869c3476e,,3,,1,False,,,2024-01-15T22:00:00Z,350.0,,Dedicated Desk Monthly,0.0,[No Tax],0.0,Dedicated Desk Monthly (Sarah Reed),8a9e6eb8-64e7-4c45-b0e7-20f15048e2a6,350.0,Olena+e2@nexudus.com,2026-08-25T20:45:01Z
1457717011,,,,ee75de91-0b27-4b85-ac88-fd79f8b906bd,2784e367-fba2-4cc7-bea2-ee5c970deec5,,,,False,EUR,2025-04-09T19:58:25Z,1429951384,INV-0120,True,2025-04-06T20:02:28Z,Parking Space,66a3d557-b1c1-41e4-8dd2-a3d02ea2ad97,,,2025-04-06T19:58:25Z,0.0,,Parking Space (Sarah Reed),0.0,,,,,,PRD-001,Product Sales,,False,False,False,False,e04f71a2-c16f-4b29-ab48-6e5869c3476e,,4,,1,False,,,2026-03-27T23:00:00Z,75.0,,,0.0,[No Tax],0.0,Parking Space (Sarah Reed),2c6d8675-acd9-48da-bad0-84382c44b496,75.0,Olena+e2@nexudus.com,2026-08-25T20:45:01Z
1457717012,,,,f5d35b46-ebf9-4031-aecc-8ca6a52de17b,b26a2991-65b8-4cce-a087-2a1599b49542,,,,False,EUR,2025-04-09T19:58:25Z,1429951384,INV-0120,True,2025-04-06T20:02:28Z,,,,,2025-04-06T19:58:25Z,0.0,,Flex Fortnightly (Paula Harvey),0.0,,,,,,MEM-001,Membership Revenue,,False,False,False,False,e04f71a2-c16f-4b29-ab48-6e5869c3476e,,5,,1,False,,,2024-01-15T22:00:00Z,227.46,,Flex Fortnightly,0.0,[No Tax],0.0,Flex Fortnightly (Paula Harvey),8c76393c-8ce6-48b2-af5b-29a4298511f9,227.46,Olena+e2@nexudus.com,2026-08-25T20:45:01Z
1457717013,,,,1f44d1ee-940b-4c72-84dc-59a174c86c21,b26a2991-65b8-4cce-a087-2a1599b49542,,,,False,EUR,2025-04-09T19:58:25Z,1429951384,INV-0120,True,2025-04-06T20:02:28Z,Mail Handling,266a509c-8e2c-4dfa-81d3-aed57882448b,,,2025-04-06T19:58:25Z,0.0,,Mail Handling (Paula Harvey),0.0,,,,,,PRD-001,Product Sales,,False,False,False,False,e04f71a2-c16f-4b29-ab48-6e5869c3476e,,6,,1,False,,,2026-09-02T22:00:00Z,20.0,,,0.0,[No Tax],0.0,Mail Handling (Paula Harvey),1f475b17-6c5e-4b6d-b6c7-272c67b40829,20.0,Olena+e2@nexudus.com,2026-08-25T20:45:01Z
1457717014,,,,c4fc48df-f92e-43ea-80f0-deff4876991d,03dc1c2f-d72e-43d3-961a-1f9bd118e6c7,,,,False,EUR,2025-04-09T19:58:25Z,1429951384,INV-0120,True,2025-04-06T20:02:28Z,,,,,2025-04-06T19:58:25Z,0.0,,Private Office Large (Jay Rees),0.0,,,,,,MEM-001,Membership Revenue,,False,False,False,False,e04f71a2-c16f-4b29-ab48-6e5869c3476e,,7,,1,False,,,2024-01-15T22:00:00Z,2000.0,,Private Office Large,0.0,[No Tax],0.0,Private Office Large (Jay Rees),67a69b6a-34ff-4c24-a4b9-ce72763880a9,2000.0,Olena+e2@nexudus.com,2026-08-25T20:45:01Z
1457717015,,,,9ceec6b4-3cd8-4ea1-a927-ab0ea00d0867,3ff972cd-d4b0-4f63-84b9-51e794a77aad,,,,False,EUR,2025-04-09T19:58:25Z,1429951384,INV-0120,True,2025-04-06T20:02:28Z,,,,,2025-04-06T19:58:25Z,0.0,,Dedicated Desk Monthly (Janice Glover),0.0,,,,,,MEM-001,Membership Revenue,,False,False,False,False,e04f71a2-c16f-4b29-ab48-6e5869c3476e,,8,,1,False,,,2024-01-15T22:00:00Z,299.41,,Dedicated Desk Monthly,0.0,[No Tax],0.0,Dedicated Desk Monthly (Janice Glover),17ec5ff5-b5d0-4020-a7c4-21f87ed311f0,299.41,Olena+e2@nexudus.com,2026-08-25T20:45:01Z
1457717016,,,,,2ea47e1e-3154-4e0a-89fd-6878233ad8fa,,,,False,EUR,2023-07-05T19:58:26Z,1429951385,INV-0121,True,2023-07-02T20:02:29Z,,,,,2023-07-02T19:58:26Z,0.0,,Private Office Small,,,,,,,MEM-001,Membership Revenue,,False,False,False,False,e04f71a2-c16f-4b29-ab48-6e5869c3476e,,0,,1,False,,,2022-04-15T22:00:00Z,1200.0,,Private Office Small,0.0,[No Tax],0.0,Private Office Small,561b43aa-663a-4dd0-9342-684a598e9dd5,1200.0,Olena+e2@nexudus.com,2026-08-25T20:45:04Z
1457717017,,,,,c2034b47-1027-4fec-b92a-064d48bdd135,,,,False,EUR,2023-08-20T19:58:29Z,1429951386,INV-0122,True,2023-08-17T20:02:30Z,,,,,2023-08-17T19:58:29Z,0.0,,Private Office Large,,,,,,,MEM-001,Membership Revenue,,False,False,False,False,e04f71a2-c16f-4b29-ab48-6e5869c3476e,,0,,1,False,,,2022-05-28T22:00:00Z,2000.0,,Private Office Large,0.0,[No Tax],0.0,Private Office Large,4f16788f-5170-4f51-9e43-abaae77dc201,2000.0,Olena+e2@nexudus.com,2026-08-25T20:45:14Z
1457717018,,,,,23fa1f46-b5ce-4acd-9a0f-b4473d61fae1,,,,False,EUR,2023-05-18T19:58:35Z,1429951387,INV-0124,True,2023-05-15T20:02:32Z,,,,,2023-05-15T19:58:35Z,0.0,,Hot Desk Quarterly,,,,,,,MEM-001,Membership Revenue,,False,False,False,False,e04f71a2-c16f-4b29-ab48-6e5869c3476e,,0,,1,False,,,2024-04-05T22:00:00Z,400.0,,Hot Desk Quarterly,0.0,[No Tax],0.0,Hot Desk Quarterly,7e66201d-31e4-4cb3-a0df-3dc55d8bcf72,400.0,Olena+e2@nexudus.com,2026-08-25T20:45:16Z
1457717019,,,,,23fa1f46-b5ce-4acd-9a0f-b4473d61fae1,,,,False,EUR,2023-05-18T19:58:35Z,1429951387,INV-0124,True,2023-05-15T20:02:32Z,Parking Space,96292bc1-a4fc-49cd-b165-4b1f8209ba82,,,2023-05-15T19:58:35Z,0.0,,Parking Space,,,,,,,PRD-001,Product Sales,,False,False,False,False,e04f71a2-c16f-4b29-ab48-6e5869c3476e,,1,,1,False,,,2027-07-17T22:00:00Z,75.0,,,0.0,[No Tax],0.0,Parking Space,54b0c52e-8e39-45ac-9ee5-0f96e41848b4,75.0,Olena+e2@nexudus.com,2026-08-25T20:45:16Z
1457717020,,,,,0b99228e-caff-4aa9-9654-baf383c41be4,,,,False,EUR,2023-05-20T19:58:39Z,1429951388,INV-0126,True,2023-05-17T20:02:33Z,,,,,2023-05-17T19:58:39Z,0.0,,Private Office Annual,,,,,,,MEM-001,Membership Revenue,,False,False,False,False,e04f71a2-c16f-4b29-ab48-6e5869c3476e,,0,,1,False,,,2026-02-22T22:00:00Z,12000.0,,Private Office Annual,0.0,[No Tax],0.0,Private Office Annual,3f73fb6b-e819-41d7-9349-e841abebdd73,12000.0,Olena+e2@nexudus.com,2026-08-25T20:45:17Z
1457717021,,,,,0b99228e-caff-4aa9-9654-baf383c41be4,,,,False,EUR,2023-05-20T19:58:39Z,1429951388,INV-0126,True,2023-05-17T20:02:33Z,Storage Locker,1d8b6e6c-4529-4276-b074-69a4de7e7bf2,,,2023-05-17T19:58:39Z,0.0,,Storage Locker,,,,,,,PRD-001,Product Sales,,False,False,False,False,e04f71a2-c16f-4b29-ab48-6e5869c3476e,,1,,1,False,,,2029-06-02T22:00:00Z,30.0,,,0.0,[No Tax],0.0,Storage Locker,8a39a9b0-331b-46f8-98d7-86d3457a9a08,30.0,Olena+e2@nexudus.com,2026-08-25T20:45:17Z
1457717022,,,,,4b53d880-9f48-413b-ae36-19577fb6e8ec,,,,False,EUR,2024-08-16T19:58:41Z,1429951389,INV-0128,True,2024-08-13T20:02:35Z,,,,,2024-08-13T19:58:41Z,0.0,,Hot Desk Quarterly,,,,,,,MEM-001,Membership Revenue,,False,False,False,False,e04f71a2-c16f-4b29-ab48-6e5869c3476e,,0,,1,False,,,2025-05-02T22:00:00Z,352.56,,Hot Desk Quarterly,0.0,[No Tax],0.0,Hot Desk Quarterly,53d5e2c1-147f-45fb-89a9-593ed629dcae,352.56,Olena+e2@nexudus.com,2026-08-25T20:45:19Z
1457717023,,,,,71cddcc6-d3b1-41d0-aad5-64b224327998,,,,False,EUR,2025-06-04T19:58:42Z,1429951390,INV-0129,True,2025-06-01T20:02:37Z,,,,,2025-06-01T19:58:42Z,0.0,,Hot Desk Monthly,,,,,,,MEM-001,Membership Revenue,,False,False,False,False,e04f71a2-c16f-4b29-ab48-6e5869c3476e,,0,,1,False,,,2025-07-16T22:00:00Z,130.75,,Hot Desk Monthly,0.0,[No Tax],0.0,Hot Desk Monthly,97872679-bece-4eed-a9ee-ca5ad2a8ef2c,130.75,Olena+e2@nexudus.com,2026-08-25T20:45:19Z
1457717024,,,,,950eca22-a893-4bf2-8a07-e8f9121f66eb,,,,False,EUR,2023-11-20T19:58:45Z,1429951391,INV-0132,True,2023-11-17T20:02:40Z,,,,,2023-11-17T19:58:45Z,0.0,,Dedicated Desk Monthly,,,,,,,MEM-001,Membership Revenue,,False,False,False,False,e04f71a2-c16f-4b29-ab48-6e5869c3476e,,0,,1,False,,,2023-09-26T22:00:00Z,350.0,,Dedicated Desk Monthly,0.0,[No Tax],0.0,Dedicated Desk Monthly,6caba2b9-4e73-4006-85e9-6715682717b0,350.0,Olena+e2@nexudus.com,2026-08-25T20:45:21Z
1457717025,,,,,950eca22-a893-4bf2-8a07-e8f9121f66eb,,,,False,EUR,2023-11-20T19:58:45Z,1429951391,INV-0132,True,2023-11-17T20:02:40Z,Mail Handling,dc45a92f-ae65-47e2-b8aa-986d4eb425ec,,,2023-11-17T19:58:45Z,0.0,,Mail Handling,,,,,,,PRD-001,Product Sales,,False,False,False,False,e04f71a2-c16f-4b29-ab48-6e5869c3476e,,1,,1,False,,,2026-07-04T22:00:00Z,20.0,,,0.0,[No Tax],0.0,Mail Handling,c7ad96a7-3f30-4713-af08-73e3c4feab94,20.0,Olena+e2@nexudus.com,2026-08-25T20:45:21Z
1457717026,,,,,88086567-17a0-4218-9b78-9c2e5dba4483,,,,False,EUR,2026-02-21T19:58:46Z,1429951392,INV-0133,True,2026-02-18T20:02:41Z,,,,,2026-02-18T19:58:46Z,0.0,,Hot Desk Monthly,,,,,,,MEM-001,Membership Revenue,,False,False,False,False,e04f71a2-c16f-4b29-ab48-6e5869c3476e,,0,,1,False,,,2025-06-23T23:00:00Z,134.94,,Hot Desk Monthly,0.0,[No Tax],0.0,Hot Desk Monthly,2996cca2-5e9e-4d5c-af8b-04d599febd64,134.94,Olena+e2@nexudus.com,2026-08-25T20:45:22Z
1457717027,,,,,11ad18e1-b3d0-482b-9dfd-d044aa420de0,,,,False,EUR,2026-01-14T19:58:48Z,1429951393,INV-0135,True,2026-01-11T20:02:42Z,,,,,2026-01-11T19:58:48Z,0.0,,Hot Desk Quarterly,,,,,,,MEM-001,Membership Revenue,,False,False,False,False,e04f71a2-c16f-4b29-ab48-6e5869c3476e,,0,,1,False,,,2026-03-11T22:00:00Z,400.0,,Hot Desk Quarterly,0.0,[No Tax],0.0,Hot Desk Quarterly,e6b42f6c-27fc-4c7d-8b43-591eec9181ad,400.0,Olena+e2@nexudus.com,2026-08-25T20:45:23Z
1457717028,,,,,2b593c66-b701-450c-bd4b-6ac15d83abde,,,,False,EUR,2025-10-18T19:58:49Z,1429951394,INV-0136,True,2025-10-15T20:03:17Z,,,,,2025-10-15T19:58:49Z,0.0,,Flex Fortnightly,,,,,,,MEM-001,Membership Revenue,,False,False,False,False,e04f71a2-c16f-4b29-ab48-6e5869c3476e,,0,,1,False,,,2025-04-12T23:00:00Z,250.0,,Flex Fortnightly,0.0,[No Tax],0.0,Flex Fortnightly,30be4886-49cf-4da8-bf0c-5e0322f32ae1,250.0,Olena+e2@nexudus.com,2026-08-25T20:45:24Z
1457717029,,,,,2b593c66-b701-450c-bd4b-6ac15d83abde,,,,False,EUR,2025-10-18T19:58:49Z,1429951394,INV-0136,True,2025-10-15T20:03:17Z,Storage Locker,8eb72d4b-6d70-4ed0-81ee-ecbb760bf524,,,2025-10-15T19:58:49Z,0.0,,Storage Locker,,,,,,,PRD-001,Product Sales,,False,False,False,False,e04f71a2-c16f-4b29-ab48-6e5869c3476e,,1,,1,False,,,2026-02-20T23:00:00Z,30.0,,,0.0,[No Tax],0.0,Storage Locker,b3477e1e-c12e-4a91-8ec3-386fa5dcc8eb,30.0,Olena+e2@nexudus.com,2026-08-25T20:45:24Z
1457717030,,,,,86e280a9-0c42-4769-9eb5-38309a5de047,,,,False,EUR,2025-10-04T19:58:51Z,1429951395,INV-0138,True,2025-10-01T20:03:18Z,,,,,2025-10-01T19:58:51Z,0.0,,Private Office Large,,,,,,,MEM-001,Membership Revenue,,False,False,False,False,e04f71a2-c16f-4b29-ab48-6e5869c3476e,,0,,1,False,,,2024-12-03T23:00:00Z,1883.84,,Private Office Large,0.0,[No Tax],0.0,Private Office Large,6ea31102-392f-4d30-8268-108f7f988904,1883.84,Olena+e2@nexudus.com,2026-08-25T20:45:26Z
1457717031,,,,,98ad6339-53d2-4691-8dbc-331d630171b5,,,,False,EUR,2022-11-03T19:58:52Z,1429951396,INV-0139,True,2022-10-31T20:03:19Z,,,,,2022-10-31T19:58:52Z,0.0,,Hot Desk Quarterly,,,,,,,MEM-001,Membership Revenue,,False,False,False,False,e04f71a2-c16f-4b29-ab48-6e5869c3476e,,0,,1,False,,,2023-01-01T23:00:00Z,400.0,,Hot Desk Quarterly,0.0,[No Tax],0.0,Hot Desk Quarterly,5f426f11-c614-4573-a66b-95f77b496e84,400.0,Olena+e2@nexudus.com,2026-08-25T20:45:26Z
1457717032,,,,,98ad6339-53d2-4691-8dbc-331d630171b5,,,,False,EUR,2022-11-03T19:58:52Z,1429951396,INV-0139,True,2022-10-31T20:03:19Z,Parking Space,a81fe9d7-cf7b-4fdd-bb48-be97db09f719,,,2022-10-31T19:58:52Z,0.0,,Parking Space,,,,,,,PRD-001,Product Sales,,False,False,False,False,e04f71a2-c16f-4b29-ab48-6e5869c3476e,,1,,1,False,,,2026-10-26T23:00:00Z,75.0,,,0.0,[No Tax],0.0,Parking Space,9f6c562b-c327-4ba7-a12e-beb00de89829,75.0,Olena+e2@nexudus.com,2026-08-25T20:45:26Z
1457717033,,,,,98b2ac8f-475a-4038-8609-c3387d034106,,,,False,EUR,2024-04-14T19:58:55Z,1429951397,INV-0140,True,2024-04-11T20:03:20Z,,,,,2024-04-11T19:58:55Z,0.0,,Flex Weekly,,,,,,,MEM-001,Membership Revenue,,False,False,False,False,e04f71a2-c16f-4b29-ab48-6e5869c3476e,,0,,1,False,,,2022-12-19T22:00:00Z,50.0,,Flex Weekly,0.0,[No Tax],0.0,Flex Weekly,6801de50-155a-45ea-b83b-0c9e82accd49,50.0,Olena+e2@nexudus.com,2026-08-25T20:45:27Z
1457717034,,,,,98b2ac8f-475a-4038-8609-c3387d034106,,,,False,EUR,2024-04-14T19:58:55Z,1429951397,INV-0140,True,2024-04-11T20:03:20Z,Storage Locker,8fd8f0ee-5cf9-449d-ba07-a7a5cd6ff2e9,,,2024-04-11T19:58:55Z,0.0,,Storage Locker,,,,,,,PRD-001,Product Sales,,False,False,False,False,e04f71a2-c16f-4b29-ab48-6e5869c3476e,,1,,1,False,,,2025-05-03T22:00:00Z,30.0,,,0.0,[No Tax],0.0,Storage Locker,9f6617e3-43b5-4551-a00d-240c0fa0a63f,30.0,Olena+e2@nexudus.com,2026-08-25T20:45:27Z
1457717035,,,,ede2b94b-fa3e-450e-ad9e-26edccf55af9,cd2bbb2c-3654-4737-b0b9-5c046bade0a2,,,,False,EUR,2024-04-14T19:58:55Z,1429951397,INV-0140,True,2024-04-11T20:03:20Z,,,,,2024-04-11T19:58:55Z,0.0,,Dedicated Desk Monthly (Victor Harrison),0.0,,,,,,MEM-001,Membership Revenue,,False,False,False,False,e04f71a2-c16f-4b29-ab48-6e5869c3476e,,2,,1,False,,,2022-12-19T22:00:00Z,298.76,,Dedicated Desk Monthly,0.0,[No Tax],0.0,Dedicated Desk Monthly (Victor Harrison),68bf2d04-0ae8-4f5e-a670-09d7e9057ecc,298.76,Olena+e2@nexudus.com,2026-08-25T20:45:27Z
1457717036,,,,5f2311de-4e71-4a2a-b227-7802041dae7c,cd2bbb2c-3654-4737-b0b9-5c046bade0a2,,,,False,EUR,2024-04-14T19:58:55Z,1429951397,INV-0140,True,2024-04-11T20:03:20Z,Parking Space,835a5f62-c17d-4d8b-b9f2-896a5de3de56,,,2024-04-11T19:58:55Z,0.0,,Parking Space (Victor Harrison),0.0,,,,,,PRD-001,Product Sales,,False,False,False,False,e04f71a2-c16f-4b29-ab48-6e5869c3476e,,3,,1,False,,,2025-07-09T22:00:00Z,75.0,,,0.0,[No Tax],0.0,Parking Space (Victor Harrison),94954b63-1a80-4643-8447-b8d843bcbcc3,75.0,Olena+e2@nexudus.com,2026-08-25T20:45:27Z
1457717037,,,,fee878cd-ac42-4b10-be5a-49b012c8df63,cd2bbb2c-3654-4737-b0b9-5c046bade0a2,,,,False,EUR,2024-04-14T19:58:55Z,1429951397,INV-0140,True,2024-04-11T20:03:20Z,,,,,2024-04-11T19:58:55Z,0.0,,Dedicated Desk Monthly (Victor Harrison),0.0,,,,,,MEM-001,Membership Revenue,,False,False,False,False,e04f71a2-c16f-4b29-ab48-6e5869c3476e,,4,,1,False,,,2022-12-19T22:00:00Z,298.76,,Dedicated Desk Monthly,0.0,[No Tax],0.0,Dedicated Desk Monthly (Victor Harrison),05d6585e-e279-4c61-bfe2-9549e225b6c4,298.76,Olena+e2@nexudus.com,2026-08-25T20:45:27Z
1457717038,,,,14182de0-e96b-4aa3-b75d-eb90f7bc5057,cd2bbb2c-3654-4737-b0b9-5c046bade0a2,,,,False,EUR,2024-04-14T19:58:55Z,1429951397,INV-0140,True,2024-04-11T20:03:20Z,Parking Space,29c3c4c1-cd75-4844-8461-a67e445ee601,,,2024-04-11T19:58:55Z,0.0,,Parking Space (Victor Harrison),0.0,,,,,,PRD-001,Product Sales,,False,False,False,False,e04f71a2-c16f-4b29-ab48-6e5869c3476e,,5,,1,False,,,2025-08-09T22:00:00Z,75.0,,,0.0,[No Tax],0.0,Parking Space (Victor Harrison),0d236d5d-bdf8-4191-a4bf-75fc8099e4af,75.0,Olena+e2@nexudus.com,2026-08-25T20:45:27Z
1457717039,,,,b06a3053-3f85-4428-a818-cb6d04c56c25,1eb0805e-661d-4d6b-8c84-2a6b07efda5f,,,,False,EUR,2024-04-14T19:58:55Z,1429951397,INV-0140,True,2024-04-11T20:03:20Z,,,,,2024-04-11T19:58:55Z,0.0,,Private Office Small (Ashley Smith),0.0,,,,,,MEM-001,Membership Revenue,,False,False,False,False,e04f71a2-c16f-4b29-ab48-6e5869c3476e,,6,,1,False,,,2022-12-19T22:00:00Z,1082.52,,Private Office Small,0.0,[No Tax],0.0,Private Office Small (Ashley Smith),ac9eee03-44b6-49f1-a03d-619a392f5580,1082.52,Olena+e2@nexudus.com,2026-08-25T20:45:27Z
1457717040,,,,c61dfc43-4d85-44c0-b6a3-3e228d33493a,1eb0805e-661d-4d6b-8c84-2a6b07efda5f,,,,False,EUR,2024-04-14T19:58:55Z,1429951397,INV-0140,True,2024-04-11T20:03:20Z,Mail Handling,047180a2-d6fd-429e-9d27-dd190b5e9cc7,,,2024-04-11T19:58:55Z,0.0,,Mail Handling (Ashley Smith),0.0,,,,,,PRD-001,Product Sales,,False,False,False,False,e04f71a2-c16f-4b29-ab48-6e5869c3476e,,7,,1,False,,,2025-08-16T22:00:00Z,20.0,,,0.0,[No Tax],0.0,Mail Handling (Ashley Smith),36a51b75-a47a-4155-9bfa-2624fc426dc1,20.0,Olena+e2@nexudus.com,2026-08-25T20:45:27Z
1457717041,,,,bc465a25-1d0e-496a-9ed4-bf8ee4994766,1eb0805e-661d-4d6b-8c84-2a6b07efda5f,,,,False,EUR,2024-04-14T19:58:55Z,1429951397,INV-0140,True,2024-04-11T20:03:20Z,,,,,2024-04-11T19:58:55Z,0.0,,Private Office Small (Ashley Smith),0.0,,,,,,MEM-001,Membership Revenue,,False,False,False,False,e04f71a2-c16f-4b29-ab48-6e5869c3476e,,8,,1,False,,,2022-12-19T22:00:00Z,1082.52,,Private Office Small,0.0,[No Tax],0.0,Private Office Small (Ashley Smith),58298744-a851-41d0-b1de-d6c5e1083e05,1082.52,Olena+e2@nexudus.com,2026-08-25T20:45:27Z
1457717143,,,,ef67ee6e-e020-42d4-a7dd-749eb901cce9,1eb0805e-661d-4d6b-8c84-2a6b07efda5f,,,,False,EUR,2024-04-14T19:58:55Z,1429951397,INV-0140,True,2024-04-11T20:03:20Z,Mail Handling,d3d8e69d-238c-4cb4-b6a2-9c0379d1eac7,,,2024-04-11T19:58:55Z,0.0,,Mail Handling (Ashley Smith),0.0,,,,,,PRD-001,Product Sales,,False,False,False,False,e04f71a2-c16f-4b29-ab48-6e5869c3476e,,9,,1,False,,,2025-09-16T22:00:00Z,20.0,,,0.0,[No Tax],0.0,Mail Handling (Ashley Smith),afd2fc04-979a-4eb7-8e49-53c028078438,20.0,Olena+e2@nexudus.com,2026-08-25T20:45:27Z
1457717144,,,,889a49ea-dbdd-49c1-a4c1-72079338c821,b18bd23e-3578-4f5a-b185-b9f31fe0378f,,,,False,EUR,2024-04-14T19:58:55Z,1429951397,INV-0140,True,2024-04-11T20:03:20Z,,,,,2024-04-11T19:58:55Z,0.0,,Flex Fortnightly (Robin Andrews),0.0,,,,,,MEM-001,Membership Revenue,,False,False,False,False,e04f71a2-c16f-4b29-ab48-6e5869c3476e,,10,,1,False,,,2022-12-19T22:00:00Z,235.98,,Flex Fortnightly,0.0,[No Tax],0.0,Flex Fortnightly (Robin Andrews),bfc2ae87-8917-42df-a12b-95ee3e37824b,235.98,Olena+e2@nexudus.com,2026-08-25T20:45:27Z
1457717145,,,,53c068e8-0442-49ee-9d57-df008f64b21c,b18bd23e-3578-4f5a-b185-b9f31fe0378f,,,,False,EUR,2024-04-14T19:58:55Z,1429951397,INV-0140,True,2024-04-11T20:03:20Z,,,,,2024-04-11T19:58:55Z,0.0,,Flex Fortnightly (Robin Andrews),0.0,,,,,,MEM-001,Membership Revenue,,False,False,False,False,e04f71a2-c16f-4b29-ab48-6e5869c3476e,,11,,1,False,,,2022-12-19T22:00:00Z,235.98,,Flex Fortnightly,0.0,[No Tax],0.0,Flex Fortnightly (Robin Andrews),3380bbd3-95bb-486f-a0d2-f6bf7e8fd09a,235.98,Olena+e2@nexudus.com,2026-08-25T20:45:27Z
1457717146,,,,d142a022-5eed-4148-8b00-95d0d8e3fedc,7129cea4-6c12-42bd-9565-7265f8b42fad,,,,False,EUR,2024-04-14T19:58:55Z,1429951397,INV-0140,True,2024-04-11T20:03:20Z,,,,,2024-04-11T19:58:55Z,0.0,,Hot Desk Monthly (Leanne Foster),0.0,,,,,,MEM-001,Membership Revenue,,False,False,False,False,e04f71a2-c16f-4b29-ab48-6e5869c3476e,,12,,1,False,,,2022-12-19T22:00:00Z,129.5,,Hot Desk Monthly,0.0,[No Tax],0.0,Hot Desk Monthly (Leanne Foster),ead21123-f365-406e-bbad-92787e8c45b3,129.5,Olena+e2@nexudus.com,2026-08-25T20:45:27Z
1457717147,,,,db391410-b46b-4ef5-b518-69e4d1f7324b,7129cea4-6c12-42bd-9565-7265f8b42fad,,,,False,EUR,2024-04-14T19:58:55Z,1429951397,INV-0140,True,2024-04-11T20:03:20Z,Mail Handling,d33a4888-2cd8-4a05-9741-1e3d2e960358,,,2024-04-11T19:58:55Z,0.0,,Mail Handling (Leanne Foster),0.0,,,,,,PRD-001,Product Sales,,False,False,False,False,e04f71a2-c16f-4b29-ab48-6e5869c3476e,,13,,1,False,,,2026-01-21T23:00:00Z,20.0,,,0.0,[No Tax],0.0,Mail Handling (Leanne Foster),02428b7a-bb90-42e8-b11b-5f4cc69556a4,20.0,Olena+e2@nexudus.com,2026-08-25T20:45:27Z
1457717148,,,,2e008305-393f-4564-a265-1e5037b74cbf,7129cea4-6c12-42bd-9565-7265f8b42fad,,,,False,EUR,2024-04-14T19:58:55Z,1429951397,INV-0140,True,2024-04-11T20:03:20Z,,,,,2024-04-11T19:58:55Z,0.0,,Hot Desk Monthly (Leanne Foster),0.0,,,,,,MEM-001,Membership Revenue,,False,False,False,False,e04f71a2-c16f-4b29-ab48-6e5869c3476e,,14,,1,False,,,2022-12-19T22:00:00Z,129.5,,Hot Desk Monthly,0.0,[No Tax],0.0,Hot Desk Monthly (Leanne Foster),007f77b9-6e14-4ba4-ae07-1856913da35a,129.5,Olena+e2@nexudus.com,2026-08-25T20:45:27Z
1457717149,,,,1b7d03b6-9223-4c31-9f18-a58d8511eaa8,7129cea4-6c12-42bd-9565-7265f8b42fad,,,,False,EUR,2024-04-14T19:58:55Z,1429951397,INV-0140,True,2024-04-11T20:03:20Z,Mail Handling,edda8201-2009-4488-b9b2-f516191936c6,,,2024-04-11T19:58:55Z,0.0,,Mail Handling (Leanne Foster),0.0,,,,,,PRD-001,Product Sales,,False,False,False,False,e04f71a2-c16f-4b29-ab48-6e5869c3476e,,15,,1,False,,,2026-02-21T23:00:00Z,20.0,,,0.0,[No Tax],0.0,Mail Handling (Leanne Foster),96d1bd72-9b83-4592-9f50-243dd7070a09,20.0,Olena+e2@nexudus.com,2026-08-25T20:45:27Z
1457717150,,,,93d830e4-4b8f-4c8d-a133-42304c9996a3,a98c8df6-34c6-4ab5-8b7c-ebe99a8fe589,,,,False,EUR,2024-04-14T19:58:55Z,1429951397,INV-0140,True,2024-04-11T20:03:20Z,,,,,2024-04-11T19:58:55Z,0.0,,Flex Fortnightly (Ashley Smith),0.0,,,,,,MEM-001,Membership Revenue,,False,False,False,False,e04f71a2-c16f-4b29-ab48-6e5869c3476e,,16,,1,False,,,2022-12-19T22:00:00Z,250.0,,Flex Fortnightly,0.0,[No Tax],0.0,Flex Fortnightly (Ashley Smith),bc7af9e9-32f6-480b-a3b8-fcb2318e76fc,250.0,Olena+e2@nexudus.com,2026-08-25T20:45:27Z
1457717151,,,,af129855-d218-4f23-8173-6c216c066721,a98c8df6-34c6-4ab5-8b7c-ebe99a8fe589,,,,False,EUR,2024-04-14T19:58:55Z,1429951397,INV-0140,True,2024-04-11T20:03:20Z,Parking Space,112aee58-fbd0-48ec-b845-0cb5d33e2ac7,,,2024-04-11T19:58:55Z,0.0,,Parking Space (Ashley Smith),0.0,,,,,,PRD-001,Product Sales,,False,False,False,False,e04f71a2-c16f-4b29-ab48-6e5869c3476e,,17,,1,False,,,2026-05-19T22:00:00Z,75.0,,,0.0,[No Tax],0.0,Parking Space (Ashley Smith),d882dbc8-62c7-4128-9836-d2e9285d9435,75.0,Olena+e2@nexudus.com,2026-08-25T20:45:27Z
1457717152,,,,74bc46bc-547f-40cf-ab5c-75910875cb64,60220ba8-8c23-4162-87fb-4501cabf33b0,,,,False,EUR,2024-04-14T19:58:55Z,1429951397,INV-0140,True,2024-04-11T20:03:20Z,,,,,2024-04-11T19:58:55Z,0.0,,Hot Desk Quarterly (Tracy Harrison),0.0,,,,,,MEM-001,Membership Revenue,,False,False,False,False,e04f71a2-c16f-4b29-ab48-6e5869c3476e,,18,,1,False,,,2022-12-19T22:00:00Z,361.68,,Hot Desk Quarterly,0.0,[No Tax],0.0,Hot Desk Quarterly (Tracy Harrison),2d5e3253-65ca-4370-bfc3-64fef3e58716,361.68,Olena+e2@nexudus.com,2026-08-25T20:45:27Z
1457717153,,,,1ca5de98-c402-4174-a09d-17aab6422ce1,60220ba8-8c23-4162-87fb-4501cabf33b0,,,,False,EUR,2024-04-14T19:58:55Z,1429951397,INV-0140,True,2024-04-11T20:03:20Z,Mail Handling,eaa49ecd-33fb-47c7-b6bd-921279bb5d29,,,2024-04-11T19:58:55Z,0.0,,Mail Handling (Tracy Harrison),0.0,,,,,,PRD-001,Product Sales,,False,False,False,False,e04f71a2-c16f-4b29-ab48-6e5869c3476e,,19,,1,False,,,2026-12-11T23:00:00Z,20.0,,,0.0,[No Tax],0.0,Mail Handling (Tracy Harrison),d1caad5b-281c-4e9b-a60e-4552fd34a5c9,20.0,Olena+e2@nexudus.com,2026-08-25T20:45:27Z
1457717154,,,,760511da-f1e9-4fcc-a203-6f9dae2ff116,11351685-db46-4bc5-b905-1303b6682acc,,,,False,EUR,2024-04-14T19:58:55Z,1429951397,INV-0140,True,2024-04-11T20:03:20Z,,,,,2024-04-11T19:58:55Z,0.0,,Hot Desk Quarterly (Teresa Hopkins),0.0,,,,,,MEM-001,Membership Revenue,,False,False,False,False,e04f71a2-c16f-4b29-ab48-6e5869c3476e,,20,,1,False,,,2022-12-19T22:00:00Z,343.61,,Hot Desk Quarterly,0.0,[No Tax],0.0,Hot Desk Quarterly (Teresa Hopkins),44d11bb8-f992-4fca-bc1b-01e3929da0da,343.61,Olena+e2@nexudus.com,2026-08-25T20:45:27Z
1457717155,,,,,d0e0f13b-7d3e-41fe-a05a-f7488fe8f088,,,,False,EUR,2023-04-24T19:58:57Z,1429951398,INV-0141,True,2023-04-21T20:03:21Z,,,,,2023-04-21T19:58:57Z,0.0,,Dedicated Desk Monthly,,,,,,,MEM-001,Membership Revenue,,False,False,False,False,e04f71a2-c16f-4b29-ab48-6e5869c3476e,,0,,1,False,,,2022-09-13T23:00:00Z,350.0,,Dedicated Desk Monthly,0.0,[No Tax],0.0,Dedicated Desk Monthly,f1f8bece-9f2b-4e6f-b3a5-e53268640ab5,350.0,Olena+e2@nexudus.com,2026-08-25T20:45:28Z
1457717156,,,,,d0e0f13b-7d3e-41fe-a05a-f7488fe8f088,,,,False,EUR,2023-04-24T19:58:57Z,1429951398,INV-0141,True,2023-04-21T20:03:21Z,Storage Locker,98f644ed-8109-4df5-8a9f-e3e4105b2da8,,,2023-04-21T19:58:57Z,0.0,,Storage Locker,,,,,,,PRD-001,Product Sales,,False,False,False,False,e04f71a2-c16f-4b29-ab48-6e5869c3476e,,1,,1,False,,,2026-01-17T23:00:00Z,30.0,,,0.0,[No Tax],0.0,Storage Locker,f5b28fec-0f76-4da4-9234-ec5eaa472fa9,30.0,Olena+e2@nexudus.com,2026-08-25T20:45:28Z
1457717157,,,,,c3e3e2eb-6035-4462-9876-89d5f059199d,,,,False,EUR,2024-06-29T19:59:04Z,1429951399,INV-0143,True,2024-06-26T20:03:22Z,,,,,2024-06-26T19:59:04Z,0.0,,Private Office Annual,,,,,,,MEM-001,Membership Revenue,,False,False,False,False,e04f71a2-c16f-4b29-ab48-6e5869c3476e,,0,,1,False,,,2028-04-15T22:00:00Z,12000.0,,Private Office Annual,0.0,[No Tax],0.0,Private Office Annual,67978d50-fe85-4c7a-b6ed-98a802dd9867,12000.0,Olena+e2@nexudus.com,2026-08-25T20:45:29Z
1457717158,,,,,c3e3e2eb-6035-4462-9876-89d5f059199d,,,,False,EUR,2024-06-29T19:59:04Z,1429951399,INV-0143,True,2024-06-26T20:03:22Z,Parking Space,bab91d41-a76a-4074-b246-8d9c76c520bc,,,2024-06-26T19:59:04Z,0.0,,Parking Space,,,,,,,PRD-001,Product Sales,,False,False,False,False,e04f71a2-c16f-4b29-ab48-6e5869c3476e,,1,,1,False,,,2030-06-14T22:00:00Z,75.0,,,0.0,[No Tax],0.0,Parking Space,623e146d-18c0-4ff8-935a-e22adcdb89ce,75.0,Olena+e2@nexudus.com,2026-08-25T20:45:29Z
1457717159,,,,,deb914d0-ec9e-45b0-8927-b1f8a20aa6bf,,,,False,EUR,2024-07-07T19:59:05Z,1429951400,INV-0144,True,2024-07-04T20:03:23Z,,,,,2024-07-04T19:59:05Z,0.0,,Flex Fortnightly,,,,,,,MEM-001,Membership Revenue,,False,False,False,False,e04f71a2-c16f-4b29-ab48-6e5869c3476e,,0,,1,False,,,2023-07-04T22:00:00Z,250.0,,Flex Fortnightly,0.0,[No Tax],0.0,Flex Fortnightly,64f85fee-215e-49fb-a20b-54d1c09d9e2e,250.0,Olena+e2@nexudus.com,2026-08-25T20:45:30Z
1457717160,,,,,deb914d0-ec9e-45b0-8927-b1f8a20aa6bf,,,,False,EUR,2024-07-07T19:59:05Z,1429951400,INV-0144,True,2024-07-04T20:03:23Z,Parking Space,fe527cc5-d7a9-439d-9d0a-1b69951b8c11,,,2024-07-04T19:59:05Z,0.0,,Parking Space,,,,,,,PRD-001,Product Sales,,False,False,False,False,e04f71a2-c16f-4b29-ab48-6e5869c3476e,,1,,1,False,,,2025-08-24T22:00:00Z,75.0,,,0.0,[No Tax],0.0,Parking Space,8f35a4b3-2323-4742-82b7-7eb46b49862e,75.0,Olena+e2@nexudus.com,2026-08-25T20:45:30Z
1457717165,,be26a60f-8174-4aa1-a236-f1f58ff80fe5,,be26a60f-8174-4aa1-a236-f1f58ff80fe5,c3e3e2eb-6035-4462-9876-89d5f059199d,,,,True,EUR,2024-09-25T20:03:48Z,1429951403,INV-0153,True,2024-09-25T20:03:48Z,,,,,2024-09-25T20:03:48Z,0.0,,Private Office Annual,,,,,,,MEM-001,Membership Revenue,,False,False,False,False,e04f71a2-c16f-4b29-ab48-6e5869c3476e,,0,,-1,False,,,2023-07-16T22:00:00Z,-12000.0,,Private Office Annual,0.0,[No Tax],0.0,Private Office Annual,9b12f2eb-2995-4f2a-92a5-46fde25125da,12000.0,Olena+e2@nexudus.com,2026-08-25T20:46:02Z
1457717166,,f8eb9d6e-702c-4c59-9b42-e41477a23afe,,f8eb9d6e-702c-4c59-9b42-e41477a23afe,c3e3e2eb-6035-4462-9876-89d5f059199d,,,,True,EUR,2024-09-25T20:03:48Z,1429951403,INV-0153,True,2024-09-25T20:03:48Z,Parking Space,a8b77a4c-db79-4be4-82ad-6bb6d2789df3,,,2024-09-25T20:03:48Z,0.0,,Parking Space,,,,,,,PRD-001,Product Sales,,False,False,False,False,e04f71a2-c16f-4b29-ab48-6e5869c3476e,,0,,-1,False,,,2025-06-15T00:00:00Z,-75.0,,,0.0,[No Tax],0.0,Parking Space,4ef12f68-ecf9-4141-896f-51cc868e8ccf,75.0,Olena+e2@nexudus.com,2026-08-25T20:46:02Z
1457717167,,54c9402d-0e5f-403b-8116-596f880eb925,,54c9402d-0e5f-403b-8116-596f880eb925,,,,,True,EUR,2024-09-25T20:03:48Z,1429951403,INV-0153,True,2024-09-25T20:03:48Z,,,Half Day Pass,607d629a-ccdf-4eea-8e8a-72b014d3c520,2024-09-25T20:03:48Z,0.0,,Half Day Pass [25/08/2026],,,,,,,,,,False,False,False,False,e04f71a2-c16f-4b29-ab48-6e5869c3476e,,0,,-1,False,,,2026-08-25T19:47:57Z,-15.0,,,0.0,[No Tax],0.0,Half Day Pass [25/08/2026],a64d6081-0363-4806-8943-418bd8ce6d37,15.0,Olena+e2@nexudus.com,2026-08-25T20:46:02Z
1457717168,,9f00ba41-a2c6-49dd-87ad-feca523a645a,,9f00ba41-a2c6-49dd-87ad-feca523a645a,05d57e40-8523-4290-87a0-5c3f06ee7d2b,,,,True,EUR,2026-08-21T20:04:27Z,1429951404,INV-0163,True,2026-08-21T20:04:27Z,,,,,2026-08-21T20:04:27Z,0.0,,Dedicated Desk Monthly,,,,,,,MEM-001,Membership Revenue,,False,False,False,False,e04f71a2-c16f-4b29-ab48-6e5869c3476e,,0,,-1,False,,,2024-11-20T23:00:00Z,-329.93,,Dedicated Desk Monthly,0.0,[No Tax],0.0,Dedicated Desk Monthly,755147d0-c278-4c3b-9451-3776939c676a,329.93,Olena+e2@nexudus.com,2026-08-25T20:46:12Z
1457717169,,1d2caea4-7ec3-449a-ab89-cb3d708a19c0,,1d2caea4-7ec3-449a-ab89-cb3d708a19c0,05d57e40-8523-4290-87a0-5c3f06ee7d2b,,,,True,EUR,2026-08-21T20:04:27Z,1429951404,INV-0163,True,2026-08-21T20:04:27Z,Storage Locker,9aa1b433-d31f-498e-b5b2-74361183bbfd,,,2026-08-21T20:04:27Z,0.0,,Storage Locker,,,,,,,PRD-001,Product Sales,,False,False,False,False,e04f71a2-c16f-4b29-ab48-6e5869c3476e,,0,,-1,False,,,2024-11-25T00:00:00Z,-30.0,,,0.0,[No Tax],0.0,Storage Locker,d53e87aa-d9f0-4e4b-af04-cdc77b69a180,30.0,Olena+e2@nexudus.com,2026-08-25T20:46:12Z
1457717170,,35be8a2e-fe1a-4eca-883a-c0220105297a,,35be8a2e-fe1a-4eca-883a-c0220105297a,56d5f420-d042-45a7-9b7d-7bb85443c1ca,,,,True,EUR,2026-08-21T20:04:27Z,1429951404,INV-0163,True,2026-08-21T20:04:27Z,,,,,2026-08-21T20:04:27Z,0.0,,Flex Fortnightly (Leslie Warner),,,,,,,MEM-001,Membership Revenue,,False,False,False,False,e04f71a2-c16f-4b29-ab48-6e5869c3476e,,0,,-1,False,,,2024-11-20T23:00:00Z,-250.0,,Flex Fortnightly,0.0,[No Tax],0.0,Flex Fortnightly (Leslie Warner),99d70a6a-a723-4350-b7df-9a1a48346d77,250.0,Olena+e2@nexudus.com,2026-08-25T20:46:12Z
1457717171,,4c4c6569-44f5-4f45-a09a-1d78f56fd960,,4c4c6569-44f5-4f45-a09a-1d78f56fd960,56d5f420-d042-45a7-9b7d-7bb85443c1ca,,,,True,EUR,2026-08-21T20:04:27Z,1429951404,INV-0163,True,2026-08-21T20:04:27Z,Parking Space,1f264b04-4396-444b-9292-05a5020854ac,,,2026-08-21T20:04:27Z,0.0,,Parking Space (Leslie Warner),,,,,,,PRD-001,Product Sales,,False,False,False,False,e04f71a2-c16f-4b29-ab48-6e5869c3476e,,0,,-1,False,,,2025-03-24T00:00:00Z,-75.0,,,0.0,[No Tax],0.0,Parking Space (Leslie Warner),b00a459c-dba7-4082-9a14-ee1dbe7879ed,75.0,Olena+e2@nexudus.com,2026-08-25T20:46:12Z
1457717172,,4edd8544-be7c-4009-8a64-50857de109ae,,4edd8544-be7c-4009-8a64-50857de109ae,0d0475db-0013-48c9-8e32-1a039ff09048,,,,True,EUR,2026-08-21T20:04:27Z,1429951404,INV-0163,True,2026-08-21T20:04:27Z,,,,,2026-08-21T20:04:27Z,0.0,,Hot Desk Monthly (Irene Wilson),,,,,,,MEM-001,Membership Revenue,,False,False,False,False,e04f71a2-c16f-4b29-ab48-6e5869c3476e,,0,,-1,False,,,2024-11-20T23:00:00Z,-150.0,,Hot Desk Monthly,0.0,[No Tax],0.0,Hot Desk Monthly (Irene Wilson),70775105-1c30-4e48-9466-6836dc8c34d5,150.0,Olena+e2@nexudus.com,2026-08-25T20:46:12Z
1457717173,,28cc8425-a7c5-4543-8161-61f8dbe1c429,,28cc8425-a7c5-4543-8161-61f8dbe1c429,d1dcd52d-ef11-483b-a404-a68a0648d4bd,,,,True,EUR,2026-08-21T20:04:27Z,1429951404,INV-0163,True,2026-08-21T20:04:27Z,,,,,2026-08-21T20:04:27Z,0.0,,Hot Desk Monthly (Jeremy Mellor),,,,,,,MEM-001,Membership Revenue,,False,False,False,False,e04f71a2-c16f-4b29-ab48-6e5869c3476e,,0,,-1,False,,,2024-11-20T23:00:00Z,-150.0,,Hot Desk Monthly,0.0,[No Tax],0.0,Hot Desk Monthly (Jeremy Mellor),a0a8f228-a38a-44a5-9990-f2a843beea42,150.0,Olena+e2@nexudus.com,2026-08-25T20:46:12Z
1457717174,,75291ad0-b286-4f99-8fb2-cce78436a6ed,,75291ad0-b286-4f99-8fb2-cce78436a6ed,df6d629b-b400-46c5-8491-ebd0acaf5840,,,,True,EUR,2026-08-21T20:04:27Z,1429951404,INV-0163,True,2026-08-21T20:04:27Z,,,,,2026-08-21T20:04:27Z,0.0,,Dedicated Desk Monthly (Jeremy Mellor),,,,,,,MEM-001,Membership Revenue,,False,False,False,False,e04f71a2-c16f-4b29-ab48-6e5869c3476e,,0,,-1,False,,,2024-11-20T23:00:00Z,-330.2,,Dedicated Desk Monthly,0.0,[No Tax],0.0,Dedicated Desk Monthly (Jeremy Mellor),78b69eca-c73c-4836-95fa-a8bcc6e57db2,330.2,Olena+e2@nexudus.com,2026-08-25T20:46:12Z
1457717175,,d212bff3-2d47-4a9a-9f96-7a1bfab44b89,,d212bff3-2d47-4a9a-9f96-7a1bfab44b89,40933bb3-00fe-49af-9a6d-edb5828b366b,,,,True,EUR,2026-08-21T20:04:27Z,1429951404,INV-0163,True,2026-08-21T20:04:27Z,,,,,2026-08-21T20:04:27Z,0.0,,Private Office Annual (Irene Wilson),,,,,,,MEM-001,Membership Revenue,,False,False,False,False,e04f71a2-c16f-4b29-ab48-6e5869c3476e,,0,,-1,False,,,2024-11-20T23:00:00Z,-12000.0,,Private Office Annual,0.0,[No Tax],0.0,Private Office Annual (Irene Wilson),42165827-e5c4-49e2-b318-b35c55cab467,12000.0,Olena+e2@nexudus.com,2026-08-25T20:46:12Z
1457717176,,17ae057e-193c-477a-8e36-18170e9cb14e,,17ae057e-193c-477a-8e36-18170e9cb14e,1a5c76ee-f959-44e4-84ca-ab0a373ed503,,,,True,EUR,2026-08-21T20:04:27Z,1429951404,INV-0163,True,2026-08-21T20:04:27Z,,,,,2026-08-21T20:04:27Z,0.0,,Flex Weekly (Gemma Ferguson),,,,,,,MEM-001,Membership Revenue,,False,False,False,False,e04f71a2-c16f-4b29-ab48-6e5869c3476e,,0,,-1,False,,,2024-11-20T23:00:00Z,-44.46,,Flex Weekly,0.0,[No Tax],0.0,Flex Weekly (Gemma Ferguson),a6a12fc0-73d3-441d-97f7-d05806963d0d,44.46,Olena+e2@nexudus.com,2026-08-25T20:46:12Z
1457717177,,446d7a33-f612-48da-b594-7aea2f107136,,446d7a33-f612-48da-b594-7aea2f107136,bdcb9d2c-ab81-4e8e-9968-3a380ef40ce8,,,,True,EUR,2026-08-21T20:04:27Z,1429951404,INV-0163,True,2026-08-21T20:04:27Z,,,,,2026-08-21T20:04:27Z,0.0,,Hot Desk Monthly (Gemma Elliott),,,,,,,MEM-001,Membership Revenue,,False,False,False,False,e04f71a2-c16f-4b29-ab48-6e5869c3476e,,0,,-1,False,,,2024-11-20T23:00:00Z,-140.86,,Hot Desk Monthly,0.0,[No Tax],0.0,Hot Desk Monthly (Gemma Elliott),b265a9a0-89a4-4d5e-81f7-c799ea95d63c,140.86,Olena+e2@nexudus.com,2026-08-25T20:46:12Z
1457717178,,e3e03245-edd2-40a6-bc71-5d29306d53e4,,e3e03245-edd2-40a6-bc71-5d29306d53e4,bdcb9d2c-ab81-4e8e-9968-3a380ef40ce8,,,,True,EUR,2026-08-21T20:04:27Z,1429951404,INV-0163,True,2026-08-21T20:04:27Z,Mail Handling,357333ac-4ea7-4090-b00d-b8f84ece6d34,,,2026-08-21T20:04:27Z,0.0,,Mail Handling (Gemma Elliott),,,,,,,PRD-001,Product Sales,,False,False,False,False,e04f71a2-c16f-4b29-ab48-6e5869c3476e,,0,,-1,False,,,2026-07-02T00:00:00Z,-20.0,,,0.0,[No Tax],0.0,Mail Handling (Gemma Elliott),05e74650-f024-45fb-83fb-050eb6840980,20.0,Olena+e2@nexudus.com,2026-08-25T20:46:12Z
1457717179,5a3b25d2-05bf-4924-97fa-5c2de0fae6ca,230be83c-0e05-4fbb-8113-7e7a2927099a,,230be83c-0e05-4fbb-8113-7e7a2927099a,,,,,True,EUR,2026-08-21T20:04:27Z,1429951404,INV-0163,True,2026-08-21T20:04:27Z,AV Equipment,c61130fc-9497-485f-a0d0-7f9e073f0352,,,2026-08-21T20:04:27Z,0.0,,- AV Equipment (Jeremy Mellor),,,,,,,PRD-001,Product Sales,,False,False,False,False,e04f71a2-c16f-4b29-ab48-6e5869c3476e,,0,,-1,False,,,2026-04-02T14:00:00Z,-25.0,,,0.0,[No Tax],0.0,- AV Equipment (Jeremy Mellor),5e00cc79-f86a-472c-9de8-5efc2d5cd853,25.0,Olena+e2@nexudus.com,2026-08-25T20:46:12Z
1457717180,,967146e1-c64d-4f72-9057-7171346cc4d8,,967146e1-c64d-4f72-9057-7171346cc4d8,,,,,True,EUR,2026-08-21T20:04:27Z,1429951404,INV-0163,True,2026-08-21T20:04:27Z,,,10-Visit Pass,47818b74-f3bc-4a43-a3aa-ac92a9da3a37,2026-08-21T20:04:27Z,0.0,,10-Visit Pass [25/08/2026] (Gemma Elliott),,,,,,,,,,False,False,False,False,e04f71a2-c16f-4b29-ab48-6e5869c3476e,,0,,-1,False,,,2026-08-25T19:47:59Z,-200.0,,,0.0,[No Tax],0.0,10-Visit Pass [25/08/2026] (Gemma Elliott),0eb538c3-d3cc-41c3-8931-698ff1c03726,200.0,Olena+e2@nexudus.com,2026-08-25T20:46:12Z
1457717181,,dce4a1f4-513c-4d5d-99c5-3bb8663f07ed,,dce4a1f4-513c-4d5d-99c5-3bb8663f07ed,,,,,True,EUR,2026-08-21T20:04:27Z,1429951404,INV-0163,True,2026-08-21T20:04:27Z,,,Evening Pass,0e032472-958a-419a-a1b6-6e1db2328ca7,2026-08-21T20:04:27Z,0.0,,Evening Pass [25/08/2026] (Gemma Ferguson),,,,,,,,,,False,False,False,False,e04f71a2-c16f-4b29-ab48-6e5869c3476e,,0,,-1,False,,,2026-08-25T19:48:01Z,-10.0,,,0.0,[No Tax],0.0,Evening Pass [25/08/2026] (Gemma Ferguson),44605169-dc8b-4d21-9865-70c1b9c95bb3,10.0,Olena+e2@nexudus.com,2026-08-25T20:46:12Z
1457717182,,67e3a1e3-037b-490b-97e7-28f9837caabc,,67e3a1e3-037b-490b-97e7-28f9837caabc,,,,,True,EUR,2026-08-21T20:04:27Z,1429951404,INV-0163,True,2026-08-21T20:04:27Z,,,Half Day Pass,8418f781-5167-49fd-aa3a-a72fd80b28c7,2026-08-21T20:04:27Z,0.0,,Half Day Pass [25/08/2026] (Jeremy Mellor),,,,,,,,,,False,False,False,False,e04f71a2-c16f-4b29-ab48-6e5869c3476e,,0,,-1,False,,,2026-08-25T19:48:02Z,-15.0,,,0.0,[No Tax],0.0,Half Day Pass [25/08/2026] (Jeremy Mellor),6167effe-2204-41d5-a392-8fa0c6304083,15.0,Olena+e2@nexudus.com,2026-08-25T20:46:12Z
1457717183,,33c919be-525f-4b1d-a426-86bbaa16ece7,,33c919be-525f-4b1d-a426-86bbaa16ece7,,,,,True,EUR,2026-08-21T20:04:27Z,1429951404,INV-0163,True,2026-08-21T20:04:27Z,,,10-Visit Pass,b3025f72-8e6e-4172-9698-f6347cbf78ba,2026-08-21T20:04:27Z,0.0,,10-Visit Pass [25/08/2026],,,,,,,,,,False,False,False,False,e04f71a2-c16f-4b29-ab48-6e5869c3476e,,0,,-1,False,,,2026-08-25T19:48:58Z,-200.0,,,0.0,[No Tax],0.0,10-Visit Pass [25/08/2026],fe5a3537-7cf7-4187-920a-d5fcbc813188,200.0,Olena+e2@nexudus.com,2026-08-25T20:46:12Z
1457717184,,0906a4b6-f714-4293-adcd-1a1ad6443332,,0906a4b6-f714-4293-adcd-1a1ad6443332,,,,,True,EUR,2026-08-21T20:04:27Z,1429951404,INV-0163,True,2026-08-21T20:04:27Z,,,Day Pass,e937ea23-c1da-4b7d-b724-03518d61b69f,2026-08-21T20:04:27Z,0.0,,Day Pass [25/08/2026] (Irene Wilson),,,,,,,,,,False,False,False,False,e04f71a2-c16f-4b29-ab48-6e5869c3476e,,0,,-1,False,,,2026-08-25T19:49:07Z,-25.0,,,0.0,[No Tax],0.0,Day Pass [25/08/2026] (Irene Wilson),61f7d225-6cbf-4762-81d0-bc3ac974ff01,25.0,Olena+e2@nexudus.com,2026-08-25T20:46:12Z
1457717185,,ce3be341-58a5-4f5d-aa9e-fe659dc53aaf,,ce3be341-58a5-4f5d-aa9e-fe659dc53aaf,,,,,True,EUR,2026-08-21T20:04:27Z,1429951404,INV-0163,True,2026-08-21T20:04:27Z,Mail Handling,4f758675-94a0-4214-8aca-b81ffa538cab,,,2026-08-21T20:04:27Z,0.0,,Mail Handling,,,,,,,PRD-001,Product Sales,,False,False,False,False,e04f71a2-c16f-4b29-ab48-6e5869c3476e,,0,,-1,False,,,2026-08-25T19:49:10Z,-20.0,,,0.0,[No Tax],0.0,Mail Handling,e1659eeb-68e8-4e9e-b8c8-264829d698dd,20.0,Olena+e2@nexudus.com,2026-08-25T20:46:12Z
1457717186,,d0813378-971c-4732-9e30-cffaf32d4ccf,,d0813378-971c-4732-9e30-cffaf32d4ccf,,,,,True,EUR,2026-08-21T20:04:27Z,1429951404,INV-0163,True,2026-08-21T20:04:27Z,,,,,2026-08-21T20:04:27Z,0.0,,Book Club: General Admission (Irene Wilson) (Irene Wilson),,,,,2f7d80ff-15ac-4996-bdb3-1d520385bcb4,,EVT-001,Event Revenue,,False,False,False,False,e04f71a2-c16f-4b29-ab48-6e5869c3476e,,0,,-1,False,,,2026-11-22T18:00:00Z,-25.0,,,0.0,[No Tax],0.0,Book Club: General Admission (Irene Wilson) (Irene Wilson),0031c493-f305-41ca-822b-50f87c51aca7,25.0,Olena+e2@nexudus.com,2026-08-25T20:46:12Z
1457717187,,298873a6-0b76-4b7e-9901-a5bf375ad216,,298873a6-0b76-4b7e-9901-a5bf375ad216,,,,,True,EUR,2026-08-21T20:04:27Z,1429951404,INV-0163,True,2026-08-21T20:04:27Z,,,,,2026-08-21T20:04:27Z,0.0,,Product Demo Night: General Admission (Jeremy Mellor) (Jeremy Mellor),,,,,29cc9af1-0bb9-4915-a310-46fb87e2db77,,EVT-001,Event Revenue,,False,False,False,False,e04f71a2-c16f-4b29-ab48-6e5869c3476e,,0,,-1,False,,,2026-11-26T18:00:00Z,-10.0,,,0.0,[No Tax],0.0,Product Demo Night: General Admission (Jeremy Mellor) (Jeremy Mellor),742763e3-e949-49e8-9f5c-06498a357065,10.0,Olena+e2@nexudus.com,2026-08-25T20:46:12Z
1457717188,,67bbb366-1207-4082-8ced-184c67160bec,,67bbb366-1207-4082-8ced-184c67160bec,,,,,True,EUR,2026-08-21T20:04:27Z,1429951404,INV-0163,True,2026-08-21T20:04:27Z,,,,,2026-08-21T20:04:27Z,0.0,,Holiday Party: General Admission (Leslie Warner) (Leslie Warner),,,,,51377543-7596-463f-968d-27b2f8bca994,,EVT-001,Event Revenue,,False,False,False,False,e04f71a2-c16f-4b29-ab48-6e5869c3476e,,0,,-1,False,,,2026-12-11T18:00:00Z,-25.0,,,0.0,[No Tax],0.0,Holiday Party: General Admission (Leslie Warner) (Leslie Warner),813b00d9-87f1-4c0a-a55b-b861cb86ab62,25.0,Olena+e2@nexudus.com,2026-08-25T20:46:12Z
1457717189,,f7109133-63f1-45ff-bcbb-9e3a6126dea3,,f7109133-63f1-45ff-bcbb-9e3a6126dea3,,,,,True,EUR,2026-08-21T20:04:27Z,1429951404,INV-0163,True,2026-08-21T20:04:27Z,,,,,2026-08-21T20:04:27Z,0.0,,Holiday Party: General Admission (Irene Wilson) (Irene Wilson),,,,,915feb2f-5c12-415f-b9e0-4f53ef2d2086,,EVT-001,Event Revenue,,False,False,False,False,e04f71a2-c16f-4b29-ab48-6e5869c3476e,,0,,-1,False,,,2026-12-11T18:00:00Z,-25.0,,,0.0,[No Tax],0.0,Holiday Party: General Admission (Irene Wilson) (Irene Wilson),d7f562a2-877c-45a9-bbb0-a159649f3f2b,25.0,Olena+e2@nexudus.com,2026-08-25T20:46:12Z
1457717190,,48629fe5-5141-481d-aa75-d2f16394c66a,,48629fe5-5141-481d-aa75-d2f16394c66a,,,,,True,EUR,2025-11-28T20:04:28Z,1429951405,INV-0164,True,2025-11-28T20:04:28Z,Mail Handling,e22440b3-6ca0-4a69-9e7a-3006d7307f5b,,,2025-11-28T20:04:28Z,0.0,,Mail Handling,,,,,,,PRD-001,Product Sales,,False,False,False,False,e04f71a2-c16f-4b29-ab48-6e5869c3476e,,0,,-1,False,,,2026-08-25T19:49:16Z,-20.0,,,0.0,[No Tax],0.0,Mail Handling,28c34dcd-55e2-4d50-9643-099c426297c2,20.0,Olena+e2@nexudus.com,2026-08-25T20:46:13Z
1457717191,,33111afd-7ca9-40c6-ab79-deba0a3cf3e3,,33111afd-7ca9-40c6-ab79-deba0a3cf3e3,,,,,True,EUR,2025-03-30T20:04:29Z,1429951406,INV-0165,True,2025-03-30T20:04:29Z,Storage Locker,f52125b0-2b4b-4eda-9124-0916208ef1ac,,,2025-03-30T20:04:29Z,0.0,,Storage Locker,,,,,,,PRD-001,Product Sales,,False,False,False,False,e04f71a2-c16f-4b29-ab48-6e5869c3476e,,0,,-1,False,,,2026-08-25T19:49:12Z,-30.0,,,0.0,[No Tax],0.0,Storage Locker,5c6e83a9-a91e-4748-972b-ac62f1601458,30.0,Olena+e2@nexudus.com,2026-08-25T20:46:13Z
1457717192,,7796d86f-3e85-4e61-8236-646d075eeaef,,7796d86f-3e85-4e61-8236-646d075eeaef,,,,,True,EUR,2026-02-23T20:04:29Z,1429951407,INV-0166,True,2026-02-23T20:04:30Z,Storage Locker,ba553f00-f43b-4264-b33a-ada7afaf0383,,,2026-02-23T20:04:29Z,0.0,,Storage Locker,,,,,,,PRD-001,Product Sales,,False,False,False,False,e04f71a2-c16f-4b29-ab48-6e5869c3476e,,0,,-1,False,,,2026-08-25T19:49:15Z,-30.0,,,0.0,[No Tax],0.0,Storage Locker,f8a08748-57d4-4a3a-9c98-66ba95eb6847,30.0,Olena+e2@nexudus.com,2026-08-25T20:46:14Z
1457717211,,,,,d0e0f13b-7d3e-41fe-a05a-f7488fe8f088,,,,False,EUR,2024-11-25T20:38:29Z,1429951422,INV-0169,True,2024-11-22T20:39:47Z,,,,,2024-11-22T20:38:29Z,0.0,,Dedicated Desk Monthly,,,,,,,MEM-001,Membership Revenue,,False,False,False,False,e04f71a2-c16f-4b29-ab48-6e5869c3476e,,0,,1,False,,,2024-06-14T23:00:00Z,350.0,,Dedicated Desk Monthly,0.0,[No Tax],0.0,Dedicated Desk Monthly,bb1e02f9-175f-4655-ba69-1d850dd60c3b,350.0,Olena+e2@nexudus.com,2026-08-25T20:46:17Z
1457717212,,,,,d0e0f13b-7d3e-41fe-a05a-f7488fe8f088,,,,False,EUR,2024-11-25T20:38:29Z,1429951422,INV-0169,True,2024-11-22T20:39:47Z,Storage Locker,15b757d1-2afd-4590-a1c6-7e4155ab1f22,,,2024-11-22T20:38:29Z,0.0,,Storage Locker,,,,,,,PRD-001,Product Sales,,False,False,False,False,e04f71a2-c16f-4b29-ab48-6e5869c3476e,,1,,1,False,,,2026-03-17T23:00:00Z,30.0,,,0.0,[No Tax],0.0,Storage Locker,faaa20a9-0ef4-4429-be69-5f21a2d7333f,30.0,Olena+e2@nexudus.com,2026-08-25T20:46:17Z
1457717213,,,,,41e0155f-37b5-4878-8b18-8efdab992fb1,,,,False,EUR,2025-10-26T20:38:30Z,1429951423,INV-0170,True,2025-10-23T20:39:47Z,,,,,2025-10-23T20:38:30Z,0.0,,Hot Desk Quarterly,,,,,,,MEM-001,Membership Revenue,,False,False,False,False,e04f71a2-c16f-4b29-ab48-6e5869c3476e,,0,,1,False,,,2025-05-11T23:00:00Z,359.14,,Hot Desk Quarterly,0.0,[No Tax],0.0,Hot Desk Quarterly,4b648100-f523-4a74-b489-c721a76eea14,359.14,Olena+e2@nexudus.com,2026-08-25T20:46:18Z
1457717214,,,,,1657f767-e59a-49fc-a23b-effc1bee7fee,,,,False,EUR,2026-02-05T20:38:37Z,1429951424,INV-0174,True,2026-02-02T20:39:51Z,,,,,2026-02-02T20:38:37Z,0.0,,Private Office Large,,,,,,,MEM-001,Membership Revenue,,False,False,False,False,e04f71a2-c16f-4b29-ab48-6e5869c3476e,,0,,1,False,,,2024-12-12T22:00:00Z,2000.0,,Private Office Large,0.0,[No Tax],0.0,Private Office Large,56171771-42a2-4a91-b830-37435a7ccfee,2000.0,Olena+e2@nexudus.com,2026-08-25T20:46:20Z
1457717215,,,,735e6c2b-61b3-4e45-ac55-42f4cb70d088,2784e367-fba2-4cc7-bea2-ee5c970deec5,,,,False,EUR,2026-02-05T20:38:37Z,1429951424,INV-0174,True,2026-02-02T20:39:51Z,,,,,2026-02-02T20:38:37Z,0.0,,Dedicated Desk Monthly (Sarah Reed),0.0,,,,,,MEM-001,Membership Revenue,,False,False,False,False,e04f71a2-c16f-4b29-ab48-6e5869c3476e,,1,,1,False,,,2024-12-12T22:00:00Z,350.0,,Dedicated Desk Monthly,0.0,[No Tax],0.0,Dedicated Desk Monthly (Sarah Reed),2021e03d-5d99-49e6-b31c-53ea95bfc89f,350.0,Olena+e2@nexudus.com,2026-08-25T20:46:20Z
1457717216,,,,065ea875-4d0e-4f32-8ffe-3a257e2944dd,2784e367-fba2-4cc7-bea2-ee5c970deec5,,,,False,EUR,2026-02-05T20:38:37Z,1429951424,INV-0174,True,2026-02-02T20:39:51Z,Parking Space,1d204020-51cf-4753-913a-8c5ffe76c89d,,,2026-02-02T20:38:37Z,0.0,,Parking Space (Sarah Reed),0.0,,,,,,PRD-001,Product Sales,,False,False,False,False,e04f71a2-c16f-4b29-ab48-6e5869c3476e,,2,,1,False,,,2026-04-27T22:00:00Z,75.0,,,0.0,[No Tax],0.0,Parking Space (Sarah Reed),013917a6-399d-463b-a900-d2b10dfe79a2,75.0,Olena+e2@nexudus.com,2026-08-25T20:46:20Z
1457717217,,,,f275998d-8cfb-4593-926d-18d18570e8b2,2784e367-fba2-4cc7-bea2-ee5c970deec5,,,,False,EUR,2026-02-05T20:38:37Z,1429951424,INV-0174,True,2026-02-02T20:39:51Z,,,,,2026-02-02T20:38:37Z,0.0,,Dedicated Desk Monthly (Sarah Reed),0.0,,,,,,MEM-001,Membership Revenue,,False,False,False,False,e04f71a2-c16f-4b29-ab48-6e5869c3476e,,3,,1,False,,,2024-12-12T22:00:00Z,350.0,,Dedicated Desk Monthly,0.0,[No Tax],0.0,Dedicated Desk Monthly (Sarah Reed),dcf44a53-ef09-43cb-9be0-c77b565f250f,350.0,Olena+e2@nexudus.com,2026-08-25T20:46:20Z
1457717218,,,,34ff01b2-55db-434f-9c90-378c59fd7463,2784e367-fba2-4cc7-bea2-ee5c970deec5,,,,False,EUR,2026-02-05T20:38:37Z,1429951424,INV-0174,True,2026-02-02T20:39:51Z,Parking Space,c5295b07-14c0-4f5c-81b9-9cf19a317235,,,2026-02-02T20:38:37Z,0.0,,Parking Space (Sarah Reed),0.0,,,,,,PRD-001,Product Sales,,False,False,False,False,e04f71a2-c16f-4b29-ab48-6e5869c3476e,,4,,1,False,,,2026-05-27T22:00:00Z,75.0,,,0.0,[No Tax],0.0,Parking Space (Sarah Reed),9518da12-9564-4e30-a8da-dec8a18f8f28,75.0,Olena+e2@nexudus.com,2026-08-25T20:46:20Z
1457717219,,,,dfc1777b-4c76-486c-8e3d-e3f111e8b82d,b26a2991-65b8-4cce-a087-2a1599b49542,,,,False,EUR,2026-02-05T20:38:37Z,1429951424,INV-0174,True,2026-02-02T20:39:51Z,,,,,2026-02-02T20:38:37Z,0.0,,Flex Fortnightly (Paula Harvey),0.0,,,,,,MEM-001,Membership Revenue,,False,False,False,False,e04f71a2-c16f-4b29-ab48-6e5869c3476e,,5,,1,False,,,2024-12-12T22:00:00Z,227.46,,Flex Fortnightly,0.0,[No Tax],0.0,Flex Fortnightly (Paula Harvey),35b4971d-0c77-4343-baaa-1184f656d7bb,227.46,Olena+e2@nexudus.com,2026-08-25T20:46:20Z
1457717220,,,,ecd87184-228b-4134-be95-06fd6651373e,b26a2991-65b8-4cce-a087-2a1599b49542,,,,False,EUR,2026-02-05T20:38:37Z,1429951424,INV-0174,True,2026-02-02T20:39:51Z,Mail Handling,5625f69c-3893-4e1e-8c2a-df92b1a2aec9,,,2026-02-02T20:38:37Z,0.0,,Mail Handling (Paula Harvey),0.0,,,,,,PRD-001,Product Sales,,False,False,False,False,e04f71a2-c16f-4b29-ab48-6e5869c3476e,,6,,1,False,,,2026-09-16T22:00:00Z,20.0,,,0.0,[No Tax],0.0,Mail Handling (Paula Harvey),b755be74-bb69-430f-a664-af1cf112ba83,20.0,Olena+e2@nexudus.com,2026-08-25T20:46:20Z
1457717221,,,,45601458-dd1b-4a62-9291-c73f5e1c66ad,03dc1c2f-d72e-43d3-961a-1f9bd118e6c7,,,,False,EUR,2026-02-05T20:38:37Z,1429951424,INV-0174,True,2026-02-02T20:39:51Z,,,,,2026-02-02T20:38:37Z,0.0,,Private Office Large (Jay Rees),0.0,,,,,,MEM-001,Membership Revenue,,False,False,False,False,e04f71a2-c16f-4b29-ab48-6e5869c3476e,,7,,1,False,,,2024-12-12T22:00:00Z,2000.0,,Private Office Large,0.0,[No Tax],0.0,Private Office Large (Jay Rees),f41afe46-ca48-4d43-93f5-94b084988998,2000.0,Olena+e2@nexudus.com,2026-08-25T20:46:20Z
1457717222,,,,dd534e53-83e7-429c-aa58-8b321697ec4c,3ff972cd-d4b0-4f63-84b9-51e794a77aad,,,,False,EUR,2026-02-05T20:38:37Z,1429951424,INV-0174,True,2026-02-02T20:39:51Z,,,,,2026-02-02T20:38:37Z,0.0,,Dedicated Desk Monthly (Janice Glover),0.0,,,,,,MEM-001,Membership Revenue,,False,False,False,False,e04f71a2-c16f-4b29-ab48-6e5869c3476e,,8,,1,False,,,2024-12-12T22:00:00Z,299.41,,Dedicated Desk Monthly,0.0,[No Tax],0.0,Dedicated Desk Monthly (Janice Glover),04117f9b-691f-4d10-adba-a2ec2657d5bd,299.41,Olena+e2@nexudus.com,2026-08-25T20:46:20Z
1457717223,,,,,2ea47e1e-3154-4e0a-89fd-6878233ad8fa,,,,False,EUR,2026-03-24T20:38:38Z,1429951425,INV-0175,True,2026-03-21T20:39:51Z,,,,,2026-03-21T20:38:38Z,0.0,,Private Office Small,,,,,,,MEM-001,Membership Revenue,,False,False,False,False,e04f71a2-c16f-4b29-ab48-6e5869c3476e,,0,,1,False,,,2025-02-01T22:00:00Z,1200.0,,Private Office Small,0.0,[No Tax],0.0,Private Office Small,c85ea8da-a2e1-49a1-a8d6-52d7dba8c2fa,1200.0,Olena+e2@nexudus.com,2026-08-25T20:46:21Z
1457717224,,,,,c2034b47-1027-4fec-b92a-064d48bdd135,,,,False,EUR,2025-08-10T20:38:40Z,1429951426,INV-0176,True,2025-08-07T20:39:52Z,,,,,2025-08-07T20:38:40Z,0.0,,Private Office Large,,,,,,,MEM-001,Membership Revenue,,False,False,False,False,e04f71a2-c16f-4b29-ab48-6e5869c3476e,,0,,1,False,,,2024-06-17T22:00:00Z,2000.0,,Private Office Large,0.0,[No Tax],0.0,Private Office Large,fe280260-3361-4439-8b15-c90acfcb77b5,2000.0,Olena+e2@nexudus.com,2026-08-25T20:46:21Z
1457717225,,,,,d8fcb41e-c8fa-433d-908b-60666b7f302a,,,,False,EUR,2026-03-15T20:38:45Z,1429951427,INV-0177,True,2026-03-12T20:39:53Z,,,,,2026-03-12T20:38:45Z,0.0,,Dedicated Desk Monthly,,,,,,,MEM-001,Membership Revenue,,False,False,False,False,e04f71a2-c16f-4b29-ab48-6e5869c3476e,,0,,1,False,,,2026-05-19T23:00:00Z,350.0,,Dedicated Desk Monthly,0.0,[No Tax],0.0,Dedicated Desk Monthly,a82c072e-d277-4277-8815-bf73eaf92f7e,350.0,Olena+e2@nexudus.com,2026-08-25T20:46:22Z
1457717226,,,,,d8fcb41e-c8fa-433d-908b-60666b7f302a,,,,False,EUR,2026-03-15T20:38:45Z,1429951427,INV-0177,True,2026-03-12T20:39:53Z,Storage Locker,79a37f4d-2ac9-4dda-96e8-022010905b2c,,,2026-03-12T20:38:45Z,0.0,,Storage Locker,,,,,,,PRD-001,Product Sales,,False,False,False,False,e04f71a2-c16f-4b29-ab48-6e5869c3476e,,1,,1,False,,,2026-11-01T23:00:00Z,30.0,,,0.0,[No Tax],0.0,Storage Locker,75854863-cda0-48f2-91f3-da50e1b8c15b,30.0,Olena+e2@nexudus.com,2026-08-25T20:46:22Z
1457717227,,,,,58cae1f6-208f-465a-94fd-3dda8406c288,,,,False,EUR,2025-03-02T20:38:49Z,1429951428,INV-0179,True,2025-02-27T20:39:54Z,,,,,2025-02-27T20:38:49Z,0.0,,Hot Desk Monthly,,,,,,,MEM-001,Membership Revenue,,False,False,False,False,e04f71a2-c16f-4b29-ab48-6e5869c3476e,,0,,1,False,,,2025-06-28T23:00:00Z,150.0,,Hot Desk Monthly,0.0,[No Tax],0.0,Hot Desk Monthly,2edce884-abd7-415a-94cf-5f6f639a517f,150.0,Olena+e2@nexudus.com,2026-08-25T20:47:00Z
1457717228,,,,,58cae1f6-208f-465a-94fd-3dda8406c288,,,,False,EUR,2025-03-02T20:38:49Z,1429951428,INV-0179,True,2025-02-27T20:39:54Z,Mail Handling,778b0c62-9ce5-4e30-89cf-bfb209a8e1c3,,,2025-02-27T20:38:49Z,0.0,,Mail Handling,,,,,,,PRD-001,Product Sales,,False,False,False,False,e04f71a2-c16f-4b29-ab48-6e5869c3476e,,1,,1,False,,,2026-12-24T23:00:00Z,20.0,,,0.0,[No Tax],0.0,Mail Handling,c91da837-69bf-4d5e-be6d-b341fc3ada32,20.0,Olena+e2@nexudus.com,2026-08-25T20:47:00Z
1457717229,,,,,41332a58-04d0-4722-aca4-36963b1503e8,,,,False,EUR,2024-12-22T20:38:52Z,1429951429,INV-0181,True,2024-12-19T20:39:56Z,,,,,2024-12-19T20:38:53Z,0.0,,Dedicated Desk Monthly,,,,,,,MEM-001,Membership Revenue,,False,False,False,False,e04f71a2-c16f-4b29-ab48-6e5869c3476e,,0,,1,False,,,2024-12-29T22:00:00Z,315.34,,Dedicated Desk Monthly,0.0,[No Tax],0.0,Dedicated Desk Monthly,60ae5859-8dbe-4ecf-a6d3-e57d2360d6df,315.34,Olena+e2@nexudus.com,2026-08-25T20:47:01Z
1457717230,,,,,41332a58-04d0-4722-aca4-36963b1503e8,,,,False,EUR,2024-12-22T20:38:52Z,1429951429,INV-0181,True,2024-12-19T20:39:56Z,Mail Handling,31e77abb-6d99-4b82-9f5b-3234d5663394,,,2024-12-19T20:38:53Z,0.0,,Mail Handling,,,,,,,PRD-001,Product Sales,,False,False,False,False,e04f71a2-c16f-4b29-ab48-6e5869c3476e,,1,,1,False,,,2026-09-04T22:00:00Z,20.0,,,0.0,[No Tax],0.0,Mail Handling,740d9cda-e97c-4d02-b27d-7dc32f75556a,20.0,Olena+e2@nexudus.com,2026-08-25T20:47:01Z
1457717231,,,,,2e6e2db8-0894-4575-827e-d5d4910edee6,,,,False,EUR,2026-08-08T20:38:55Z,1429951430,INV-0184,True,2026-08-05T20:39:58Z,,,,,2026-08-05T20:38:55Z,0.0,,Dedicated Desk Monthly,,,,,,,MEM-001,Membership Revenue,,False,False,False,False,e04f71a2-c16f-4b29-ab48-6e5869c3476e,,0,,1,False,,,2026-11-17T23:00:00Z,330.98,,Dedicated Desk Monthly,0.0,[No Tax],0.0,Dedicated Desk Monthly,36591331-d58d-4c9c-a56a-7e9d31e9611f,330.98,Olena+e2@nexudus.com,2026-08-25T20:47:04Z
1457717232,,,,,efa2ba9e-e139-4bf1-9a30-b2fcfaff8867,,,,False,EUR,2025-08-21T20:38:56Z,1429951431,INV-0186,True,2025-08-18T20:40:35Z,,,,,2025-08-18T20:38:57Z,0.0,,Dedicated Desk Monthly,,,,,,,MEM-001,Membership Revenue,,False,False,False,False,e04f71a2-c16f-4b29-ab48-6e5869c3476e,,0,,1,False,,,2025-06-21T22:00:00Z,350.0,,Dedicated Desk Monthly,0.0,[No Tax],0.0,Dedicated Desk Monthly,4eec1fed-7003-443c-b075-c3a04b21e04d,350.0,Olena+e2@nexudus.com,2026-08-25T20:47:05Z
1457717233,,,,,7f0f1a8c-3ca8-4617-ba11-750067c207e1,,,,False,EUR,2025-10-17T20:38:57Z,1429951432,INV-0187,True,2025-10-14T20:40:36Z,,,,,2025-10-14T20:38:57Z,0.0,,Flex Weekly,,,,,,,MEM-001,Membership Revenue,,False,False,False,False,e04f71a2-c16f-4b29-ab48-6e5869c3476e,,0,,1,False,,,2025-09-04T22:00:00Z,50.0,,Flex Weekly,0.0,[No Tax],0.0,Flex Weekly,01691446-2223-423f-b35d-495416e493d3,50.0,Olena+e2@nexudus.com,2026-08-25T20:47:06Z
1457717234,,,,,7f0f1a8c-3ca8-4617-ba11-750067c207e1,,,,False,EUR,2025-10-17T20:38:57Z,1429951432,INV-0187,True,2025-10-14T20:40:36Z,Parking Space,f48978d0-e44a-4add-9a12-90c050e7b043,,,2025-10-14T20:38:57Z,0.0,,Parking Space,,,,,,,PRD-001,Product Sales,,False,False,False,False,e04f71a2-c16f-4b29-ab48-6e5869c3476e,,1,,1,False,,,2026-07-16T22:00:00Z,75.0,,,0.0,[No Tax],0.0,Parking Space,40ac4624-6fdb-4dec-95e6-4143217fab03,75.0,Olena+e2@nexudus.com,2026-08-25T20:47:06Z
1457717235,,,,,0a9a0857-2e1e-483d-ba08-cae73a0bbc33,,,,False,EUR,2025-12-25T20:38:58Z,1429951433,INV-0188,True,2025-12-22T20:40:37Z,,,,,2025-12-22T20:38:58Z,0.0,,Flex Fortnightly,,,,,,,MEM-001,Membership Revenue,,False,False,False,False,e04f71a2-c16f-4b29-ab48-6e5869c3476e,,0,,1,False,,,2025-04-28T23:00:00Z,250.0,,Flex Fortnightly,0.0,[No Tax],0.0,Flex Fortnightly,3191eae3-07b4-4e6b-a63d-3a456533b2c3,250.0,Olena+e2@nexudus.com,2026-08-25T20:47:06Z
1457717236,,,,,2b593c66-b701-450c-bd4b-6ac15d83abde,,,,False,EUR,2025-01-24T20:39:00Z,1429951434,INV-0191,True,2025-01-21T20:40:39Z,,,,,2025-01-21T20:39:00Z,0.0,,Flex Fortnightly,,,,,,,MEM-001,Membership Revenue,,False,False,False,False,e04f71a2-c16f-4b29-ab48-6e5869c3476e,,0,,1,False,,,2024-08-02T23:00:00Z,250.0,,Flex Fortnightly,0.0,[No Tax],0.0,Flex Fortnightly,c7dbd268-82af-40cc-b6b4-f81e798f4563,250.0,Olena+e2@nexudus.com,2026-08-25T20:47:08Z
1457717237,,,,,2b593c66-b701-450c-bd4b-6ac15d83abde,,,,False,EUR,2025-01-24T20:39:00Z,1429951434,INV-0191,True,2025-01-21T20:40:39Z,Storage Locker,878b3251-af54-494b-95d1-c20955b4c9cb,,,2025-01-21T20:39:00Z,0.0,,Storage Locker,,,,,,,PRD-001,Product Sales,,False,False,False,False,e04f71a2-c16f-4b29-ab48-6e5869c3476e,,1,,1,False,,,2026-03-06T23:00:00Z,30.0,,,0.0,[No Tax],0.0,Storage Locker,d2b25d07-e044-4a6e-b3e4-af93d074e324,30.0,Olena+e2@nexudus.com,2026-08-25T20:47:08Z
1457716427,,,,,26a1c65c-e9f2-4046-bc10-1c51f17cf495,,,,False,EUR,2023-08-06T19:55:38Z,1429951435,INV-0026,True,2023-08-03T19:59:21Z,,,,,2023-08-03T19:55:38Z,0.0,,Private Office Large,,,,,,,MEM-001,Membership Revenue,,False,False,False,False,e04f71a2-c16f-4b29-ab48-6e5869c3476e,,0,,1,False,,,2023-01-31T23:00:00Z,2000.0,,Private Office Large,0.0,[No Tax],0.0,Private Office Large,04bcc800-d639-4eab-b969-1f1c5571b2a4,2000.0,Olena+e2@nexudus.com,2026-08-25T20:41:15Z
1457716428,,,,,,,,,False,EUR,2023-08-06T19:55:38Z,1429951435,INV-0026,True,2023-08-03T19:59:21Z,,,,,2023-08-03T19:55:38Z,0.0,,Workshop: Marketing 101: General Admission (Jacqueline Wilson),,,,General Admission,851a3ee2-fe05-40d2-8dac-3cc17edfadb3,,EVT-001,Event Revenue,,False,False,False,False,e04f71a2-c16f-4b29-ab48-6e5869c3476e,,1,,1,False,,,2026-02-24T17:00:00Z,15.0,,,0.0,[No Tax],0.0,Workshop: Marketing 101: General Admission (Jacqueline Wilson),ab17e1ce-d750-49df-9a28-8715f43cf6af,15.0,Olena+e2@nexudus.com,2026-08-25T20:41:15Z
1457716429,,,,,,,,,False,EUR,2023-08-06T19:55:38Z,1429951435,INV-0026,True,2023-08-03T19:59:21Z,,,,,2023-08-03T19:55:38Z,0.0,,Year-End Wrap Party: General Admission (Jacqueline Wilson),,,,General Admission,9615a1b7-00b8-415a-870b-e00724c4d229,,EVT-001,Event Revenue,,False,False,False,False,e04f71a2-c16f-4b29-ab48-6e5869c3476e,,2,,1,False,,,2026-02-28T17:00:00Z,15.0,,,0.0,[No Tax],0.0,Year-End Wrap Party: General Admission (Jacqueline Wilson),f8e9e008-d3cc-49c8-9ac8-a422de20e497,15.0,Olena+e2@nexudus.com,2026-08-25T20:41:15Z
1457716430,,,,,,,,,False,EUR,2023-08-06T19:55:38Z,1429951435,INV-0026,True,2023-08-03T19:59:21Z,,,,,2023-08-03T19:55:38Z,0.0,,Portfolio Review Session: General Admission (Jacqueline Wilson),,,,General Admission,63bdf13f-a208-4789-a719-8712b2424d01,,EVT-001,Event Revenue,,False,False,False,False,e04f71a2-c16f-4b29-ab48-6e5869c3476e,,3,,1,False,,,2026-03-12T09:00:00Z,0.0,,,0.0,[No Tax],0.0,Portfolio Review Session: General Admission (Jacqueline Wilson),06e46619-2fca-481a-89d3-15478fef5750,0.0,Olena+e2@nexudus.com,2026-08-25T20:41:15Z
1457716431,,,,,,,,,False,EUR,2023-08-06T19:55:38Z,1429951435,INV-0026,True,2023-08-03T19:59:21Z,,,Half Day Pass,e0eb981e-16db-4343-9320-7e6ffd265da4,2023-08-03T19:55:38Z,0.0,,Half Day Pass [25/08/2026],,,,,,,,,,False,False,False,False,e04f71a2-c16f-4b29-ab48-6e5869c3476e,,4,,1,False,,,2026-08-25T19:47:58Z,15.0,,,0.0,[No Tax],0.0,Half Day Pass [25/08/2026],b10fe667-1d96-42b2-82bc-fd56e09c893d,15.0,Olena+e2@nexudus.com,2026-08-25T20:41:15Z
1457716432,,,,,,,,,False,EUR,2023-08-06T19:55:38Z,1429951435,INV-0026,True,2023-08-03T19:59:21Z,Storage Locker,e17f6887-a54f-43a6-b338-db5cc3680a1d,,,2023-08-03T19:55:38Z,0.0,,Storage Locker,,,,,,,PRD-001,Product Sales,,False,False,False,False,e04f71a2-c16f-4b29-ab48-6e5869c3476e,,5,,1,False,,,2026-08-25T19:49:09Z,30.0,,,0.0,[No Tax],0.0,Storage Locker,696178c0-a872-40c4-8245-46650e356ab4,30.0,Olena+e2@nexudus.com,2026-08-25T20:41:15Z
1457716433,,,,,,,,,False,EUR,2023-08-06T19:55:38Z,1429951435,INV-0026,True,2023-08-03T19:59:21Z,,,,,2023-08-03T19:55:38Z,0.0,,Q3 Town Hall: General Admission (Jacqueline Wilson),,,,General Admission,1a058125-af89-4e61-84a7-1340ccf14203,,EVT-001,Event Revenue,,False,False,False,False,e04f71a2-c16f-4b29-ab48-6e5869c3476e,,6,,1,False,,,2026-11-21T12:00:00Z,0.0,,,0.0,[No Tax],0.0,Q3 Town Hall: General Admission (Jacqueline Wilson),cb9ff8d9-b94c-41e1-bb78-8db9250112b4,0.0,Olena+e2@nexudus.com,2026-08-25T20:41:15Z
1457716434,,,,,,,,,False,EUR,2023-08-06T19:55:38Z,1429951435,INV-0026,True,2023-08-03T19:59:21Z,,,,,2023-08-03T19:55:38Z,0.0,,Q3 Town Hall: General Admission (Jacqueline Wilson),,,,General Admission,4741f7e2-d433-46f5-9113-07947a363355,,EVT-001,Event Revenue,,False,False,False,False,e04f71a2-c16f-4b29-ab48-6e5869c3476e,,7,,1,False,,,2026-11-21T12:00:00Z,0.0,,,0.0,[No Tax],0.0,Q3 Town Hall: General Admission (Jacqueline Wilson),ead8a1c3-3e3e-4ccb-8fdd-133027e73226,0.0,Olena+e2@nexudus.com,2026-08-25T20:41:15Z
1457716435,,,,,,,,,False,EUR,2023-08-06T19:55:38Z,1429951435,INV-0026,True,2023-08-03T19:59:21Z,,,,,2023-08-03T19:55:38Z,0.0,,Product Demo Night: General Admission (Jacqueline Wilson),,,,General Admission,59bbbf3e-9aba-4e9c-a87f-aa129a669c9c,,EVT-001,Event Revenue,,False,False,False,False,e04f71a2-c16f-4b29-ab48-6e5869c3476e,,8,,1,False,,,2026-11-26T18:00:00Z,10.0,,,0.0,[No Tax],0.0,Product Demo Night: General Admission (Jacqueline Wilson),63dbff81-9bd9-4bfa-ba72-f20652e30053,10.0,Olena+e2@nexudus.com,2026-08-25T20:41:15Z
1457716840,,,,,,,,,False,EUR,2023-08-06T19:55:38Z,1429951435,INV-0026,True,2023-08-03T19:59:21Z,,,,,2023-08-03T19:55:38Z,0.0,,Holiday Party: General Admission (Jacqueline Wilson),,,,General Admission,7cc2d322-cba4-4356-8e0a-668f056eab6f,,EVT-001,Event Revenue,,False,False,False,False,e04f71a2-c16f-4b29-ab48-6e5869c3476e,,9,,1,False,,,2026-12-11T18:00:00Z,25.0,,,0.0,[No Tax],0.0,Holiday Party: General Admission (Jacqueline Wilson),bd4e539d-2557-4e84-9428-b21b928a435c,25.0,Olena+e2@nexudus.com,2026-08-25T20:41:15Z
1457716841,,,,,950eca22-a893-4bf2-8a07-e8f9121f66eb,,,,False,EUR,2025-06-02T19:55:40Z,1429951436,INV-0028,True,2025-05-30T19:59:24Z,,,,,2025-05-30T19:55:40Z,0.0,,Dedicated Desk Monthly,,,,,,,MEM-001,Membership Revenue,,False,False,False,False,e04f71a2-c16f-4b29-ab48-6e5869c3476e,,0,,1,False,,,2025-01-07T22:00:00Z,350.0,,Dedicated Desk Monthly,0.0,[No Tax],0.0,Dedicated Desk Monthly,03d6361b-506f-4161-8cdf-bb0282428b32,350.0,Olena+e2@nexudus.com,2026-08-25T20:41:16Z
1457716842,,,,,950eca22-a893-4bf2-8a07-e8f9121f66eb,,,,False,EUR,2025-06-02T19:55:40Z,1429951436,INV-0028,True,2025-05-30T19:59:24Z,Mail Handling,a78404c1-12ae-40c9-8011-8524efe981d6,,,2025-05-30T19:55:40Z,0.0,,Mail Handling,,,,,,,PRD-001,Product Sales,,False,False,False,False,e04f71a2-c16f-4b29-ab48-6e5869c3476e,,1,,1,False,,,2026-04-05T00:00:00Z,20.0,,,0.0,[No Tax],0.0,Mail Handling,09ce319e-ca37-4c2f-a9ab-0c77de20d7e3,20.0,Olena+e2@nexudus.com,2026-08-25T20:41:16Z
1457716843,,,,,,,,,False,EUR,2025-06-02T19:55:40Z,1429951436,INV-0028,True,2025-05-30T19:59:24Z,,,,,2025-05-30T19:55:40Z,0.0,,Q3 Town Hall: General Admission (Suzanne Phillips),,,,General Admission,0abd3210-2c26-4a46-9962-35ac052dee1c,,EVT-001,Event Revenue,,False,False,False,False,e04f71a2-c16f-4b29-ab48-6e5869c3476e,,2,,1,False,,,2026-11-21T12:00:00Z,0.0,,,0.0,[No Tax],0.0,Q3 Town Hall: General Admission (Suzanne Phillips),4cef9f18-a7c4-4db0-bca3-8dfd1d3e8420,0.0,Olena+e2@nexudus.com,2026-08-25T20:41:16Z
1457716844,,,,,ccd407f4-d6ae-4205-b329-40995062b471,,,,False,EUR,2023-05-08T19:55:43Z,1429951437,INV-0030,True,2023-05-05T19:59:26Z,,,,,2023-05-05T19:55:43Z,0.0,,Flex Weekly,,,,,,,MEM-001,Membership Revenue,,False,False,False,False,e04f71a2-c16f-4b29-ab48-6e5869c3476e,,0,,1,False,,,2022-09-13T23:00:00Z,44.93,,Flex Weekly,0.0,[No Tax],0.0,Flex Weekly,3d11418b-b334-44a9-b2f5-83e59669cc1b,44.93,Olena+e2@nexudus.com,2026-08-25T20:41:59Z
1457716845,,,,,ccd407f4-d6ae-4205-b329-40995062b471,,,,False,EUR,2023-05-08T19:55:43Z,1429951437,INV-0030,True,2023-05-05T19:59:26Z,Mail Handling,f7cfbc1e-cd99-465e-865b-2e8b60c46aab,,,2023-05-05T19:55:43Z,0.0,,Mail Handling,,,,,,,PRD-001,Product Sales,,False,False,False,False,e04f71a2-c16f-4b29-ab48-6e5869c3476e,,1,,1,False,,,2026-01-04T00:00:00Z,20.0,,,0.0,[No Tax],0.0,Mail Handling,672d78bb-b7c9-4966-8ae2-b1f6695aa6c3,20.0,Olena+e2@nexudus.com,2026-08-25T20:41:59Z
1457716846,,,,,781538a4-db48-41af-94b7-a95db4b148a4,,,,False,EUR,2025-02-04T19:55:44Z,1429951438,INV-0031,True,2025-02-01T19:59:26Z,,,,,2025-02-01T19:55:44Z,0.0,,Private Office Large,,,,,,,MEM-001,Membership Revenue,,False,False,False,False,e04f71a2-c16f-4b29-ab48-6e5869c3476e,,0,,1,False,,,2024-03-28T22:00:00Z,2000.0,,Private Office Large,0.0,[No Tax],0.0,Private Office Large,588e5b68-95a3-4ea2-8a0a-d4e52e9ffec7,2000.0,Olena+e2@nexudus.com,2026-08-25T20:41:59Z
1457716847,0b8ba68b-4315-49e5-b87a-66e82c32164f,,,,,,,,False,EUR,2025-02-04T19:55:44Z,1429951438,INV-0031,True,2025-02-01T19:59:26Z,Catering - Lunch,eff8d23f-7adc-4596-b5e8-c5ffd3665257,,,2025-02-01T19:55:44Z,0.0,,- Catering - Lunch,,,,,,,PRD-001,Product Sales,,False,False,False,False,e04f71a2-c16f-4b29-ab48-6e5869c3476e,,1,,1,False,,,2026-01-25T19:00:00Z,15.0,,,0.0,[No Tax],0.0,- Catering - Lunch,43b8f836-9938-4d66-a7cc-2329212bf2bb,15.0,Olena+e2@nexudus.com,2026-08-25T20:41:59Z
1457716848,,,,,,,,,False,EUR,2025-02-04T19:55:44Z,1429951438,INV-0031,True,2025-02-01T19:59:26Z,,,Day Pass,5e0c1c17-f40a-424e-949c-be114e6a2b48,2025-02-01T19:55:44Z,0.0,,Day Pass [25/08/2026],,,,,,,,,,False,False,False,False,e04f71a2-c16f-4b29-ab48-6e5869c3476e,,2,,1,False,,,2026-08-25T19:49:00Z,25.0,,,0.0,[No Tax],0.0,Day Pass [25/08/2026],b8b6d983-ea05-4c92-ae4d-cedfa9c24038,25.0,Olena+e2@nexudus.com,2026-08-25T20:41:59Z
1457716849,,,,,,,,,False,EUR,2025-02-04T19:55:44Z,1429951438,INV-0031,True,2025-02-01T19:59:26Z,,,,,2025-02-01T19:55:44Z,0.0,,New Year Kickoff Breakfast: General Admission (Charles Kelly),,,,General Admission,c3aff07d-7c25-4216-a22d-9e81faa8734a,,EVT-001,Event Revenue,,False,False,False,False,e04f71a2-c16f-4b29-ab48-6e5869c3476e,,3,,1,False,,,2026-09-24T09:00:00Z,10.0,,,0.0,[No Tax],0.0,New Year Kickoff Breakfast: General Admission (Charles Kelly),46081b30-fcca-48fa-b787-0f34360ddcf2,10.0,Olena+e2@nexudus.com,2026-08-25T20:41:59Z
1457716850,,,,,,,,,False,EUR,2025-02-04T19:55:44Z,1429951438,INV-0031,True,2025-02-01T19:59:26Z,,,,,2025-02-01T19:55:44Z,0.0,,Product Demo Night: General Admission (Charles Kelly),,,,General Admission,2f36fbbf-0731-4596-9bd4-d36e0637d0a4,,EVT-001,Event Revenue,,False,False,False,False,e04f71a2-c16f-4b29-ab48-6e5869c3476e,,4,,1,False,,,2026-11-26T18:00:00Z,10.0,,,0.0,[No Tax],0.0,Product Demo Night: General Admission (Charles Kelly),41c6f1f7-8342-4b3b-9472-44841ed9f8ca,10.0,Olena+e2@nexudus.com,2026-08-25T20:41:59Z
1457716851,,,,,6acc60d5-2a7c-4023-bf11-020713224bb0,,,,False,EUR,2026-08-14T19:55:46Z,1429951439,INV-0032,True,2026-08-11T19:59:27Z,,,,,2026-08-11T19:55:46Z,0.0,,Private Office Large,,,,,,,MEM-001,Membership Revenue,,False,False,False,False,e04f71a2-c16f-4b29-ab48-6e5869c3476e,,0,,1,False,,,2025-10-26T23:00:00Z,2000.0,,Private Office Large,0.0,[No Tax],0.0,Private Office Large,1ae01de5-df4c-406f-b80d-f3c40e8c642e,2000.0,Olena+e2@nexudus.com,2026-08-25T20:42:00Z
1457716852,,,,,,,,,False,EUR,2026-08-14T19:55:46Z,1429951439,INV-0032,True,2026-08-11T19:59:27Z,,,,,2026-08-11T19:55:46Z,0.0,,New Member Orientation: General Admission (Rachael Byrne),,,,General Admission,82897b6a-58ea-4edb-824f-8c9f23dd8f0b,,EVT-001,Event Revenue,,False,False,False,False,e04f71a2-c16f-4b29-ab48-6e5869c3476e,,1,,1,False,,,2026-07-23T12:00:00Z,10.0,,,0.0,[No Tax],0.0,New Member Orientation: General Admission (Rachael Byrne),34fdc954-3ca2-420a-b1d4-6df1e5c3272d,10.0,Olena+e2@nexudus.com,2026-08-25T20:42:00Z
1457716853,,,,,e527c6bd-940d-497a-aabe-c86ba8c0a73f,,,,False,EUR,2025-10-04T19:55:48Z,1429951440,INV-0033,True,2025-10-01T19:59:28Z,,,,,2025-10-01T19:55:48Z,0.0,,Hot Desk Monthly,,,,,,,MEM-001,Membership Revenue,,False,False,False,False,e04f71a2-c16f-4b29-ab48-6e5869c3476e,,0,,1,False,,,2024-06-23T22:00:00Z,150.0,,Hot Desk Monthly,0.0,[No Tax],0.0,Hot Desk Monthly,e80c08b2-9840-4244-b409-5edcc8ff044d,150.0,Olena+e2@nexudus.com,2026-08-25T20:42:01Z
1457716854,,,,,,,,,False,EUR,2025-10-04T19:55:48Z,1429951440,INV-0033,True,2025-10-01T19:59:28Z,,,,,2025-10-01T19:55:48Z,0.0,,Wellness Wednesday: Meditation: General Admission (Danny Hale),,,,General Admission,c30507de-d842-42c3-a4ac-17cf0a8b6936,,EVT-001,Event Revenue,,False,False,False,False,e04f71a2-c16f-4b29-ab48-6e5869c3476e,,1,,1,False,,,2026-04-03T09:00:00Z,0.0,,,0.0,[No Tax],0.0,Wellness Wednesday: Meditation: General Admission (Danny Hale),f6b85944-8776-443a-860d-dc56814940e5,0.0,Olena+e2@nexudus.com,2026-08-25T20:42:01Z
1457716855,8c9d3585-3bc4-4f46-b914-ad673cedc0e2,,,,,,,,False,EUR,2025-10-04T19:55:48Z,1429951440,INV-0033,True,2025-10-01T19:59:28Z,Catering - Lunch,fa10a927-8e47-4803-8846-3ceb709210a1,,,2025-10-01T19:55:48Z,0.0,,- Catering - Lunch,,,,,,,PRD-001,Product Sales,,False,False,False,False,e04f71a2-c16f-4b29-ab48-6e5869c3476e,,2,,1,False,,,2026-04-16T10:00:00Z,15.0,,,0.0,[No Tax],0.0,- Catering - Lunch,531356f5-197d-45a4-9ba7-f669408c043b,15.0,Olena+e2@nexudus.com,2026-08-25T20:42:01Z
1457716856,,,,,,,,,False,EUR,2025-10-04T19:55:48Z,1429951440,INV-0033,True,2025-10-01T19:59:28Z,,,Day Pass,5e23b17c-9e50-4dce-832a-5152376c7a2f,2025-10-01T19:55:48Z,0.0,,Day Pass [25/08/2026],,,,,,,,,,False,False,False,False,e04f71a2-c16f-4b29-ab48-6e5869c3476e,,3,,1,False,,,2026-08-25T19:47:56Z,25.0,,,0.0,[No Tax],0.0,Day Pass [25/08/2026],61db86c5-4e8f-49c7-8d32-110e5d7f4663,25.0,Olena+e2@nexudus.com,2026-08-25T20:42:01Z
1457716857,,,,,68bd8cc1-9fd2-4208-b2d2-cb3b487065c2,,,,False,EUR,2022-09-28T19:55:49Z,1429951441,INV-0034,True,2022-09-25T19:59:29Z,,,,,2022-09-25T19:55:49Z,0.0,,Hot Desk Monthly,,,,,,,MEM-001,Membership Revenue,,False,False,False,False,e04f71a2-c16f-4b29-ab48-6e5869c3476e,,0,,1,False,,,2021-04-15T23:00:00Z,150.0,,Hot Desk Monthly,0.0,[No Tax],0.0,Hot Desk Monthly,04169935-6a53-4f84-b78d-344c5c187ac6,150.0,Olena+e2@nexudus.com,2026-08-25T20:42:01Z
1457716858,,,,,,,,,False,EUR,2022-09-28T19:55:49Z,1429951441,INV-0034,True,2022-09-25T19:59:29Z,,,,,2022-09-25T19:55:49Z,0.0,,Summer BBQ: General Admission (Wayne Davidson),,,,General Admission,a70a3029-10d0-4486-b3f4-e230d33bf1ab,,EVT-001,Event Revenue,,False,False,False,False,e04f71a2-c16f-4b29-ab48-6e5869c3476e,,1,,1,False,,,2026-07-18T12:00:00Z,0.0,,,0.0,[No Tax],0.0,Summer BBQ: General Admission (Wayne Davidson),efdadf0c-41a7-4139-a278-5b5f9b90286e,0.0,Olena+e2@nexudus.com,2026-08-25T20:42:01Z
1457716859,,,,,,,,,False,EUR,2022-09-28T19:55:49Z,1429951441,INV-0034,True,2022-09-25T19:59:29Z,,,Half Day Pass,4bef58e9-f2aa-445f-a94a-6bf9c22edf83,2022-09-25T19:55:49Z,0.0,,Half Day Pass [25/08/2026],,,,,,,,,,False,False,False,False,e04f71a2-c16f-4b29-ab48-6e5869c3476e,,2,,1,False,,,2026-08-25T19:47:58Z,15.0,,,0.0,[No Tax],0.0,Half Day Pass [25/08/2026],ff6168f1-a33a-48b5-90b5-f240a9c75fb1,15.0,Olena+e2@nexudus.com,2026-08-25T20:42:01Z
1457716860,,,,,,,,,False,EUR,2022-09-28T19:55:49Z,1429951441,INV-0034,True,2022-09-25T19:59:29Z,,,,,2022-09-25T19:55:49Z,0.0,,Product Demo Night: General Admission (Wayne Davidson),,,,General Admission,4f48af19-bc51-4819-ac28-f49ad83149bf,,EVT-001,Event Revenue,,False,False,False,False,e04f71a2-c16f-4b29-ab48-6e5869c3476e,,3,,1,False,,,2026-11-26T18:00:00Z,10.0,,,0.0,[No Tax],0.0,Product Demo Night: General Admission (Wayne Davidson),1706aafd-f1d8-4d23-86ce-0c1ac8716111,10.0,Olena+e2@nexudus.com,2026-08-25T20:42:01Z
1457716861,,,,,41e0155f-37b5-4878-8b18-8efdab992fb1,,,,False,EUR,2025-10-12T19:55:57Z,1429951442,INV-0038,True,2025-10-09T19:59:32Z,,,,,2025-10-09T19:55:57Z,0.0,,Hot Desk Quarterly,,,,,,,MEM-001,Membership Revenue,,False,False,False,False,e04f71a2-c16f-4b29-ab48-6e5869c3476e,,0,,1,False,,,2024-01-28T23:00:00Z,359.14,,Hot Desk Quarterly,0.0,[No Tax],0.0,Hot Desk Quarterly,50f3d249-5de8-4930-9958-2a183cd316ca,359.14,Olena+e2@nexudus.com,2026-08-25T20:42:04Z
1457716862,,,,,deb914d0-ec9e-45b0-8927-b1f8a20aa6bf,,,,False,EUR,2024-10-07T19:56:00Z,1429951443,INV-0040,True,2024-10-04T19:59:33Z,,,,,2024-10-04T19:56:00Z,0.0,,Flex Fortnightly,,,,,,,MEM-001,Membership Revenue,,False,False,False,False,e04f71a2-c16f-4b29-ab48-6e5869c3476e,,0,,1,False,,,2023-08-09T22:00:00Z,250.0,,Flex Fortnightly,0.0,[No Tax],0.0,Flex Fortnightly,bb6d578d-6e86-4eb6-9989-d87d7201e058,250.0,Olena+e2@nexudus.com,2026-08-25T20:42:06Z
1457716863,,,,,deb914d0-ec9e-45b0-8927-b1f8a20aa6bf,,,,False,EUR,2024-10-07T19:56:00Z,1429951443,INV-0040,True,2024-10-04T19:59:33Z,Parking Space,6c73e247-6112-497f-8af4-4021132a37c9,,,2024-10-04T19:56:00Z,0.0,,Parking Space,,,,,,,PRD-001,Product Sales,,False,False,False,False,e04f71a2-c16f-4b29-ab48-6e5869c3476e,,1,,1,False,,,2025-06-29T22:00:00Z,75.0,,,0.0,[No Tax],0.0,Parking Space,946ffe73-6b5f-47c1-911d-171d592cd527,75.0,Olena+e2@nexudus.com,2026-08-25T20:42:06Z
1457716864,,,,,1657f767-e59a-49fc-a23b-effc1bee7fee,,,,False,EUR,2026-02-19T19:56:07Z,1429951444,INV-0042,True,2026-02-16T19:59:35Z,,,,,2026-02-16T19:56:07Z,0.0,,Private Office Large,,,,,,,MEM-001,Membership Revenue,,False,False,False,False,e04f71a2-c16f-4b29-ab48-6e5869c3476e,,0,,1,False,,,2024-08-26T23:00:00Z,2000.0,,Private Office Large,0.0,[No Tax],0.0,Private Office Large,43b137b1-5370-4583-83bb-441ff5e99d85,2000.0,Olena+e2@nexudus.com,2026-08-25T20:42:07Z
1457716865,,,,3d7e1e5d-111b-4899-a163-cbea524ce435,2784e367-fba2-4cc7-bea2-ee5c970deec5,,,,False,EUR,2026-02-19T19:56:07Z,1429951444,INV-0042,True,2026-02-16T19:59:35Z,,,,,2026-02-16T19:56:07Z,0.0,,Dedicated Desk Monthly (Sarah Reed),0.0,,,,,,MEM-001,Membership Revenue,,False,False,False,False,e04f71a2-c16f-4b29-ab48-6e5869c3476e,,1,,1,False,,,2024-08-26T23:00:00Z,350.0,,Dedicated Desk Monthly,0.0,[No Tax],0.0,Dedicated Desk Monthly (Sarah Reed),c0bd2bab-98cc-48df-8999-a93bf31a0e7d,350.0,Olena+e2@nexudus.com,2026-08-25T20:42:07Z
1457716866,,,,e7f3d282-ef9b-472e-ab38-5a7565be1b81,2784e367-fba2-4cc7-bea2-ee5c970deec5,,,,False,EUR,2026-02-19T19:56:07Z,1429951444,INV-0042,True,2026-02-16T19:59:35Z,Parking Space,6e69e6e8-6ddb-4508-a876-0fa7288e21fc,,,2026-02-16T19:56:07Z,0.0,,Parking Space (Sarah Reed),0.0,,,,,,PRD-001,Product Sales,,False,False,False,False,e04f71a2-c16f-4b29-ab48-6e5869c3476e,,2,,1,False,,,2025-08-29T22:00:00Z,75.0,,,0.0,[No Tax],0.0,Parking Space (Sarah Reed),16b62265-0027-472e-9b50-c3994486620f,75.0,Olena+e2@nexudus.com,2026-08-25T20:42:07Z
1457716867,,,,962fed31-dead-49fa-a31d-12310f8d4f9d,2784e367-fba2-4cc7-bea2-ee5c970deec5,,,,False,EUR,2026-02-19T19:56:07Z,1429951444,INV-0042,True,2026-02-16T19:59:35Z,,,,,2026-02-16T19:56:07Z,0.0,,Dedicated Desk Monthly (Sarah Reed),0.0,,,,,,MEM-001,Membership Revenue,,False,False,False,False,e04f71a2-c16f-4b29-ab48-6e5869c3476e,,3,,1,False,,,2024-08-26T23:00:00Z,350.0,,Dedicated Desk Monthly,0.0,[No Tax],0.0,Dedicated Desk Monthly (Sarah Reed),fc1092e0-3681-4ee5-9a47-f31fe2fa20a2,350.0,Olena+e2@nexudus.com,2026-08-25T20:42:07Z
1457716868,,,,3a883dce-28b4-43bf-a143-bea0aa115ab8,2784e367-fba2-4cc7-bea2-ee5c970deec5,,,,False,EUR,2026-02-19T19:56:07Z,1429951444,INV-0042,True,2026-02-16T19:59:35Z,Parking Space,d20ff7e6-e876-4b69-9371-c821e784442b,,,2026-02-16T19:56:07Z,0.0,,Parking Space (Sarah Reed),0.0,,,,,,PRD-001,Product Sales,,False,False,False,False,e04f71a2-c16f-4b29-ab48-6e5869c3476e,,4,,1,False,,,2025-09-29T22:00:00Z,75.0,,,0.0,[No Tax],0.0,Parking Space (Sarah Reed),be9f75fc-1909-449e-a26a-eb34db5bf2ea,75.0,Olena+e2@nexudus.com,2026-08-25T20:42:07Z
1457716869,,,,8332b079-259e-4747-86f5-598128c3b9f9,b26a2991-65b8-4cce-a087-2a1599b49542,,,,False,EUR,2026-02-19T19:56:07Z,1429951444,INV-0042,True,2026-02-16T19:59:35Z,,,,,2026-02-16T19:56:07Z,0.0,,Flex Fortnightly (Paula Harvey),0.0,,,,,,MEM-001,Membership Revenue,,False,False,False,False,e04f71a2-c16f-4b29-ab48-6e5869c3476e,,5,,1,False,,,2024-08-26T23:00:00Z,227.46,,Flex Fortnightly,0.0,[No Tax],0.0,Flex Fortnightly (Paula Harvey),d2b34e11-8394-48ff-ba03-24a589febf04,227.46,Olena+e2@nexudus.com,2026-08-25T20:42:07Z
1457716870,,,,6a74260d-e9d5-422f-b7e3-5418e7d367de,b26a2991-65b8-4cce-a087-2a1599b49542,,,,False,EUR,2026-02-19T19:56:07Z,1429951444,INV-0042,True,2026-02-16T19:59:35Z,Mail Handling,1d270db9-d7bc-463e-9bc9-65ee7bc4b0fc,,,2026-02-16T19:56:07Z,0.0,,Mail Handling (Paula Harvey),0.0,,,,,,PRD-001,Product Sales,,False,False,False,False,e04f71a2-c16f-4b29-ab48-6e5869c3476e,,6,,1,False,,,2026-06-24T22:00:00Z,20.0,,,0.0,[No Tax],0.0,Mail Handling (Paula Harvey),a4571ea3-7c2a-4a51-a355-216752db7d1e,20.0,Olena+e2@nexudus.com,2026-08-25T20:42:07Z
1457716871,,,,aeb5b7f8-d36d-4173-851d-48c5258a51e6,b26a2991-65b8-4cce-a087-2a1599b49542,,,,False,EUR,2026-02-19T19:56:07Z,1429951444,INV-0042,True,2026-02-16T19:59:35Z,,,,,2026-02-16T19:56:07Z,0.0,,Flex Fortnightly (Paula Harvey),0.0,,,,,,MEM-001,Membership Revenue,,False,False,False,False,e04f71a2-c16f-4b29-ab48-6e5869c3476e,,7,,1,False,,,2024-08-26T23:00:00Z,227.46,,Flex Fortnightly,0.0,[No Tax],0.0,Flex Fortnightly (Paula Harvey),c58f1ff9-25d3-486f-a6ab-1e71d60c87f5,227.46,Olena+e2@nexudus.com,2026-08-25T20:42:07Z
1457716872,,,,920455f8-7c62-41f2-b89e-2aec0800fa04,b26a2991-65b8-4cce-a087-2a1599b49542,,,,False,EUR,2026-02-19T19:56:07Z,1429951444,INV-0042,True,2026-02-16T19:59:35Z,Mail Handling,e7078e7b-b4d2-4eb4-a709-93b4932b7194,,,2026-02-16T19:56:07Z,0.0,,Mail Handling (Paula Harvey),0.0,,,,,,PRD-001,Product Sales,,False,False,False,False,e04f71a2-c16f-4b29-ab48-6e5869c3476e,,8,,1,False,,,2026-07-08T22:00:00Z,20.0,,,0.0,[No Tax],0.0,Mail Handling (Paula Harvey),03ce6798-1a46-4743-8ee0-dbe8908b4b4a,20.0,Olena+e2@nexudus.com,2026-08-25T20:42:07Z
1457716873,,,,0bdf504d-6f95-44a7-bdf7-ca7867e20d5a,03dc1c2f-d72e-43d3-961a-1f9bd118e6c7,,,,False,EUR,2026-02-19T19:56:07Z,1429951444,INV-0042,True,2026-02-16T19:59:35Z,,,,,2026-02-16T19:56:07Z,0.0,,Private Office Large (Jay Rees),0.0,,,,,,MEM-001,Membership Revenue,,False,False,False,False,e04f71a2-c16f-4b29-ab48-6e5869c3476e,,9,,1,False,,,2024-08-26T23:00:00Z,2000.0,,Private Office Large,0.0,[No Tax],0.0,Private Office Large (Jay Rees),3981f5ad-4ca4-4e4b-bbb1-3dafee29c09e,2000.0,Olena+e2@nexudus.com,2026-08-25T20:42:07Z
1457716874,,,,858fa395-8944-491b-9e44-bee605b23291,03dc1c2f-d72e-43d3-961a-1f9bd118e6c7,,,,False,EUR,2026-02-19T19:56:07Z,1429951444,INV-0042,True,2026-02-16T19:59:35Z,,,,,2026-02-16T19:56:07Z,0.0,,Private Office Large (Jay Rees),0.0,,,,,,MEM-001,Membership Revenue,,False,False,False,False,e04f71a2-c16f-4b29-ab48-6e5869c3476e,,10,,1,False,,,2024-08-26T23:00:00Z,2000.0,,Private Office Large,0.0,[No Tax],0.0,Private Office Large (Jay Rees),8dadb41b-89aa-431b-9350-95bb2f447e90,2000.0,Olena+e2@nexudus.com,2026-08-25T20:42:07Z
1457716875,,,,786e976a-32ca-4c8f-a92a-fbb7af85b22f,3ff972cd-d4b0-4f63-84b9-51e794a77aad,,,,False,EUR,2026-02-19T19:56:07Z,1429951444,INV-0042,True,2026-02-16T19:59:35Z,,,,,2026-02-16T19:56:07Z,0.0,,Dedicated Desk Monthly (Janice Glover),0.0,,,,,,MEM-001,Membership Revenue,,False,False,False,False,e04f71a2-c16f-4b29-ab48-6e5869c3476e,,11,,1,False,,,2024-08-26T23:00:00Z,299.41,,Dedicated Desk Monthly,0.0,[No Tax],0.0,Dedicated Desk Monthly (Janice Glover),9b170a3c-e4ca-4b84-83c7-0bcfb094c91b,299.41,Olena+e2@nexudus.com,2026-08-25T20:42:07Z
1457716876,,,,,2ea47e1e-3154-4e0a-89fd-6878233ad8fa,,,,False,EUR,2024-07-09T19:56:09Z,1429951445,INV-0043,True,2024-07-06T19:59:36Z,,,,,2024-07-06T19:56:09Z,0.0,,Private Office Small,,,,,,,MEM-001,Membership Revenue,,False,False,False,False,e04f71a2-c16f-4b29-ab48-6e5869c3476e,,0,,1,False,,,2023-01-18T23:00:00Z,1200.0,,Private Office Small,0.0,[No Tax],0.0,Private Office Small,ec96ec4d-97df-4a1e-84de-a826cdd1aa19,1200.0,Olena+e2@nexudus.com,2026-08-25T20:42:08Z
1457716877,,,,,c2034b47-1027-4fec-b92a-064d48bdd135,,,,False,EUR,2026-02-09T19:56:12Z,1429951446,INV-0044,True,2026-02-06T19:59:36Z,,,,,2026-02-06T19:56:12Z,0.0,,Private Office Large,,,,,,,MEM-001,Membership Revenue,,False,False,False,False,e04f71a2-c16f-4b29-ab48-6e5869c3476e,,0,,1,False,,,2024-08-17T23:00:00Z,2000.0,,Private Office Large,0.0,[No Tax],0.0,Private Office Large,b15cb11f-ba2d-405b-a795-500330d7843c,2000.0,Olena+e2@nexudus.com,2026-08-25T20:42:08Z
1457716878,,,,,d8fcb41e-c8fa-433d-908b-60666b7f302a,,,,False,EUR,2024-08-22T19:56:16Z,1429951447,INV-0045,True,2024-08-19T19:59:37Z,,,,,2024-08-19T19:56:16Z,0.0,,Dedicated Desk Monthly,,,,,,,MEM-001,Membership Revenue,,False,False,False,False,e04f71a2-c16f-4b29-ab48-6e5869c3476e,,0,,1,False,,,2024-06-25T22:00:00Z,350.0,,Dedicated Desk Monthly,0.0,[No Tax],0.0,Dedicated Desk Monthly,6f795644-9d96-45aa-b39f-9c235e6e6ea0,350.0,Olena+e2@nexudus.com,2026-08-25T20:42:09Z
1457716879,,,,,d8fcb41e-c8fa-433d-908b-60666b7f302a,,,,False,EUR,2024-08-22T19:56:16Z,1429951447,INV-0045,True,2024-08-19T19:59:37Z,Storage Locker,80d048ed-87c8-4be4-91ed-db7c7d887119,,,2024-08-19T19:56:16Z,0.0,,Storage Locker,,,,,,,PRD-001,Product Sales,,False,False,False,False,e04f71a2-c16f-4b29-ab48-6e5869c3476e,,1,,1,False,,,2026-07-01T22:00:00Z,30.0,,,0.0,[No Tax],0.0,Storage Locker,189619f6-8ae2-41e2-81ea-89503e8b4998,30.0,Olena+e2@nexudus.com,2026-08-25T20:42:09Z
1457716880,,,,,41332a58-04d0-4722-aca4-36963b1503e8,,,,False,EUR,2026-05-30T19:56:25Z,1429951448,INV-0049,True,2026-05-27T20:00:27Z,,,,,2026-05-27T19:56:25Z,0.0,,Dedicated Desk Monthly,,,,,,,MEM-001,Membership Revenue,,False,False,False,False,e04f71a2-c16f-4b29-ab48-6e5869c3476e,,0,,1,False,,,2026-02-03T22:00:00Z,315.34,,Dedicated Desk Monthly,0.0,[No Tax],0.0,Dedicated Desk Monthly,47e9ccba-f572-4c8f-88d0-f411e1359772,315.34,Olena+e2@nexudus.com,2026-08-25T20:42:12Z
1457716881,,,,,41332a58-04d0-4722-aca4-36963b1503e8,,,,False,EUR,2026-05-30T19:56:25Z,1429951448,INV-0049,True,2026-05-27T20:00:27Z,Mail Handling,0d765f05-88f9-455d-9f01-171e11cda4b3,,,2026-05-27T19:56:25Z,0.0,,Mail Handling,,,,,,,PRD-001,Product Sales,,False,False,False,False,e04f71a2-c16f-4b29-ab48-6e5869c3476e,,1,,1,False,,,2026-05-05T00:00:00Z,20.0,,,0.0,[No Tax],0.0,Mail Handling,3e4b7228-b146-4736-8ec5-3196e6e879fc,20.0,Olena+e2@nexudus.com,2026-08-25T20:42:12Z
1457716882,,,,,4b53d880-9f48-413b-ae36-19577fb6e8ec,,,,False,EUR,2024-01-29T19:56:26Z,1429951449,INV-0050,True,2024-01-26T20:00:28Z,,,,,2024-01-26T19:56:26Z,0.0,,Hot Desk Quarterly,,,,,,,MEM-001,Membership Revenue,,False,False,False,False,e04f71a2-c16f-4b29-ab48-6e5869c3476e,,0,,1,False,,,2024-01-15T22:00:00Z,352.56,,Hot Desk Quarterly,0.0,[No Tax],0.0,Hot Desk Quarterly,c7cb6534-d337-4b3b-83bb-bff7a2dd5756,352.56,Olena+e2@nexudus.com,2026-08-25T20:42:13Z
1457716883,,,,,71cddcc6-d3b1-41d0-aad5-64b224327998,,,,False,EUR,2023-08-24T19:56:27Z,1429951450,INV-0051,True,2023-08-21T20:00:29Z,,,,,2023-08-21T19:56:27Z,0.0,,Hot Desk Monthly,,,,,,,MEM-001,Membership Revenue,,False,False,False,False,e04f71a2-c16f-4b29-ab48-6e5869c3476e,,0,,1,False,,,2023-07-05T22:00:00Z,130.75,,Hot Desk Monthly,0.0,[No Tax],0.0,Hot Desk Monthly,fd257d59-de5d-4781-929b-b874e7ff3c34,130.75,Olena+e2@nexudus.com,2026-08-25T20:42:13Z
1457716884,,,,,efa2ba9e-e139-4bf1-9a30-b2fcfaff8867,,,,False,EUR,2024-07-13T19:56:30Z,1429951451,INV-0053,True,2024-07-10T20:00:33Z,,,,,2024-07-10T19:56:30Z,0.0,,Dedicated Desk Monthly,,,,,,,MEM-001,Membership Revenue,,False,False,False,False,e04f71a2-c16f-4b29-ab48-6e5869c3476e,,0,,1,False,,,2024-03-13T22:00:00Z,350.0,,Dedicated Desk Monthly,0.0,[No Tax],0.0,Dedicated Desk Monthly,d35f5c55-f445-4a30-81d4-cc93fbd82ab2,350.0,Olena+e2@nexudus.com,2026-08-25T20:42:14Z
1457716885,,,,,88086567-17a0-4218-9b78-9c2e5dba4483,,,,False,EUR,2023-07-23T19:56:32Z,1429951452,INV-0055,True,2023-07-20T20:00:43Z,,,,,2023-07-20T19:56:32Z,0.0,,Hot Desk Monthly,,,,,,,MEM-001,Membership Revenue,,False,False,False,False,e04f71a2-c16f-4b29-ab48-6e5869c3476e,,0,,1,False,,,2022-09-22T23:00:00Z,134.94,,Hot Desk Monthly,0.0,[No Tax],0.0,Hot Desk Monthly,9ed25370-7603-4c08-9657-c94ae13d12e5,134.94,Olena+e2@nexudus.com,2026-08-25T20:42:16Z
1457716886,,,,,ccd407f4-d6ae-4205-b329-40995062b471,,,,False,EUR,2025-01-03T19:56:33Z,1429951453,INV-0056,True,2024-12-31T20:00:44Z,,,,,2024-12-31T19:56:33Z,0.0,,Flex Weekly,,,,,,,MEM-001,Membership Revenue,,False,False,False,False,e04f71a2-c16f-4b29-ab48-6e5869c3476e,,0,,1,False,,,2024-05-18T23:00:00Z,44.93,,Flex Weekly,0.0,[No Tax],0.0,Flex Weekly,8724743f-b703-4de2-a4a1-8f1686f2dd80,44.93,Olena+e2@nexudus.com,2026-08-25T20:42:16Z
1457716887,,,,,ccd407f4-d6ae-4205-b329-40995062b471,,,,False,EUR,2025-01-03T19:56:33Z,1429951453,INV-0056,True,2024-12-31T20:00:44Z,Mail Handling,993b8a05-69fa-4c5f-ae16-c13d84864e52,,,2024-12-31T19:56:33Z,0.0,,Mail Handling,,,,,,,PRD-001,Product Sales,,False,False,False,False,e04f71a2-c16f-4b29-ab48-6e5869c3476e,,1,,1,False,,,2026-01-10T23:00:00Z,20.0,,,0.0,[No Tax],0.0,Mail Handling,d9ca1185-4d6f-4616-b70a-938c3adf8de5,20.0,Olena+e2@nexudus.com,2026-08-25T20:42:16Z
1457716888,,,,,2b593c66-b701-450c-bd4b-6ac15d83abde,,,,False,EUR,2023-03-09T19:56:35Z,1429951454,INV-0058,True,2023-03-06T20:00:48Z,,,,,2023-03-06T19:56:35Z,0.0,,Flex Fortnightly,,,,,,,MEM-001,Membership Revenue,,False,False,False,False,e04f71a2-c16f-4b29-ab48-6e5869c3476e,,0,,1,False,,,2022-07-21T23:00:00Z,250.0,,Flex Fortnightly,0.0,[No Tax],0.0,Flex Fortnightly,2b6de808-533e-41aa-9589-9377d7aa1c70,250.0,Olena+e2@nexudus.com,2026-08-25T20:42:17Z
1457716889,,,,,2b593c66-b701-450c-bd4b-6ac15d83abde,,,,False,EUR,2023-03-09T19:56:35Z,1429951454,INV-0058,True,2023-03-06T20:00:48Z,Storage Locker,b71b280d-1404-4fc2-940b-396a325f28b4,,,2023-03-06T19:56:35Z,0.0,,Storage Locker,,,,,,,PRD-001,Product Sales,,False,False,False,False,e04f71a2-c16f-4b29-ab48-6e5869c3476e,,1,,1,False,,,2026-01-10T00:00:00Z,30.0,,,0.0,[No Tax],0.0,Storage Locker,2ce81cfa-60e2-4d02-8a42-215fa027dd11,30.0,Olena+e2@nexudus.com,2026-08-25T20:42:17Z
1457716890,,,,,080f8ea5-dcf0-401e-a264-fb8b2a6abf70,,,,False,EUR,2024-08-16T19:56:36Z,1429951455,INV-0059,True,2024-08-13T20:00:49Z,,,,,2024-08-13T19:56:36Z,0.0,,Flex Fortnightly,,,,,,,MEM-001,Membership Revenue,,False,False,False,False,e04f71a2-c16f-4b29-ab48-6e5869c3476e,,0,,1,False,,,2024-04-19T22:00:00Z,250.0,,Flex Fortnightly,0.0,[No Tax],0.0,Flex Fortnightly,c4769532-f619-48eb-a6be-543e73c94a9f,250.0,Olena+e2@nexudus.com,2026-08-25T20:42:58Z
1457716891,,,,,080f8ea5-dcf0-401e-a264-fb8b2a6abf70,,,,False,EUR,2024-08-16T19:56:36Z,1429951455,INV-0059,True,2024-08-13T20:00:49Z,Mail Handling,680461e4-6139-4893-8f58-c2fd1f577356,,,2024-08-13T19:56:36Z,0.0,,Mail Handling,,,,,,,PRD-001,Product Sales,,False,False,False,False,e04f71a2-c16f-4b29-ab48-6e5869c3476e,,1,,1,False,,,2026-05-02T00:00:00Z,20.0,,,0.0,[No Tax],0.0,Mail Handling,3f6798d8-9a0c-46db-8bbf-517aa7cb3803,20.0,Olena+e2@nexudus.com,2026-08-25T20:42:58Z
1457716892,,,,84349601-b2ac-4342-846d-75a573ac229c,cd2bbb2c-3654-4737-b0b9-5c046bade0a2,,,,False,EUR,2022-09-14T19:56:42Z,1429951456,INV-0062,True,2022-09-11T20:00:51Z,,,,,2022-09-11T19:56:42Z,0.0,,Dedicated Desk Monthly (Victor Harrison),0.0,,,,,,MEM-001,Membership Revenue,,False,False,False,False,e04f71a2-c16f-4b29-ab48-6e5869c3476e,,0,,1,False,,,2021-04-29T22:00:00Z,298.76,,Dedicated Desk Monthly,0.0,[No Tax],0.0,Dedicated Desk Monthly (Victor Harrison),2445602a-38a5-4714-93d1-4ffd7dbdb562,298.76,Olena+e2@nexudus.com,2026-08-25T20:43:00Z
1457716893,,,,139e57dd-f899-4e06-b74e-c1511efa961d,cd2bbb2c-3654-4737-b0b9-5c046bade0a2,,,,False,EUR,2022-09-14T19:56:42Z,1429951456,INV-0062,True,2022-09-11T20:00:51Z,Parking Space,96db1f6e-dc2b-4d6f-b889-39910293e611,,,2022-09-11T19:56:42Z,0.0,,Parking Space (Victor Harrison),0.0,,,,,,PRD-001,Product Sales,,False,False,False,False,e04f71a2-c16f-4b29-ab48-6e5869c3476e,,1,,1,False,,,2025-01-09T23:00:00Z,75.0,,,0.0,[No Tax],0.0,Parking Space (Victor Harrison),ae09fc08-a776-4a95-9000-406eaf940733,75.0,Olena+e2@nexudus.com,2026-08-25T20:43:00Z
1457716894,,,,5d6ac77d-96c5-4aef-80f5-1914e58b7bee,cd2bbb2c-3654-4737-b0b9-5c046bade0a2,,,,False,EUR,2022-09-14T19:56:42Z,1429951456,INV-0062,True,2022-09-11T20:00:51Z,,,,,2022-09-11T19:56:42Z,0.0,,Dedicated Desk Monthly (Victor Harrison),0.0,,,,,,MEM-001,Membership Revenue,,False,False,False,False,e04f71a2-c16f-4b29-ab48-6e5869c3476e,,2,,1,False,,,2021-04-29T22:00:00Z,298.76,,Dedicated Desk Monthly,0.0,[No Tax],0.0,Dedicated Desk Monthly (Victor Harrison),6fe92fce-1ec8-4020-94df-49bbd18f76bb,298.76,Olena+e2@nexudus.com,2026-08-25T20:43:00Z
1457716895,,,,eac20169-ac9c-4872-910e-f86c85ed28a7,cd2bbb2c-3654-4737-b0b9-5c046bade0a2,,,,False,EUR,2022-09-14T19:56:42Z,1429951456,INV-0062,True,2022-09-11T20:00:51Z,Parking Space,da14a768-5eef-4c38-96cc-7bba394a047b,,,2022-09-11T19:56:42Z,0.0,,Parking Space (Victor Harrison),0.0,,,,,,PRD-001,Product Sales,,False,False,False,False,e04f71a2-c16f-4b29-ab48-6e5869c3476e,,3,,1,False,,,2025-02-09T23:00:00Z,75.0,,,0.0,[No Tax],0.0,Parking Space (Victor Harrison),a8171710-2e1e-487e-8805-73a78c1d73c9,75.0,Olena+e2@nexudus.com,2026-08-25T20:43:00Z
1457716896,,,,a3eb5c70-1bb5-427f-823e-a55aeba65ee7,1eb0805e-661d-4d6b-8c84-2a6b07efda5f,,,,False,EUR,2022-09-14T19:56:42Z,1429951456,INV-0062,True,2022-09-11T20:00:51Z,,,,,2022-09-11T19:56:42Z,0.0,,Private Office Small (Ashley Smith),0.0,,,,,,MEM-001,Membership Revenue,,False,False,False,False,e04f71a2-c16f-4b29-ab48-6e5869c3476e,,4,,1,False,,,2021-04-29T22:00:00Z,1082.52,,Private Office Small,0.0,[No Tax],0.0,Private Office Small (Ashley Smith),eac10a9d-e495-4fb2-b5ae-fe51c477d68f,1082.52,Olena+e2@nexudus.com,2026-08-25T20:43:00Z
1457716897,,,,1c13b8b0-cd8c-4257-9e0d-e6e758a049ed,1eb0805e-661d-4d6b-8c84-2a6b07efda5f,,,,False,EUR,2022-09-14T19:56:42Z,1429951456,INV-0062,True,2022-09-11T20:00:51Z,Mail Handling,26538b8f-e12d-4628-bf8f-3ff280937fe7,,,2022-09-11T19:56:42Z,0.0,,Mail Handling (Ashley Smith),0.0,,,,,,PRD-001,Product Sales,,False,False,False,False,e04f71a2-c16f-4b29-ab48-6e5869c3476e,,5,,1,False,,,2025-02-16T23:00:00Z,20.0,,,0.0,[No Tax],0.0,Mail Handling (Ashley Smith),6b3a2ae4-4450-4b98-8930-e21a014a5b56,20.0,Olena+e2@nexudus.com,2026-08-25T20:43:00Z
1457716898,,,,1affb24c-7a75-4ac4-9562-42daf708c873,1eb0805e-661d-4d6b-8c84-2a6b07efda5f,,,,False,EUR,2022-09-14T19:56:42Z,1429951456,INV-0062,True,2022-09-11T20:00:51Z,,,,,2022-09-11T19:56:42Z,0.0,,Private Office Small (Ashley Smith),0.0,,,,,,MEM-001,Membership Revenue,,False,False,False,False,e04f71a2-c16f-4b29-ab48-6e5869c3476e,,6,,1,False,,,2021-04-29T22:00:00Z,1082.52,,Private Office Small,0.0,[No Tax],0.0,Private Office Small (Ashley Smith),2a321147-1c9e-494b-9551-6f716c3da471,1082.52,Olena+e2@nexudus.com,2026-08-25T20:43:00Z
1457716899,,,,143dc2e1-2ecc-4bba-a483-c70d2cb6ac9b,1eb0805e-661d-4d6b-8c84-2a6b07efda5f,,,,False,EUR,2022-09-14T19:56:42Z,1429951456,INV-0062,True,2022-09-11T20:00:51Z,Mail Handling,fca5706c-8d76-431e-bd25-bf4305ee3574,,,2022-09-11T19:56:42Z,0.0,,Mail Handling (Ashley Smith),0.0,,,,,,PRD-001,Product Sales,,False,False,False,False,e04f71a2-c16f-4b29-ab48-6e5869c3476e,,7,,1,False,,,2025-03-16T23:00:00Z,20.0,,,0.0,[No Tax],0.0,Mail Handling (Ashley Smith),37606206-1817-4b3a-b6c3-1cd26d9409a8,20.0,Olena+e2@nexudus.com,2026-08-25T20:43:00Z
1457716900,,,,,98b2ac8f-475a-4038-8609-c3387d034106,,,,False,EUR,2022-09-14T19:56:42Z,1429951456,INV-0062,True,2022-09-11T20:00:51Z,,,,,2022-09-11T19:56:42Z,0.0,,Flex Weekly,,,,,,,MEM-001,Membership Revenue,,False,False,False,False,e04f71a2-c16f-4b29-ab48-6e5869c3476e,,8,,1,False,,,2021-04-29T22:00:00Z,50.0,,Flex Weekly,0.0,[No Tax],0.0,Flex Weekly,c053a4bf-f859-4c05-9ba7-7579223119d7,50.0,Olena+e2@nexudus.com,2026-08-25T20:43:00Z
1457716901,,,,,98b2ac8f-475a-4038-8609-c3387d034106,,,,False,EUR,2022-09-14T19:56:42Z,1429951456,INV-0062,True,2022-09-11T20:00:51Z,Storage Locker,02b2ee9b-77a7-47c2-b4bd-41d5e53d1bea,,,2022-09-11T19:56:42Z,0.0,,Storage Locker,,,,,,,PRD-001,Product Sales,,False,False,False,False,e04f71a2-c16f-4b29-ab48-6e5869c3476e,,9,,1,False,,,2025-04-12T22:00:00Z,30.0,,,0.0,[No Tax],0.0,Storage Locker,f3048797-00dc-488e-b48f-bc4fbde9c276,30.0,Olena+e2@nexudus.com,2026-08-25T20:43:00Z
1457716902,,,,7f0b1df0-52d8-4ee4-b13f-fb0f94d11f27,60220ba8-8c23-4162-87fb-4501cabf33b0,,,,False,EUR,2022-09-14T19:56:42Z,1429951456,INV-0062,True,2022-09-11T20:00:51Z,,,,,2022-09-11T19:56:42Z,0.0,,Hot Desk Quarterly (Tracy Harrison),0.0,,,,,,MEM-001,Membership Revenue,,False,False,False,False,e04f71a2-c16f-4b29-ab48-6e5869c3476e,,10,,1,False,,,2021-04-29T22:00:00Z,361.68,,Hot Desk Quarterly,0.0,[No Tax],0.0,Hot Desk Quarterly (Tracy Harrison),b38ead46-7367-41a2-934c-a9984a956dd6,361.68,Olena+e2@nexudus.com,2026-08-25T20:43:00Z
1457716903,,,,da89ba6e-5a3a-41cf-b446-35d31cbf92be,60220ba8-8c23-4162-87fb-4501cabf33b0,,,,False,EUR,2022-09-14T19:56:42Z,1429951456,INV-0062,True,2022-09-11T20:00:51Z,Mail Handling,2d0327ee-bcba-48ac-a0d5-d414ed5ec18d,,,2022-09-11T19:56:42Z,0.0,,Mail Handling (Tracy Harrison),0.0,,,,,,PRD-001,Product Sales,,False,False,False,False,e04f71a2-c16f-4b29-ab48-6e5869c3476e,,11,,1,False,,,2025-06-11T22:00:00Z,20.0,,,0.0,[No Tax],0.0,Mail Handling (Tracy Harrison),065221fb-63a6-49a6-8bad-502c475f0490,20.0,Olena+e2@nexudus.com,2026-08-25T20:43:00Z
1457716904,,,,17fa9fe4-9738-4b0c-aff5-c3128f61ee57,b18bd23e-3578-4f5a-b185-b9f31fe0378f,,,,False,EUR,2022-09-14T19:56:42Z,1429951456,INV-0062,True,2022-09-11T20:00:51Z,,,,,2022-09-11T19:56:42Z,0.0,,Flex Fortnightly (Robin Andrews),0.0,,,,,,MEM-001,Membership Revenue,,False,False,False,False,e04f71a2-c16f-4b29-ab48-6e5869c3476e,,12,,1,False,,,2021-04-29T22:00:00Z,235.98,,Flex Fortnightly,0.0,[No Tax],0.0,Flex Fortnightly (Robin Andrews),3856ca22-3a7e-49df-bc2d-558b94508757,235.98,Olena+e2@nexudus.com,2026-08-25T20:43:00Z
1457716905,,,,1965cf52-4a69-421f-b419-78e22f8b4088,b18bd23e-3578-4f5a-b185-b9f31fe0378f,,,,False,EUR,2022-09-14T19:56:42Z,1429951456,INV-0062,True,2022-09-11T20:00:51Z,,,,,2022-09-11T19:56:42Z,0.0,,Flex Fortnightly (Robin Andrews),0.0,,,,,,MEM-001,Membership Revenue,,False,False,False,False,e04f71a2-c16f-4b29-ab48-6e5869c3476e,,13,,1,False,,,2021-04-29T22:00:00Z,235.98,,Flex Fortnightly,0.0,[No Tax],0.0,Flex Fortnightly (Robin Andrews),c1729e5c-0ac8-4dd0-bc96-d43504b27350,235.98,Olena+e2@nexudus.com,2026-08-25T20:43:00Z
1457716906,,,,8f813219-fd8f-4790-9773-dea9eab8c660,7129cea4-6c12-42bd-9565-7265f8b42fad,,,,False,EUR,2022-09-14T19:56:42Z,1429951456,INV-0062,True,2022-09-11T20:00:51Z,,,,,2022-09-11T19:56:42Z,0.0,,Hot Desk Monthly (Leanne Foster),0.0,,,,,,MEM-001,Membership Revenue,,False,False,False,False,e04f71a2-c16f-4b29-ab48-6e5869c3476e,,14,,1,False,,,2021-04-29T22:00:00Z,129.5,,Hot Desk Monthly,0.0,[No Tax],0.0,Hot Desk Monthly (Leanne Foster),f1ce8b06-3527-443a-9d01-1d845cb518ef,129.5,Olena+e2@nexudus.com,2026-08-25T20:43:00Z
1457716907,,,,1e2bf12c-78c2-4b3c-9aa3-19442693e981,7129cea4-6c12-42bd-9565-7265f8b42fad,,,,False,EUR,2022-09-14T19:56:42Z,1429951456,INV-0062,True,2022-09-11T20:00:51Z,Mail Handling,def1a1fd-ba1d-4c0c-8150-419f8bb060f3,,,2022-09-11T19:56:42Z,0.0,,Mail Handling (Leanne Foster),0.0,,,,,,PRD-001,Product Sales,,False,False,False,False,e04f71a2-c16f-4b29-ab48-6e5869c3476e,,15,,1,False,,,2025-07-21T22:00:00Z,20.0,,,0.0,[No Tax],0.0,Mail Handling (Leanne Foster),7af44b5f-dfd5-4f51-b4b7-3dd7e8b1bb49,20.0,Olena+e2@nexudus.com,2026-08-25T20:43:00Z
1457716908,,,,62a5e5e4-915e-49f1-ae89-a20b5955fa0f,7129cea4-6c12-42bd-9565-7265f8b42fad,,,,False,EUR,2022-09-14T19:56:42Z,1429951456,INV-0062,True,2022-09-11T20:00:51Z,,,,,2022-09-11T19:56:42Z,0.0,,Hot Desk Monthly<br/><small>Contract is frozen.</small> (Leanne Foster),0.0,,,,,,MEM-001,Membership Revenue,,False,False,False,False,e04f71a2-c16f-4b29-ab48-6e5869c3476e,,16,,1,False,,,2021-04-29T22:00:00Z,0.0,,Hot Desk Monthly,0.0,[No Tax],0.0,Hot Desk Monthly<br/><small>Contract is frozen.</small> (Leanne Foster),26fb3c74-697a-4f06-9f9e-c69f2c42465c,0.0,Olena+e2@nexudus.com,2026-08-25T20:43:00Z
1457716909,,,,138bf68d-d102-464f-b4ba-4d18d4a1914c,60220ba8-8c23-4162-87fb-4501cabf33b0,,,,False,EUR,2022-09-14T19:56:42Z,1429951456,INV-0062,True,2022-09-11T20:00:51Z,,,,,2022-09-11T19:56:42Z,0.0,,Hot Desk Quarterly (Tracy Harrison),0.0,,,,,,MEM-001,Membership Revenue,,False,False,False,False,e04f71a2-c16f-4b29-ab48-6e5869c3476e,,17,,1,False,,,2021-04-29T22:00:00Z,361.68,,Hot Desk Quarterly,0.0,[No Tax],0.0,Hot Desk Quarterly (Tracy Harrison),d4e2a3e1-7ef2-46eb-93ac-093d5f10398b,361.68,Olena+e2@nexudus.com,2026-08-25T20:43:00Z
1457716910,,,,c9d8a9b9-dfaa-46a6-babe-a115ca45cf01,60220ba8-8c23-4162-87fb-4501cabf33b0,,,,False,EUR,2022-09-14T19:56:42Z,1429951456,INV-0062,True,2022-09-11T20:00:51Z,Mail Handling,cef2c0cd-6d6b-4675-9440-4817cb19342a,,,2022-09-11T19:56:42Z,0.0,,Mail Handling (Tracy Harrison),0.0,,,,,,PRD-001,Product Sales,,False,False,False,False,e04f71a2-c16f-4b29-ab48-6e5869c3476e,,18,,1,False,,,2025-09-11T22:00:00Z,20.0,,,0.0,[No Tax],0.0,Mail Handling (Tracy Harrison),aef0e9f9-8cd8-463f-8eca-eeaa0699a0b4,20.0,Olena+e2@nexudus.com,2026-08-25T20:43:00Z
1457716911,,,,76f79ac8-9709-4eb8-972f-e70def75dabd,11351685-db46-4bc5-b905-1303b6682acc,,,,False,EUR,2022-09-14T19:56:42Z,1429951456,INV-0062,True,2022-09-11T20:00:51Z,,,,,2022-09-11T19:56:42Z,0.0,,Hot Desk Quarterly (Teresa Hopkins),0.0,,,,,,MEM-001,Membership Revenue,,False,False,False,False,e04f71a2-c16f-4b29-ab48-6e5869c3476e,,19,,1,False,,,2021-04-29T22:00:00Z,343.61,,Hot Desk Quarterly,0.0,[No Tax],0.0,Hot Desk Quarterly (Teresa Hopkins),f1d9733a-67b9-426b-9922-cb768f4dc9d7,343.61,Olena+e2@nexudus.com,2026-08-25T20:43:00Z
1457716912,,,,c147850b-0e59-4b6f-b07f-0e3aff90ae40,11351685-db46-4bc5-b905-1303b6682acc,,,,False,EUR,2022-09-14T19:56:42Z,1429951456,INV-0062,True,2022-09-11T20:00:51Z,,,,,2022-09-11T19:56:42Z,0.0,,Hot Desk Quarterly (Teresa Hopkins),0.0,,,,,,MEM-001,Membership Revenue,,False,False,False,False,e04f71a2-c16f-4b29-ab48-6e5869c3476e,,20,,1,False,,,2021-04-29T22:00:00Z,343.61,,Hot Desk Quarterly,0.0,[No Tax],0.0,Hot Desk Quarterly (Teresa Hopkins),eb5dfd47-8ec4-4936-9c51-ddeeaf330190,343.61,Olena+e2@nexudus.com,2026-08-25T20:43:00Z
1457716913,,,,acd3c0f2-406c-4dce-90da-21f88c7b4389,a98c8df6-34c6-4ab5-8b7c-ebe99a8fe589,,,,False,EUR,2022-09-14T19:56:42Z,1429951456,INV-0062,True,2022-09-11T20:00:51Z,,,,,2022-09-11T19:56:42Z,0.0,,Flex Fortnightly (Ashley Smith),0.0,,,,,,MEM-001,Membership Revenue,,False,False,False,False,e04f71a2-c16f-4b29-ab48-6e5869c3476e,,21,,1,False,,,2021-04-29T22:00:00Z,250.0,,Flex Fortnightly,0.0,[No Tax],0.0,Flex Fortnightly (Ashley Smith),1cc558e1-4026-400f-a91b-43116e6458c4,250.0,Olena+e2@nexudus.com,2026-08-25T20:43:00Z
1457716914,,,,e7c5d3e8-d558-46e2-9a74-5e967d0f2aed,a98c8df6-34c6-4ab5-8b7c-ebe99a8fe589,,,,False,EUR,2022-09-14T19:56:42Z,1429951456,INV-0062,True,2022-09-11T20:00:51Z,Parking Space,623a1f47-084b-4b8b-a403-3bfbc40baf91,,,2022-09-11T19:56:42Z,0.0,,Parking Space (Ashley Smith),0.0,,,,,,PRD-001,Product Sales,,False,False,False,False,e04f71a2-c16f-4b29-ab48-6e5869c3476e,,22,,1,False,,,2026-04-07T22:00:00Z,75.0,,,0.0,[No Tax],0.0,Parking Space (Ashley Smith),382ae8e5-6b37-4f35-b8dd-3226ff745b3a,75.0,Olena+e2@nexudus.com,2026-08-25T20:43:00Z
1457716915,,,,,d0e0f13b-7d3e-41fe-a05a-f7488fe8f088,,,,False,EUR,2026-04-06T19:56:44Z,1429951457,INV-0063,True,2026-04-03T20:00:52Z,,,,,2026-04-03T19:56:44Z,0.0,,Dedicated Desk Monthly,,,,,,,MEM-001,Membership Revenue,,False,False,False,False,e04f71a2-c16f-4b29-ab48-6e5869c3476e,,0,,1,False,,,2025-05-26T22:00:00Z,350.0,,Dedicated Desk Monthly,0.0,[No Tax],0.0,Dedicated Desk Monthly,863a72df-b935-42fa-8987-06dfc90370b9,350.0,Olena+e2@nexudus.com,2026-08-25T20:43:01Z
1457716916,,,,,d0e0f13b-7d3e-41fe-a05a-f7488fe8f088,,,,False,EUR,2026-04-06T19:56:44Z,1429951457,INV-0063,True,2026-04-03T20:00:52Z,Storage Locker,b19174eb-e8a6-44b5-876d-6980331c3b8b,,,2026-04-03T19:56:44Z,0.0,,Storage Locker,,,,,,,PRD-001,Product Sales,,False,False,False,False,e04f71a2-c16f-4b29-ab48-6e5869c3476e,,1,,1,False,,,2025-10-17T22:00:00Z,30.0,,,0.0,[No Tax],0.0,Storage Locker,1349bd56-5df9-4a75-afd7-272e906ceabc,30.0,Olena+e2@nexudus.com,2026-08-25T20:43:01Z
1457716917,,,,,1657f767-e59a-49fc-a23b-effc1bee7fee,,,,False,EUR,2025-01-11T19:56:53Z,1429951458,INV-0067,True,2025-01-08T20:00:56Z,,,,,2025-01-08T19:56:53Z,0.0,,Private Office Large,,,,,,,MEM-001,Membership Revenue,,False,False,False,False,e04f71a2-c16f-4b29-ab48-6e5869c3476e,,0,,1,False,,,2023-08-19T22:00:00Z,2000.0,,Private Office Large,0.0,[No Tax],0.0,Private Office Large,1ec78113-1e03-4d34-9f6d-e3b8d50745f7,2000.0,Olena+e2@nexudus.com,2026-08-25T20:43:04Z
1457716918,,,,1c682632-9ff8-4ff0-a59c-922fd1d9046e,2784e367-fba2-4cc7-bea2-ee5c970deec5,,,,False,EUR,2025-01-11T19:56:53Z,1429951458,INV-0067,True,2025-01-08T20:00:56Z,,,,,2025-01-08T19:56:53Z,0.0,,Dedicated Desk Monthly (Sarah Reed),0.0,,,,,,MEM-001,Membership Revenue,,False,False,False,False,e04f71a2-c16f-4b29-ab48-6e5869c3476e,,1,,1,False,,,2023-08-19T22:00:00Z,350.0,,Dedicated Desk Monthly,0.0,[No Tax],0.0,Dedicated Desk Monthly (Sarah Reed),025d3df9-2c2b-46ee-922a-89b5a175f499,350.0,Olena+e2@nexudus.com,2026-08-25T20:43:04Z
1457716919,,,,f392166f-0eaf-4e80-8703-313f49cf1d0d,2784e367-fba2-4cc7-bea2-ee5c970deec5,,,,False,EUR,2025-01-11T19:56:53Z,1429951458,INV-0067,True,2025-01-08T20:00:56Z,Parking Space,0cfa4f90-24da-4ce7-8d02-45c6193b59da,,,2025-01-08T19:56:53Z,0.0,,Parking Space (Sarah Reed),0.0,,,,,,PRD-001,Product Sales,,False,False,False,False,e04f71a2-c16f-4b29-ab48-6e5869c3476e,,2,,1,False,,,2025-10-29T23:00:00Z,75.0,,,0.0,[No Tax],0.0,Parking Space (Sarah Reed),86ede42e-b5a8-43d2-8e0e-5d7a19abc7a0,75.0,Olena+e2@nexudus.com,2026-08-25T20:43:04Z
1457716920,,,,4f900edd-743f-41c0-86e4-2908a1544634,2784e367-fba2-4cc7-bea2-ee5c970deec5,,,,False,EUR,2025-01-11T19:56:53Z,1429951458,INV-0067,True,2025-01-08T20:00:56Z,,,,,2025-01-08T19:56:53Z,0.0,,Dedicated Desk Monthly (Sarah Reed),0.0,,,,,,MEM-001,Membership Revenue,,False,False,False,False,e04f71a2-c16f-4b29-ab48-6e5869c3476e,,3,,1,False,,,2023-08-19T22:00:00Z,350.0,,Dedicated Desk Monthly,0.0,[No Tax],0.0,Dedicated Desk Monthly (Sarah Reed),f0043308-257b-4545-bbf5-063d3d2832ba,350.0,Olena+e2@nexudus.com,2026-08-25T20:43:04Z
1457716921,,,,9754b64f-b54d-4e5c-9879-e01eed9f9fe1,2784e367-fba2-4cc7-bea2-ee5c970deec5,,,,False,EUR,2025-01-11T19:56:53Z,1429951458,INV-0067,True,2025-01-08T20:00:56Z,Parking Space,89829a7e-e673-4d70-a411-70607c4a9027,,,2025-01-08T19:56:53Z,0.0,,Parking Space (Sarah Reed),0.0,,,,,,PRD-001,Product Sales,,False,False,False,False,e04f71a2-c16f-4b29-ab48-6e5869c3476e,,4,,1,False,,,2025-11-29T23:00:00Z,75.0,,,0.0,[No Tax],0.0,Parking Space (Sarah Reed),10c621b1-3af4-49f9-984a-99c84fbd82bc,75.0,Olena+e2@nexudus.com,2026-08-25T20:43:04Z
1457716922,,,,bbd4ab76-555f-4d7d-b485-2eeabe8a55ff,b26a2991-65b8-4cce-a087-2a1599b49542,,,,False,EUR,2025-01-11T19:56:53Z,1429951458,INV-0067,True,2025-01-08T20:00:56Z,,,,,2025-01-08T19:56:53Z,0.0,,Flex Fortnightly (Paula Harvey),0.0,,,,,,MEM-001,Membership Revenue,,False,False,False,False,e04f71a2-c16f-4b29-ab48-6e5869c3476e,,5,,1,False,,,2023-08-19T22:00:00Z,227.46,,Flex Fortnightly,0.0,[No Tax],0.0,Flex Fortnightly (Paula Harvey),50db85c6-acb2-4711-a6f8-5b817f07f07c,227.46,Olena+e2@nexudus.com,2026-08-25T20:43:04Z
1457716923,,,,eeaf244a-ad32-41be-8b70-a3ce4bc23110,b26a2991-65b8-4cce-a087-2a1599b49542,,,,False,EUR,2025-01-11T19:56:53Z,1429951458,INV-0067,True,2025-01-08T20:00:56Z,Mail Handling,b3fd9f85-2a4e-4dce-824e-a56b83bbbc69,,,2025-01-08T19:56:53Z,0.0,,Mail Handling (Paula Harvey),0.0,,,,,,PRD-001,Product Sales,,False,False,False,False,e04f71a2-c16f-4b29-ab48-6e5869c3476e,,6,,1,False,,,2026-07-22T22:00:00Z,20.0,,,0.0,[No Tax],0.0,Mail Handling (Paula Harvey),92a0b19b-d62d-4334-a2e5-b408dc55454d,20.0,Olena+e2@nexudus.com,2026-08-25T20:43:04Z
1457716924,,,,af8d3627-01d7-4ff4-b41c-65faaef98028,b26a2991-65b8-4cce-a087-2a1599b49542,,,,False,EUR,2025-01-11T19:56:53Z,1429951458,INV-0067,True,2025-01-08T20:00:56Z,,,,,2025-01-08T19:56:53Z,0.0,,Flex Fortnightly (Paula Harvey),0.0,,,,,,MEM-001,Membership Revenue,,False,False,False,False,e04f71a2-c16f-4b29-ab48-6e5869c3476e,,7,,1,False,,,2023-08-19T22:00:00Z,227.46,,Flex Fortnightly,0.0,[No Tax],0.0,Flex Fortnightly (Paula Harvey),7d789804-5c80-47b6-a4a7-c317b3da74ec,227.46,Olena+e2@nexudus.com,2026-08-25T20:43:04Z
1457716925,,,,2c5f90bf-9116-4b01-8439-2570f34b6962,b26a2991-65b8-4cce-a087-2a1599b49542,,,,False,EUR,2025-01-11T19:56:53Z,1429951458,INV-0067,True,2025-01-08T20:00:56Z,Mail Handling,6c4958e1-3f78-415d-9f5f-038e6c488c5a,,,2025-01-08T19:56:53Z,0.0,,Mail Handling (Paula Harvey),0.0,,,,,,PRD-001,Product Sales,,False,False,False,False,e04f71a2-c16f-4b29-ab48-6e5869c3476e,,8,,1,False,,,2026-08-05T22:00:00Z,20.0,,,0.0,[No Tax],0.0,Mail Handling (Paula Harvey),89a9dda6-739c-4154-a8ed-f6c53f0971f3,20.0,Olena+e2@nexudus.com,2026-08-25T20:43:04Z
1457716926,,,,91359270-2232-465c-aae8-b6eb62330ad1,03dc1c2f-d72e-43d3-961a-1f9bd118e6c7,,,,False,EUR,2025-01-11T19:56:53Z,1429951458,INV-0067,True,2025-01-08T20:00:56Z,,,,,2025-01-08T19:56:53Z,0.0,,Private Office Large (Jay Rees),0.0,,,,,,MEM-001,Membership Revenue,,False,False,False,False,e04f71a2-c16f-4b29-ab48-6e5869c3476e,,9,,1,False,,,2023-08-19T22:00:00Z,2000.0,,Private Office Large,0.0,[No Tax],0.0,Private Office Large (Jay Rees),c11a73a2-91f3-4b5f-8327-6e735e6a267e,2000.0,Olena+e2@nexudus.com,2026-08-25T20:43:04Z
1457716927,,,,b9567abd-628b-46c2-9a41-eeb2557685a4,3ff972cd-d4b0-4f63-84b9-51e794a77aad,,,,False,EUR,2025-01-11T19:56:53Z,1429951458,INV-0067,True,2025-01-08T20:00:56Z,,,,,2025-01-08T19:56:53Z,0.0,,Dedicated Desk Monthly (Janice Glover),0.0,,,,,,MEM-001,Membership Revenue,,False,False,False,False,e04f71a2-c16f-4b29-ab48-6e5869c3476e,,10,,1,False,,,2023-08-19T22:00:00Z,299.41,,Dedicated Desk Monthly,0.0,[No Tax],0.0,Dedicated Desk Monthly (Janice Glover),6c1041a0-f45a-4dd3-aa78-f7bbd65be7e1,299.41,Olena+e2@nexudus.com,2026-08-25T20:43:04Z
1457716928,,,,,2ea47e1e-3154-4e0a-89fd-6878233ad8fa,,,,False,EUR,2026-03-17T19:56:54Z,1429951459,INV-0068,True,2026-03-14T20:00:57Z,,,,,2026-03-14T19:56:55Z,0.0,,Private Office Small,,,,,,,MEM-001,Membership Revenue,,False,False,False,False,e04f71a2-c16f-4b29-ab48-6e5869c3476e,,0,,1,False,,,2024-10-26T22:00:00Z,1200.0,,Private Office Small,0.0,[No Tax],0.0,Private Office Small,5ff594c3-1e64-4f1d-b11d-a72cabf8806b,1200.0,Olena+e2@nexudus.com,2026-08-25T20:43:04Z
1457716929,,,,,d8fcb41e-c8fa-433d-908b-60666b7f302a,,,,False,EUR,2026-02-01T19:57:00Z,1429951460,INV-0070,True,2026-01-29T20:00:59Z,,,,,2026-01-29T19:57:00Z,0.0,,Dedicated Desk Monthly,,,,,,,MEM-001,Membership Revenue,,False,False,False,False,e04f71a2-c16f-4b29-ab48-6e5869c3476e,,0,,1,False,,,2026-01-05T22:00:00Z,350.0,,Dedicated Desk Monthly,0.0,[No Tax],0.0,Dedicated Desk Monthly,ae6e0c4b-f3c9-4942-b3bd-37f2fec95b34,350.0,Olena+e2@nexudus.com,2026-08-25T20:43:06Z
1457716930,,,,,d8fcb41e-c8fa-433d-908b-60666b7f302a,,,,False,EUR,2026-02-01T19:57:00Z,1429951460,INV-0070,True,2026-01-29T20:00:59Z,Storage Locker,4afebc6d-2413-4a6d-b83d-5418cf522b25,,,2026-01-29T19:57:00Z,0.0,,Storage Locker,,,,,,,PRD-001,Product Sales,,False,False,False,False,e04f71a2-c16f-4b29-ab48-6e5869c3476e,,1,,1,False,,,2026-08-01T22:00:00Z,30.0,,,0.0,[No Tax],0.0,Storage Locker,7cf193f9-cacc-4b79-a2b5-f766bb5e840e,30.0,Olena+e2@nexudus.com,2026-08-25T20:43:06Z
1457716931,,,,,23fa1f46-b5ce-4acd-9a0f-b4473d61fae1,,,,False,EUR,2024-07-09T19:57:04Z,1429951461,INV-0071,True,2024-07-06T20:01:02Z,,,,,2024-07-06T19:57:04Z,0.0,,Hot Desk Quarterly,,,,,,,MEM-001,Membership Revenue,,False,False,False,False,e04f71a2-c16f-4b29-ab48-6e5869c3476e,,0,,1,False,,,2024-11-28T23:00:00Z,400.0,,Hot Desk Quarterly,0.0,[No Tax],0.0,Hot Desk Quarterly,dcb727d2-fddb-4f1f-8369-a1ba8c9d73e8,400.0,Olena+e2@nexudus.com,2026-08-25T20:43:06Z
1457716932,,,,,23fa1f46-b5ce-4acd-9a0f-b4473d61fae1,,,,False,EUR,2024-07-09T19:57:04Z,1429951461,INV-0071,True,2024-07-06T20:01:02Z,Parking Space,d2cadbc9-8c53-4073-b9c0-2591437dcd1d,,,2024-07-06T19:57:04Z,0.0,,Parking Space,,,,,,,PRD-001,Product Sales,,False,False,False,False,e04f71a2-c16f-4b29-ab48-6e5869c3476e,,1,,1,False,,,2027-01-17T23:00:00Z,75.0,,,0.0,[No Tax],0.0,Parking Space,becb878c-5961-4d8c-8b4f-39b08a3c87e5,75.0,Olena+e2@nexudus.com,2026-08-25T20:43:06Z
1457716933,,,,,0b99228e-caff-4aa9-9654-baf383c41be4,,,,False,EUR,2024-02-10T19:57:07Z,1429951462,INV-0073,True,2024-02-07T20:01:03Z,,,,,2024-02-07T19:57:08Z,0.0,,Private Office Annual,,,,,,,MEM-001,Membership Revenue,,False,False,False,False,e04f71a2-c16f-4b29-ab48-6e5869c3476e,,0,,1,False,,,2024-11-14T22:00:00Z,12000.0,,Private Office Annual,0.0,[No Tax],0.0,Private Office Annual,cca72abd-9ee6-424b-a3b0-38401a7f0017,12000.0,Olena+e2@nexudus.com,2026-08-25T20:43:09Z
1457716934,,,,,0b99228e-caff-4aa9-9654-baf383c41be4,,,,False,EUR,2024-02-10T19:57:07Z,1429951462,INV-0073,True,2024-02-07T20:01:03Z,Storage Locker,10167ade-31d5-49ac-9c2d-ea41eadb6474,,,2024-02-07T19:57:08Z,0.0,,Storage Locker,,,,,,,PRD-001,Product Sales,,False,False,False,False,e04f71a2-c16f-4b29-ab48-6e5869c3476e,,1,,1,False,,,2027-06-02T22:00:00Z,30.0,,,0.0,[No Tax],0.0,Storage Locker,528ee4f5-67fd-4aa9-81fd-4a93b6df7af8,30.0,Olena+e2@nexudus.com,2026-08-25T20:43:09Z
1457716935,,,,,71cddcc6-d3b1-41d0-aad5-64b224327998,,,,False,EUR,2025-09-28T19:57:13Z,1429951463,INV-0076,True,2025-09-25T20:01:16Z,,,,,2025-09-25T19:57:13Z,0.0,,Hot Desk Monthly,,,,,,,MEM-001,Membership Revenue,,False,False,False,False,e04f71a2-c16f-4b29-ab48-6e5869c3476e,,0,,1,False,,,2025-09-09T22:00:00Z,130.75,,Hot Desk Monthly,0.0,[No Tax],0.0,Hot Desk Monthly,fbc83a80-e9fe-46cf-ac56-78e6f037a469,130.75,Olena+e2@nexudus.com,2026-08-25T20:43:11Z
1457716936,,,,,2cadbe78-c732-4476-861a-9bc67be72c08,,,,False,EUR,2024-07-29T19:57:14Z,1429951464,INV-0077,True,2024-07-26T20:01:17Z,,,,,2024-07-26T19:57:14Z,0.0,,Flex Fortnightly,,,,,,,MEM-001,Membership Revenue,,False,False,False,False,e04f71a2-c16f-4b29-ab48-6e5869c3476e,,0,,1,False,,,2024-02-18T23:00:00Z,250.0,,Flex Fortnightly,0.0,[No Tax],0.0,Flex Fortnightly,4a80c1ca-a2a0-4eeb-b3c2-397ffec0ebe1,250.0,Olena+e2@nexudus.com,2026-08-25T20:43:12Z
1457716937,,,,,2cadbe78-c732-4476-861a-9bc67be72c08,,,,False,EUR,2024-07-29T19:57:14Z,1429951464,INV-0077,True,2024-07-26T20:01:17Z,Parking Space,719b3730-45d7-4320-a098-4c1e613e5ba7,,,2024-07-26T19:57:14Z,0.0,,Parking Space,,,,,,,PRD-001,Product Sales,,False,False,False,False,e04f71a2-c16f-4b29-ab48-6e5869c3476e,,1,,1,False,,,2026-03-19T23:00:00Z,75.0,,,0.0,[No Tax],0.0,Parking Space,302a0edf-83b7-4d9c-9b5b-cf127bd9704c,75.0,Olena+e2@nexudus.com,2026-08-25T20:43:12Z
1457716938,,,,,080f8ea5-dcf0-401e-a264-fb8b2a6abf70,,,,False,EUR,2023-01-08T19:57:21Z,1429951465,INV-0084,True,2023-01-05T20:01:23Z,,,,,2023-01-05T19:57:21Z,0.0,,Flex Fortnightly,,,,,,,MEM-001,Membership Revenue,,False,False,False,False,e04f71a2-c16f-4b29-ab48-6e5869c3476e,,0,,1,False,,,2022-09-25T22:00:00Z,250.0,,Flex Fortnightly,0.0,[No Tax],0.0,Flex Fortnightly,00d0cff7-77c3-4830-8e5c-fcde540c5b7e,250.0,Olena+e2@nexudus.com,2026-08-25T20:43:16Z
1457716939,,,,,080f8ea5-dcf0-401e-a264-fb8b2a6abf70,,,,False,EUR,2023-01-08T19:57:21Z,1429951465,INV-0084,True,2023-01-05T20:01:23Z,Mail Handling,4839aa89-7de3-41c3-96b5-02b2ff0d1c6c,,,2023-01-05T19:57:21Z,0.0,,Mail Handling,,,,,,,PRD-001,Product Sales,,False,False,False,False,e04f71a2-c16f-4b29-ab48-6e5869c3476e,,1,,1,False,,,2026-05-15T22:00:00Z,20.0,,,0.0,[No Tax],0.0,Mail Handling,6f6c04c7-132c-404d-834b-79e39ce635bb,20.0,Olena+e2@nexudus.com,2026-08-25T20:43:16Z
1457716940,,,,de045346-5c76-476e-9bec-a39db72fb9b3,cd2bbb2c-3654-4737-b0b9-5c046bade0a2,,,,False,EUR,2023-02-03T19:57:27Z,1429951466,INV-0087,True,2023-01-31T20:01:25Z,,,,,2023-01-31T19:57:27Z,0.0,,Dedicated Desk Monthly (Victor Harrison),0.0,,,,,,MEM-001,Membership Revenue,,False,False,False,False,e04f71a2-c16f-4b29-ab48-6e5869c3476e,,0,,1,False,,,2021-09-25T22:00:00Z,298.76,,Dedicated Desk Monthly,0.0,[No Tax],0.0,Dedicated Desk Monthly (Victor Harrison),06438c91-ab64-49c5-a70d-fa573e853ed3,298.76,Olena+e2@nexudus.com,2026-08-25T20:43:18Z
1457717042,,,,e7790acc-ff4c-434c-be8e-733ba9a1ddda,cd2bbb2c-3654-4737-b0b9-5c046bade0a2,,,,False,EUR,2023-02-03T19:57:27Z,1429951466,INV-0087,True,2023-01-31T20:01:25Z,Parking Space,8a87643c-b6cd-40e5-874b-e0c3d541c8d7,,,2023-01-31T19:57:27Z,0.0,,Parking Space (Victor Harrison),0.0,,,,,,PRD-001,Product Sales,,False,False,False,False,e04f71a2-c16f-4b29-ab48-6e5869c3476e,,1,,1,False,,,2025-03-09T23:00:00Z,75.0,,,0.0,[No Tax],0.0,Parking Space (Victor Harrison),08a49595-eaca-433a-bf1e-c2c457d923fc,75.0,Olena+e2@nexudus.com,2026-08-25T20:43:18Z
1457717043,,,,df4c4df6-7755-4edc-9582-efbf9ccc47ef,cd2bbb2c-3654-4737-b0b9-5c046bade0a2,,,,False,EUR,2023-02-03T19:57:27Z,1429951466,INV-0087,True,2023-01-31T20:01:25Z,,,,,2023-01-31T19:57:27Z,0.0,,Dedicated Desk Monthly (Victor Harrison),0.0,,,,,,MEM-001,Membership Revenue,,False,False,False,False,e04f71a2-c16f-4b29-ab48-6e5869c3476e,,2,,1,False,,,2021-09-25T22:00:00Z,298.76,,Dedicated Desk Monthly,0.0,[No Tax],0.0,Dedicated Desk Monthly (Victor Harrison),8355ba0d-74ac-4335-8f7e-f5ce0a52aae5,298.76,Olena+e2@nexudus.com,2026-08-25T20:43:18Z
1457717044,,,,b95795e5-71e5-482f-a0f5-398de3949548,cd2bbb2c-3654-4737-b0b9-5c046bade0a2,,,,False,EUR,2023-02-03T19:57:27Z,1429951466,INV-0087,True,2023-01-31T20:01:25Z,Parking Space,04b49ea1-cb69-4cca-bdf9-7f42d62a1703,,,2023-01-31T19:57:27Z,0.0,,Parking Space (Victor Harrison),0.0,,,,,,PRD-001,Product Sales,,False,False,False,False,e04f71a2-c16f-4b29-ab48-6e5869c3476e,,3,,1,False,,,2025-04-09T22:00:00Z,75.0,,,0.0,[No Tax],0.0,Parking Space (Victor Harrison),ef7bc3ae-e2b9-4a86-ae3c-d42e2c1a48a6,75.0,Olena+e2@nexudus.com,2026-08-25T20:43:18Z
1457717045,,,,530ca20f-e4b1-484c-9119-260343a84a47,1eb0805e-661d-4d6b-8c84-2a6b07efda5f,,,,False,EUR,2023-02-03T19:57:27Z,1429951466,INV-0087,True,2023-01-31T20:01:25Z,,,,,2023-01-31T19:57:27Z,0.0,,Private Office Small (Ashley Smith),0.0,,,,,,MEM-001,Membership Revenue,,False,False,False,False,e04f71a2-c16f-4b29-ab48-6e5869c3476e,,4,,1,False,,,2021-09-25T22:00:00Z,1082.52,,Private Office Small,0.0,[No Tax],0.0,Private Office Small (Ashley Smith),baaecf26-08aa-43f9-8114-964a9c297f26,1082.52,Olena+e2@nexudus.com,2026-08-25T20:43:18Z
1457717046,,,,13624141-453c-4024-973c-808cfdf10c84,1eb0805e-661d-4d6b-8c84-2a6b07efda5f,,,,False,EUR,2023-02-03T19:57:27Z,1429951466,INV-0087,True,2023-01-31T20:01:25Z,Mail Handling,57b27a35-5c90-42fb-8e05-b3d740b6da25,,,2023-01-31T19:57:27Z,0.0,,Mail Handling (Ashley Smith),0.0,,,,,,PRD-001,Product Sales,,False,False,False,False,e04f71a2-c16f-4b29-ab48-6e5869c3476e,,5,,1,False,,,2025-04-16T22:00:00Z,20.0,,,0.0,[No Tax],0.0,Mail Handling (Ashley Smith),22629de4-c6b1-4eb1-b8a5-db1202bf99a9,20.0,Olena+e2@nexudus.com,2026-08-25T20:43:18Z
1457717047,,,,,98b2ac8f-475a-4038-8609-c3387d034106,,,,False,EUR,2023-02-03T19:57:27Z,1429951466,INV-0087,True,2023-01-31T20:01:25Z,,,,,2023-01-31T19:57:27Z,0.0,,Flex Weekly,,,,,,,MEM-001,Membership Revenue,,False,False,False,False,e04f71a2-c16f-4b29-ab48-6e5869c3476e,,6,,1,False,,,2021-09-25T22:00:00Z,50.0,,Flex Weekly,0.0,[No Tax],0.0,Flex Weekly,0d55cd5b-e902-4da0-8f48-ec847a9a634d,50.0,Olena+e2@nexudus.com,2026-08-25T20:43:18Z
1457717048,,,,,98b2ac8f-475a-4038-8609-c3387d034106,,,,False,EUR,2023-02-03T19:57:27Z,1429951466,INV-0087,True,2023-01-31T20:01:25Z,Storage Locker,6ab3ce3e-76d6-49be-ba47-445633cac49a,,,2023-01-31T19:57:27Z,0.0,,Storage Locker,,,,,,,PRD-001,Product Sales,,False,False,False,False,e04f71a2-c16f-4b29-ab48-6e5869c3476e,,7,,1,False,,,2025-04-19T22:00:00Z,30.0,,,0.0,[No Tax],0.0,Storage Locker,52cffc0b-3eee-4dfc-b679-05dc65247bf1,30.0,Olena+e2@nexudus.com,2026-08-25T20:43:18Z
1457717049,,,,af7bc8ad-6e99-4fa8-a78a-68cda44123b7,1eb0805e-661d-4d6b-8c84-2a6b07efda5f,,,,False,EUR,2023-02-03T19:57:27Z,1429951466,INV-0087,True,2023-01-31T20:01:25Z,,,,,2023-01-31T19:57:27Z,0.0,,Private Office Small (Ashley Smith),0.0,,,,,,MEM-001,Membership Revenue,,False,False,False,False,e04f71a2-c16f-4b29-ab48-6e5869c3476e,,8,,1,False,,,2021-09-25T22:00:00Z,1082.52,,Private Office Small,0.0,[No Tax],0.0,Private Office Small (Ashley Smith),ed8fef80-5755-44c9-87dc-172f8f8e669b,1082.52,Olena+e2@nexudus.com,2026-08-25T20:43:18Z
1457717050,,,,39b30898-6aa8-44f1-afd3-c448e7b8808d,1eb0805e-661d-4d6b-8c84-2a6b07efda5f,,,,False,EUR,2023-02-03T19:57:27Z,1429951466,INV-0087,True,2023-01-31T20:01:25Z,Mail Handling,2700ee00-5397-44cb-9bd3-ae6cad2af35c,,,2023-01-31T19:57:27Z,0.0,,Mail Handling (Ashley Smith),0.0,,,,,,PRD-001,Product Sales,,False,False,False,False,e04f71a2-c16f-4b29-ab48-6e5869c3476e,,9,,1,False,,,2025-05-16T22:00:00Z,20.0,,,0.0,[No Tax],0.0,Mail Handling (Ashley Smith),8596ebda-b43b-4d49-9884-40200e178345,20.0,Olena+e2@nexudus.com,2026-08-25T20:43:18Z
1457717051,,,,f88fbc13-62bd-477b-a394-28501c017670,b18bd23e-3578-4f5a-b185-b9f31fe0378f,,,,False,EUR,2023-02-03T19:57:27Z,1429951466,INV-0087,True,2023-01-31T20:01:25Z,,,,,2023-01-31T19:57:27Z,0.0,,Flex Fortnightly (Robin Andrews),0.0,,,,,,MEM-001,Membership Revenue,,False,False,False,False,e04f71a2-c16f-4b29-ab48-6e5869c3476e,,10,,1,False,,,2021-09-25T22:00:00Z,235.98,,Flex Fortnightly,0.0,[No Tax],0.0,Flex Fortnightly (Robin Andrews),07775a69-4d19-470b-a9c0-a533744a2b15,235.98,Olena+e2@nexudus.com,2026-08-25T20:43:18Z
1457717052,,,,2f99e482-5119-4c6e-9fc7-d8536cc3404c,b18bd23e-3578-4f5a-b185-b9f31fe0378f,,,,False,EUR,2023-02-03T19:57:27Z,1429951466,INV-0087,True,2023-01-31T20:01:25Z,,,,,2023-01-31T19:57:27Z,0.0,,Flex Fortnightly (Robin Andrews),0.0,,,,,,MEM-001,Membership Revenue,,False,False,False,False,e04f71a2-c16f-4b29-ab48-6e5869c3476e,,11,,1,False,,,2021-09-25T22:00:00Z,235.98,,Flex Fortnightly,0.0,[No Tax],0.0,Flex Fortnightly (Robin Andrews),40aa1d93-2864-41ea-a0f5-2daa245bbf9a,235.98,Olena+e2@nexudus.com,2026-08-25T20:43:18Z
1457717053,,,,dce09351-41f1-4c8b-8313-5427eecf2af0,7129cea4-6c12-42bd-9565-7265f8b42fad,,,,False,EUR,2023-02-03T19:57:27Z,1429951466,INV-0087,True,2023-01-31T20:01:25Z,,,,,2023-01-31T19:57:27Z,0.0,,Hot Desk Monthly<br/><small>Contract is frozen.</small> (Leanne Foster),0.0,,,,,,MEM-001,Membership Revenue,,False,False,False,False,e04f71a2-c16f-4b29-ab48-6e5869c3476e,,12,,1,False,,,2021-09-25T22:00:00Z,0.0,,Hot Desk Monthly,0.0,[No Tax],0.0,Hot Desk Monthly<br/><small>Contract is frozen.</small> (Leanne Foster),6ec0fc5d-7506-4f6b-8e19-999ddb66cc56,0.0,Olena+e2@nexudus.com,2026-08-25T20:43:18Z
1457717054,,,,cdf59b69-efa7-4096-96e5-c77e05f2cd60,7129cea4-6c12-42bd-9565-7265f8b42fad,,,,False,EUR,2023-02-03T19:57:27Z,1429951466,INV-0087,True,2023-01-31T20:01:25Z,,,,,2023-01-31T19:57:27Z,0.0,,Hot Desk Monthly<br/><small>Contract is frozen.</small> (Leanne Foster),0.0,,,,,,MEM-001,Membership Revenue,,False,False,False,False,e04f71a2-c16f-4b29-ab48-6e5869c3476e,,13,,1,False,,,2021-09-25T22:00:00Z,0.0,,Hot Desk Monthly,0.0,[No Tax],0.0,Hot Desk Monthly<br/><small>Contract is frozen.</small> (Leanne Foster),de01e1f3-cf0c-4a1f-a01c-551568555ad4,0.0,Olena+e2@nexudus.com,2026-08-25T20:43:18Z
1457717055,,,,45c8021b-3bfc-45d7-88ae-8205c9c65c92,60220ba8-8c23-4162-87fb-4501cabf33b0,,,,False,EUR,2023-02-03T19:57:27Z,1429951466,INV-0087,True,2023-01-31T20:01:25Z,,,,,2023-01-31T19:57:27Z,0.0,,Hot Desk Quarterly (Tracy Harrison),0.0,,,,,,MEM-001,Membership Revenue,,False,False,False,False,e04f71a2-c16f-4b29-ab48-6e5869c3476e,,14,,1,False,,,2021-09-25T22:00:00Z,361.68,,Hot Desk Quarterly,0.0,[No Tax],0.0,Hot Desk Quarterly (Tracy Harrison),b02afc5f-2208-4efe-83d3-76ebf0c3f2b7,361.68,Olena+e2@nexudus.com,2026-08-25T20:43:18Z
1457717056,,,,6c0b93af-1835-4bb9-8900-0f83a4cf8142,60220ba8-8c23-4162-87fb-4501cabf33b0,,,,False,EUR,2023-02-03T19:57:27Z,1429951466,INV-0087,True,2023-01-31T20:01:25Z,Mail Handling,8101ac43-d960-4c02-891d-a7c9f1920bc7,,,2023-01-31T19:57:27Z,0.0,,Mail Handling (Tracy Harrison),0.0,,,,,,PRD-001,Product Sales,,False,False,False,False,e04f71a2-c16f-4b29-ab48-6e5869c3476e,,15,,1,False,,,2025-12-11T23:00:00Z,20.0,,,0.0,[No Tax],0.0,Mail Handling (Tracy Harrison),0095ff05-3bfa-447a-a267-da45ee66bd2d,20.0,Olena+e2@nexudus.com,2026-08-25T20:43:18Z
1457717057,,,,aef46344-4dab-42c8-a5da-83c57d80eba0,60220ba8-8c23-4162-87fb-4501cabf33b0,,,,False,EUR,2023-02-03T19:57:27Z,1429951466,INV-0087,True,2023-01-31T20:01:25Z,,,,,2023-01-31T19:57:27Z,0.0,,Hot Desk Quarterly (Tracy Harrison),0.0,,,,,,MEM-001,Membership Revenue,,False,False,False,False,e04f71a2-c16f-4b29-ab48-6e5869c3476e,,16,,1,False,,,2021-09-25T22:00:00Z,361.68,,Hot Desk Quarterly,0.0,[No Tax],0.0,Hot Desk Quarterly (Tracy Harrison),42957712-099a-4ff1-a11d-9d7b666dd0e8,361.68,Olena+e2@nexudus.com,2026-08-25T20:43:18Z
1457717058,,,,5402c6da-62d8-42ae-8c8e-14aa62b5b8c1,60220ba8-8c23-4162-87fb-4501cabf33b0,,,,False,EUR,2023-02-03T19:57:27Z,1429951466,INV-0087,True,2023-01-31T20:01:25Z,Mail Handling,0fc867a6-0072-48f4-8125-f37584a4d7a5,,,2023-01-31T19:57:27Z,0.0,,Mail Handling (Tracy Harrison),0.0,,,,,,PRD-001,Product Sales,,False,False,False,False,e04f71a2-c16f-4b29-ab48-6e5869c3476e,,17,,1,False,,,2026-03-11T23:00:00Z,20.0,,,0.0,[No Tax],0.0,Mail Handling (Tracy Harrison),da3f8ced-0643-4d34-97cb-c93f24a1a0e4,20.0,Olena+e2@nexudus.com,2026-08-25T20:43:18Z
1457717059,,,,120a558a-361f-4a95-9336-9d19fee5a09f,11351685-db46-4bc5-b905-1303b6682acc,,,,False,EUR,2023-02-03T19:57:27Z,1429951466,INV-0087,True,2023-01-31T20:01:25Z,,,,,2023-01-31T19:57:27Z,0.0,,Hot Desk Quarterly (Teresa Hopkins),0.0,,,,,,MEM-001,Membership Revenue,,False,False,False,False,e04f71a2-c16f-4b29-ab48-6e5869c3476e,,18,,1,False,,,2021-09-25T22:00:00Z,343.61,,Hot Desk Quarterly,0.0,[No Tax],0.0,Hot Desk Quarterly (Teresa Hopkins),8bfe67d0-872a-42ea-90ec-25d9282c8482,343.61,Olena+e2@nexudus.com,2026-08-25T20:43:18Z
1457717060,,,,16e3a902-a2a7-4a92-8c9c-8af5313bd6a9,a98c8df6-34c6-4ab5-8b7c-ebe99a8fe589,,,,False,EUR,2023-02-03T19:57:27Z,1429951466,INV-0087,True,2023-01-31T20:01:25Z,,,,,2023-01-31T19:57:27Z,0.0,,Flex Fortnightly (Ashley Smith),0.0,,,,,,MEM-001,Membership Revenue,,False,False,False,False,e04f71a2-c16f-4b29-ab48-6e5869c3476e,,19,,1,False,,,2021-09-25T22:00:00Z,250.0,,Flex Fortnightly,0.0,[No Tax],0.0,Flex Fortnightly (Ashley Smith),3c85220a-4f2f-4805-a310-3d2ff98c3134,250.0,Olena+e2@nexudus.com,2026-08-25T20:43:18Z
1457717061,,,,53695a60-1d20-42a8-a403-004a12ea46b6,a98c8df6-34c6-4ab5-8b7c-ebe99a8fe589,,,,False,EUR,2023-02-03T19:57:27Z,1429951466,INV-0087,True,2023-01-31T20:01:25Z,Parking Space,459a9bd0-e85b-4b9e-bacd-78bceee41e21,,,2023-01-31T19:57:27Z,0.0,,Parking Space (Ashley Smith),0.0,,,,,,PRD-001,Product Sales,,False,False,False,False,e04f71a2-c16f-4b29-ab48-6e5869c3476e,,20,,1,False,,,2026-04-21T22:00:00Z,75.0,,,0.0,[No Tax],0.0,Parking Space (Ashley Smith),087230c6-b528-4024-ba5b-75d32c0d2f1a,75.0,Olena+e2@nexudus.com,2026-08-25T20:43:18Z
1457717062,,,,c3c2278c-dda6-420e-af5d-66ea40db8c9d,11351685-db46-4bc5-b905-1303b6682acc,,,,False,EUR,2023-02-03T19:57:27Z,1429951466,INV-0087,True,2023-01-31T20:01:25Z,,,,,2023-01-31T19:57:27Z,0.0,,Hot Desk Quarterly (Teresa Hopkins),0.0,,,,,,MEM-001,Membership Revenue,,False,False,False,False,e04f71a2-c16f-4b29-ab48-6e5869c3476e,,21,,1,False,,,2021-09-25T22:00:00Z,343.61,,Hot Desk Quarterly,0.0,[No Tax],0.0,Hot Desk Quarterly (Teresa Hopkins),e22a0af0-01e7-4d23-a29e-1859a495b617,343.61,Olena+e2@nexudus.com,2026-08-25T20:43:18Z
1457717063,,,,,d0e0f13b-7d3e-41fe-a05a-f7488fe8f088,,,,False,EUR,2025-09-10T19:57:29Z,1429951467,INV-0088,True,2025-09-07T20:01:26Z,,,,,2025-09-07T19:57:29Z,0.0,,Dedicated Desk Monthly,,,,,,,MEM-001,Membership Revenue,,False,False,False,False,e04f71a2-c16f-4b29-ab48-6e5869c3476e,,0,,1,False,,,2024-11-30T23:00:00Z,350.0,,Dedicated Desk Monthly,0.0,[No Tax],0.0,Dedicated Desk Monthly,47bba30f-9f96-49bc-8ce4-e819f4b158db,350.0,Olena+e2@nexudus.com,2026-08-25T20:43:18Z
1457717064,,,,,d0e0f13b-7d3e-41fe-a05a-f7488fe8f088,,,,False,EUR,2025-09-10T19:57:29Z,1429951467,INV-0088,True,2025-09-07T20:01:26Z,Storage Locker,57773f6c-4069-4e8b-b017-89ac04940133,,,2025-09-07T19:57:29Z,0.0,,Storage Locker,,,,,,,PRD-001,Product Sales,,False,False,False,False,e04f71a2-c16f-4b29-ab48-6e5869c3476e,,1,,1,False,,,2025-11-17T23:00:00Z,30.0,,,0.0,[No Tax],0.0,Storage Locker,0446e561-8b9f-4c86-bb4a-358888921201,30.0,Olena+e2@nexudus.com,2026-08-25T20:43:18Z
1457717065,,,,,c3e3e2eb-6035-4462-9876-89d5f059199d,,,,False,EUR,2025-04-13T19:57:34Z,1429951468,INV-0090,True,2025-04-10T20:01:28Z,,,,,2025-04-10T19:57:34Z,0.0,,Private Office Annual,,,,,,,MEM-001,Membership Revenue,,False,False,False,False,e04f71a2-c16f-4b29-ab48-6e5869c3476e,,0,,1,False,,,2027-01-29T22:00:00Z,12000.0,,Private Office Annual,0.0,[No Tax],0.0,Private Office Annual,19ca99c1-6558-4252-acc9-551f482a5f8c,12000.0,Olena+e2@nexudus.com,2026-08-25T20:43:59Z
1457717066,,,,,c3e3e2eb-6035-4462-9876-89d5f059199d,,,,False,EUR,2025-04-13T19:57:34Z,1429951468,INV-0090,True,2025-04-10T20:01:28Z,Parking Space,e66dc491-b6e7-4beb-a05f-e37922efb409,,,2025-04-10T19:57:34Z,0.0,,Parking Space,,,,,,,PRD-001,Product Sales,,False,False,False,False,e04f71a2-c16f-4b29-ab48-6e5869c3476e,,1,,1,False,,,2028-06-14T22:00:00Z,75.0,,,0.0,[No Tax],0.0,Parking Space,be04e9a7-c347-43c7-aa40-6c2affe5acf1,75.0,Olena+e2@nexudus.com,2026-08-25T20:43:59Z
1457717067,86f05595-e3b5-48bf-9a1d-eea82f833c0a,,,,,,,,False,EUR,2025-04-13T19:57:34Z,1429951468,INV-0090,True,2025-04-10T20:01:28Z,Catering - Tea/Coffee,8187062a-ec43-4c61-9e87-6bad704a1a6b,,,2025-04-10T19:57:34Z,0.0,,- Catering - Tea/Coffee,,,,,,,PRD-001,Product Sales,,False,False,False,False,e04f71a2-c16f-4b29-ab48-6e5869c3476e,,2,,1,False,,,2026-08-23T09:00:00Z,5.0,,,0.0,[No Tax],0.0,- Catering - Tea/Coffee,60f286b9-c4da-47e3-973b-7a468ccecce6,5.0,Olena+e2@nexudus.com,2026-08-25T20:43:59Z
1457717068,,,,,1657f767-e59a-49fc-a23b-effc1bee7fee,,,,False,EUR,2024-07-11T19:57:40Z,1429951469,INV-0093,True,2024-07-08T20:01:30Z,,,,,2024-07-08T19:57:40Z,0.0,,Private Office Large,,,,,,,MEM-001,Membership Revenue,,False,False,False,False,e04f71a2-c16f-4b29-ab48-6e5869c3476e,,0,,1,False,,,2023-03-18T22:00:00Z,2000.0,,Private Office Large,0.0,[No Tax],0.0,Private Office Large,98a1a77c-d489-4186-b775-c2043f4ac50c,2000.0,Olena+e2@nexudus.com,2026-08-25T20:44:01Z
1457717069,,,,7e8915d9-a5f1-4384-a0c5-7fd9f6bb60fa,2784e367-fba2-4cc7-bea2-ee5c970deec5,,,,False,EUR,2024-07-11T19:57:40Z,1429951469,INV-0093,True,2024-07-08T20:01:30Z,,,,,2024-07-08T19:57:40Z,0.0,,Dedicated Desk Monthly (Sarah Reed),0.0,,,,,,MEM-001,Membership Revenue,,False,False,False,False,e04f71a2-c16f-4b29-ab48-6e5869c3476e,,1,,1,False,,,2023-03-18T22:00:00Z,350.0,,Dedicated Desk Monthly,0.0,[No Tax],0.0,Dedicated Desk Monthly (Sarah Reed),31cdf3e6-f196-45d6-b52f-14cacf61d598,350.0,Olena+e2@nexudus.com,2026-08-25T20:44:01Z
1457717070,,,,8a9e90a4-3dfb-432c-ba1d-c53a6ebcf5e6,2784e367-fba2-4cc7-bea2-ee5c970deec5,,,,False,EUR,2024-07-11T19:57:40Z,1429951469,INV-0093,True,2024-07-08T20:01:30Z,Parking Space,1373eb34-7318-459b-b31d-a3bc260363bd,,,2024-07-08T19:57:40Z,0.0,,Parking Space (Sarah Reed),0.0,,,,,,PRD-001,Product Sales,,False,False,False,False,e04f71a2-c16f-4b29-ab48-6e5869c3476e,,2,,1,False,,,2025-12-29T23:00:00Z,75.0,,,0.0,[No Tax],0.0,Parking Space (Sarah Reed),c8de7eb9-80f2-4943-900b-86b56083ab6d,75.0,Olena+e2@nexudus.com,2026-08-25T20:44:01Z
1457717071,,,,3a2e01c8-b472-4587-90ee-cbde8bee05b6,2784e367-fba2-4cc7-bea2-ee5c970deec5,,,,False,EUR,2024-07-11T19:57:40Z,1429951469,INV-0093,True,2024-07-08T20:01:30Z,,,,,2024-07-08T19:57:40Z,0.0,,Dedicated Desk Monthly (Sarah Reed),0.0,,,,,,MEM-001,Membership Revenue,,False,False,False,False,e04f71a2-c16f-4b29-ab48-6e5869c3476e,,3,,1,False,,,2023-03-18T22:00:00Z,350.0,,Dedicated Desk Monthly,0.0,[No Tax],0.0,Dedicated Desk Monthly (Sarah Reed),7d45dc11-ba5f-47dc-bc4c-cd5b63f7ff13,350.0,Olena+e2@nexudus.com,2026-08-25T20:44:01Z
1457717072,,,,cc33870b-3bff-4cda-be9f-b698d1791dbd,2784e367-fba2-4cc7-bea2-ee5c970deec5,,,,False,EUR,2024-07-11T19:57:40Z,1429951469,INV-0093,True,2024-07-08T20:01:30Z,Parking Space,b569f9f4-dd15-42e6-b00e-3bbe244005e0,,,2024-07-08T19:57:40Z,0.0,,Parking Space (Sarah Reed),0.0,,,,,,PRD-001,Product Sales,,False,False,False,False,e04f71a2-c16f-4b29-ab48-6e5869c3476e,,4,,1,False,,,2026-01-29T23:00:00Z,75.0,,,0.0,[No Tax],0.0,Parking Space (Sarah Reed),a282cb6a-eb07-4c88-9f38-500d00c933c3,75.0,Olena+e2@nexudus.com,2026-08-25T20:44:01Z
1457717073,,,,484012d9-7ac9-4e7d-b517-35a834fe2728,b26a2991-65b8-4cce-a087-2a1599b49542,,,,False,EUR,2024-07-11T19:57:40Z,1429951469,INV-0093,True,2024-07-08T20:01:30Z,,,,,2024-07-08T19:57:40Z,0.0,,Flex Fortnightly (Paula Harvey),0.0,,,,,,MEM-001,Membership Revenue,,False,False,False,False,e04f71a2-c16f-4b29-ab48-6e5869c3476e,,5,,1,False,,,2023-03-18T22:00:00Z,227.46,,Flex Fortnightly,0.0,[No Tax],0.0,Flex Fortnightly (Paula Harvey),a3034df9-7e0e-4476-9c95-140ff9a364e9,227.46,Olena+e2@nexudus.com,2026-08-25T20:44:01Z
1457717074,,,,01e08790-8f99-4d7d-a5de-265c731fbd76,b26a2991-65b8-4cce-a087-2a1599b49542,,,,False,EUR,2024-07-11T19:57:40Z,1429951469,INV-0093,True,2024-07-08T20:01:30Z,Mail Handling,8cc06bc8-a8d5-460a-ad8d-63aa679106d1,,,2024-07-08T19:57:40Z,0.0,,Mail Handling (Paula Harvey),0.0,,,,,,PRD-001,Product Sales,,False,False,False,False,e04f71a2-c16f-4b29-ab48-6e5869c3476e,,6,,1,False,,,2026-08-19T22:00:00Z,20.0,,,0.0,[No Tax],0.0,Mail Handling (Paula Harvey),e69a0988-87a2-4a39-97ee-fc0f002ca3b0,20.0,Olena+e2@nexudus.com,2026-08-25T20:44:01Z
1457717075,,,,ab87dee0-aba8-450a-a22f-75a5083b70d6,03dc1c2f-d72e-43d3-961a-1f9bd118e6c7,,,,False,EUR,2024-07-11T19:57:40Z,1429951469,INV-0093,True,2024-07-08T20:01:30Z,,,,,2024-07-08T19:57:40Z,0.0,,Private Office Large (Jay Rees),0.0,,,,,,MEM-001,Membership Revenue,,False,False,False,False,e04f71a2-c16f-4b29-ab48-6e5869c3476e,,7,,1,False,,,2023-03-18T22:00:00Z,2000.0,,Private Office Large,0.0,[No Tax],0.0,Private Office Large (Jay Rees),35079779-a5a8-43eb-823b-bfdc41026b3c,2000.0,Olena+e2@nexudus.com,2026-08-25T20:44:01Z
1457717076,,,,b5f751f7-81c3-4212-a83a-0c11f45ebe86,3ff972cd-d4b0-4f63-84b9-51e794a77aad,,,,False,EUR,2024-07-11T19:57:40Z,1429951469,INV-0093,True,2024-07-08T20:01:30Z,,,,,2024-07-08T19:57:40Z,0.0,,Dedicated Desk Monthly (Janice Glover),0.0,,,,,,MEM-001,Membership Revenue,,False,False,False,False,e04f71a2-c16f-4b29-ab48-6e5869c3476e,,8,,1,False,,,2023-03-18T22:00:00Z,299.41,,Dedicated Desk Monthly,0.0,[No Tax],0.0,Dedicated Desk Monthly (Janice Glover),1cdf8b23-96ec-414b-808f-6576c4e84b22,299.41,Olena+e2@nexudus.com,2026-08-25T20:44:01Z
1457717077,,,,,c2034b47-1027-4fec-b92a-064d48bdd135,,,,False,EUR,2023-01-24T19:57:43Z,1429951470,INV-0095,True,2023-01-21T20:01:33Z,,,,,2023-01-21T19:57:44Z,0.0,,Private Office Large,,,,,,,MEM-001,Membership Revenue,,False,False,False,False,e04f71a2-c16f-4b29-ab48-6e5869c3476e,,0,,1,False,,,2021-10-01T22:00:00Z,2000.0,,Private Office Large,0.0,[No Tax],0.0,Private Office Large,dd9f443e-a2a9-449c-9570-88ef66b5892d,2000.0,Olena+e2@nexudus.com,2026-08-25T20:44:02Z
1457717078,,,,,d8fcb41e-c8fa-433d-908b-60666b7f302a,,,,False,EUR,2022-10-18T19:57:47Z,1429951471,INV-0096,True,2022-10-15T20:01:34Z,,,,,2022-10-15T19:57:47Z,0.0,,Dedicated Desk Monthly,,,,,,,MEM-001,Membership Revenue,,False,False,False,False,e04f71a2-c16f-4b29-ab48-6e5869c3476e,,0,,1,False,,,2022-10-22T22:00:00Z,350.0,,Dedicated Desk Monthly,0.0,[No Tax],0.0,Dedicated Desk Monthly,45b232fb-db39-4c24-93d5-132604651efd,350.0,Olena+e2@nexudus.com,2026-08-25T20:44:03Z
1457717079,,,,,d8fcb41e-c8fa-433d-908b-60666b7f302a,,,,False,EUR,2022-10-18T19:57:47Z,1429951471,INV-0096,True,2022-10-15T20:01:34Z,Storage Locker,18f609a0-8ffb-4423-98c1-f51446feecba,,,2022-10-15T19:57:47Z,0.0,,Storage Locker,,,,,,,PRD-001,Product Sales,,False,False,False,False,e04f71a2-c16f-4b29-ab48-6e5869c3476e,,1,,1,False,,,2026-09-01T22:00:00Z,30.0,,,0.0,[No Tax],0.0,Storage Locker,f7290b3d-97d9-4788-97c4-81176d84c05e,30.0,Olena+e2@nexudus.com,2026-08-25T20:44:03Z
1457717080,,,,,23fa1f46-b5ce-4acd-9a0f-b4473d61fae1,,,,False,EUR,2023-07-13T19:57:50Z,1429951472,INV-0097,True,2023-07-10T20:01:35Z,,,,,2023-07-10T19:57:50Z,0.0,,Hot Desk Quarterly,,,,,,,MEM-001,Membership Revenue,,False,False,False,False,e04f71a2-c16f-4b29-ab48-6e5869c3476e,,0,,1,False,,,2024-03-01T22:00:00Z,400.0,,Hot Desk Quarterly,0.0,[No Tax],0.0,Hot Desk Quarterly,c59a6699-6392-4f82-8e44-12eacd9c3f94,400.0,Olena+e2@nexudus.com,2026-08-25T20:44:03Z
1457717081,,,,,23fa1f46-b5ce-4acd-9a0f-b4473d61fae1,,,,False,EUR,2023-07-13T19:57:50Z,1429951472,INV-0097,True,2023-07-10T20:01:35Z,Parking Space,31a08fb4-2a02-4e17-9879-116cdd3df7c9,,,2023-07-10T19:57:50Z,0.0,,Parking Space,,,,,,,PRD-001,Product Sales,,False,False,False,False,e04f71a2-c16f-4b29-ab48-6e5869c3476e,,1,,1,False,,,2027-04-17T22:00:00Z,75.0,,,0.0,[No Tax],0.0,Parking Space,bdc5bf33-33d7-4d75-a426-9fa5c75007fa,75.0,Olena+e2@nexudus.com,2026-08-25T20:44:03Z
1457717082,,,,,0b99228e-caff-4aa9-9654-baf383c41be4,,,,False,EUR,2022-10-24T19:57:53Z,1429951473,INV-0099,True,2022-10-21T20:01:36Z,,,,,2022-10-21T19:57:53Z,0.0,,Private Office Annual,,,,,,,MEM-001,Membership Revenue,,False,False,False,False,e04f71a2-c16f-4b29-ab48-6e5869c3476e,,0,,1,False,,,2024-07-29T22:00:00Z,12000.0,,Private Office Annual,0.0,[No Tax],0.0,Private Office Annual,260c0505-9b17-4441-bd2c-0c48ffb92ea4,12000.0,Olena+e2@nexudus.com,2026-08-25T20:44:05Z
1457717083,,,,,0b99228e-caff-4aa9-9654-baf383c41be4,,,,False,EUR,2022-10-24T19:57:53Z,1429951473,INV-0099,True,2022-10-21T20:01:36Z,Storage Locker,c9f6b303-8758-4a38-a036-8af379710775,,,2022-10-21T19:57:53Z,0.0,,Storage Locker,,,,,,,PRD-001,Product Sales,,False,False,False,False,e04f71a2-c16f-4b29-ab48-6e5869c3476e,,1,,1,False,,,2028-06-02T22:00:00Z,30.0,,,0.0,[No Tax],0.0,Storage Locker,55e00d82-786d-4c8f-affb-c3433ed28ed2,30.0,Olena+e2@nexudus.com,2026-08-25T20:44:05Z
1457717084,,,,,41332a58-04d0-4722-aca4-36963b1503e8,,,,False,EUR,2024-10-31T19:57:55Z,1429951474,INV-0100,True,2024-10-28T20:01:37Z,,,,,2024-10-28T19:57:55Z,0.0,,Dedicated Desk Monthly,,,,,,,MEM-001,Membership Revenue,,False,False,False,False,e04f71a2-c16f-4b29-ab48-6e5869c3476e,,0,,1,False,,,2024-09-06T22:00:00Z,315.34,,Dedicated Desk Monthly,0.0,[No Tax],0.0,Dedicated Desk Monthly,7f145abf-987b-4c84-acfb-fba731a7c020,315.34,Olena+e2@nexudus.com,2026-08-25T20:44:05Z
1457717085,,,,,41332a58-04d0-4722-aca4-36963b1503e8,,,,False,EUR,2024-10-31T19:57:55Z,1429951474,INV-0100,True,2024-10-28T20:01:37Z,Mail Handling,93ccec40-f32d-4b14-b53d-369230c5b1fd,,,2024-10-28T19:57:55Z,0.0,,Mail Handling,,,,,,,PRD-001,Product Sales,,False,False,False,False,e04f71a2-c16f-4b29-ab48-6e5869c3476e,,1,,1,False,,,2026-07-04T22:00:00Z,20.0,,,0.0,[No Tax],0.0,Mail Handling,ad1926fa-090a-4636-88cf-bd43e1089a91,20.0,Olena+e2@nexudus.com,2026-08-25T20:44:05Z
1457717086,,,,,71cddcc6-d3b1-41d0-aad5-64b224327998,,,,False,EUR,2025-05-15T19:57:58Z,1429951475,INV-0102,True,2025-05-12T20:01:39Z,,,,,2025-05-12T19:57:58Z,0.0,,Hot Desk Monthly,,,,,,,MEM-001,Membership Revenue,,False,False,False,False,e04f71a2-c16f-4b29-ab48-6e5869c3476e,,0,,1,False,,,2025-05-27T22:00:00Z,130.75,,Hot Desk Monthly,0.0,[No Tax],0.0,Hot Desk Monthly,14d5b81b-117b-4437-a8d6-484f6cb532ae,130.75,Olena+e2@nexudus.com,2026-08-25T20:44:06Z
1457717087,,,,,26a1c65c-e9f2-4046-bc10-1c51f17cf495,,,,False,EUR,2024-11-18T19:58:00Z,1429951476,INV-0104,True,2024-11-15T20:01:41Z,,,,,2024-11-15T19:58:00Z,0.0,,Private Office Large,,,,,,,MEM-001,Membership Revenue,,False,False,False,False,e04f71a2-c16f-4b29-ab48-6e5869c3476e,,0,,1,False,,,2024-06-12T23:00:00Z,2000.0,,Private Office Large,0.0,[No Tax],0.0,Private Office Large,6a6bd5ef-b17a-44ec-a62e-e819f7b359be,2000.0,Olena+e2@nexudus.com,2026-08-25T20:44:07Z
1457717089,,,,,0a9a0857-2e1e-483d-ba08-cae73a0bbc33,,,,False,EUR,2026-04-14T19:58:03Z,1429951478,INV-0107,True,2026-04-11T20:02:17Z,,,,,2026-04-11T19:58:03Z,0.0,,Flex Fortnightly,,,,,,,MEM-001,Membership Revenue,,False,False,False,False,e04f71a2-c16f-4b29-ab48-6e5869c3476e,,0,,1,False,,,2025-08-02T23:00:00Z,250.0,,Flex Fortnightly,0.0,[No Tax],0.0,Flex Fortnightly,2d1f9271-cd29-49a8-84b2-d8974833a6dd,250.0,Olena+e2@nexudus.com,2026-08-25T20:44:14Z
1457717090,,,,,080f8ea5-dcf0-401e-a264-fb8b2a6abf70,,,,False,EUR,2025-06-18T19:58:07Z,1429951479,INV-0111,True,2025-06-15T20:02:21Z,,,,,2025-06-15T19:58:07Z,0.0,,Flex Fortnightly,,,,,,,MEM-001,Membership Revenue,,False,False,False,False,e04f71a2-c16f-4b29-ab48-6e5869c3476e,,0,,1,False,,,2025-03-19T22:00:00Z,250.0,,Flex Fortnightly,0.0,[No Tax],0.0,Flex Fortnightly,901d1c42-16b9-4311-8da5-1a1d2082a3d4,250.0,Olena+e2@nexudus.com,2026-08-25T20:44:16Z
1457717091,,,,,080f8ea5-dcf0-401e-a264-fb8b2a6abf70,,,,False,EUR,2025-06-18T19:58:07Z,1429951479,INV-0111,True,2025-06-15T20:02:21Z,Mail Handling,d8dfd07c-4dda-4ed3-8cc2-1883e84ea2d8,,,2025-06-15T19:58:07Z,0.0,,Mail Handling,,,,,,,PRD-001,Product Sales,,False,False,False,False,e04f71a2-c16f-4b29-ab48-6e5869c3476e,,1,,1,False,,,2026-05-29T22:00:00Z,20.0,,,0.0,[No Tax],0.0,Mail Handling,c753d3ec-0c93-4f61-993e-11f3225782ef,20.0,Olena+e2@nexudus.com,2026-08-25T20:44:16Z
1457717092,,,,,98ad6339-53d2-4691-8dbc-331d630171b5,,,,False,EUR,2023-11-08T19:58:09Z,1429951480,INV-0113,True,2023-11-05T20:02:22Z,,,,,2023-11-05T19:58:09Z,0.0,,Hot Desk Quarterly,,,,,,,MEM-001,Membership Revenue,,False,False,False,False,e04f71a2-c16f-4b29-ab48-6e5869c3476e,,0,,1,False,,,2023-10-06T22:00:00Z,400.0,,Hot Desk Quarterly,0.0,[No Tax],0.0,Hot Desk Quarterly,1d284787-759a-4008-8e61-3b24d88798d5,400.0,Olena+e2@nexudus.com,2026-08-25T20:44:18Z
1457717093,,,,,98ad6339-53d2-4691-8dbc-331d630171b5,,,,False,EUR,2023-11-08T19:58:09Z,1429951480,INV-0113,True,2023-11-05T20:02:22Z,Parking Space,c2bcee71-607d-409b-8741-41274404e811,,,2023-11-05T19:58:09Z,0.0,,Parking Space,,,,,,,PRD-001,Product Sales,,False,False,False,False,e04f71a2-c16f-4b29-ab48-6e5869c3476e,,1,,1,False,,,2026-07-26T22:00:00Z,75.0,,,0.0,[No Tax],0.0,Parking Space,0df75aa8-b851-47e1-aa86-5ec10a03ddce,75.0,Olena+e2@nexudus.com,2026-08-25T20:44:18Z
1457717094,,,,,d0e0f13b-7d3e-41fe-a05a-f7488fe8f088,,,,False,EUR,2023-01-18T19:58:15Z,1429951481,INV-0115,True,2023-01-15T20:02:24Z,,,,,2023-01-15T19:58:15Z,0.0,,Dedicated Desk Monthly,,,,,,,MEM-001,Membership Revenue,,False,False,False,False,e04f71a2-c16f-4b29-ab48-6e5869c3476e,,0,,1,False,,,2022-05-09T23:00:00Z,350.0,,Dedicated Desk Monthly,0.0,[No Tax],0.0,Dedicated Desk Monthly,972b59d0-7a0a-4a02-8bf7-79d339e409ba,350.0,Olena+e2@nexudus.com,2026-08-25T20:44:20Z
1457717095,,,,,d0e0f13b-7d3e-41fe-a05a-f7488fe8f088,,,,False,EUR,2023-01-18T19:58:15Z,1429951481,INV-0115,True,2023-01-15T20:02:24Z,Storage Locker,7b91f667-da67-42ca-a974-28e3ac9f788c,,,2023-01-15T19:58:15Z,0.0,,Storage Locker,,,,,,,PRD-001,Product Sales,,False,False,False,False,e04f71a2-c16f-4b29-ab48-6e5869c3476e,,1,,1,False,,,2025-12-17T23:00:00Z,30.0,,,0.0,[No Tax],0.0,Storage Locker,3206752e-0926-4a95-b3f6-c3a309dca699,30.0,Olena+e2@nexudus.com,2026-08-25T20:44:20Z
1457717096,,,,,41e0155f-37b5-4878-8b18-8efdab992fb1,,,,False,EUR,2024-01-31T19:58:16Z,1429951482,INV-0116,True,2024-01-28T20:02:25Z,,,,,2024-01-28T19:58:16Z,0.0,,Hot Desk Quarterly,,,,,,,MEM-001,Membership Revenue,,False,False,False,False,e04f71a2-c16f-4b29-ab48-6e5869c3476e,,0,,1,False,,,2023-02-16T22:00:00Z,359.14,,Hot Desk Quarterly,0.0,[No Tax],0.0,Hot Desk Quarterly,68bed2d8-d79b-4b2f-b19d-c7d711de0eeb,359.14,Olena+e2@nexudus.com,2026-08-25T20:44:20Z
1457717097,,,,,c3e3e2eb-6035-4462-9876-89d5f059199d,,,,False,EUR,2025-11-07T19:58:17Z,1429951483,INV-0117,True,2025-11-04T20:02:26Z,,,,,2025-11-04T19:58:18Z,0.0,,Private Office Annual,,,,,,,MEM-001,Membership Revenue,,False,False,False,False,e04f71a2-c16f-4b29-ab48-6e5869c3476e,,0,,1,False,,,2028-08-24T22:00:00Z,12000.0,,Private Office Annual,0.0,[No Tax],0.0,Private Office Annual,6b350045-0f77-4a8d-a876-a877eaaf4155,12000.0,Olena+e2@nexudus.com,2026-08-25T20:44:21Z
1457717098,,,,,c3e3e2eb-6035-4462-9876-89d5f059199d,,,,False,EUR,2025-11-07T19:58:17Z,1429951483,INV-0117,True,2025-11-04T20:02:26Z,Parking Space,632e7c9f-8463-4499-900a-cc919daddc92,,,2025-11-04T19:58:18Z,0.0,,Parking Space,,,,,,,PRD-001,Product Sales,,False,False,False,False,e04f71a2-c16f-4b29-ab48-6e5869c3476e,,1,,1,False,,,2029-06-14T22:00:00Z,75.0,,,0.0,[No Tax],0.0,Parking Space,726f429b-6367-41b7-bfbe-35c8040095a2,75.0,Olena+e2@nexudus.com,2026-08-25T20:44:21Z
1457717099,,,,,deb914d0-ec9e-45b0-8927-b1f8a20aa6bf,,,,False,EUR,2025-03-02T19:58:19Z,1429951484,INV-0118,True,2025-02-27T20:02:27Z,,,,,2025-02-27T19:58:19Z,0.0,,Flex Fortnightly,,,,,,,MEM-001,Membership Revenue,,False,False,False,False,e04f71a2-c16f-4b29-ab48-6e5869c3476e,,0,,1,False,,,2024-02-13T22:00:00Z,250.0,,Flex Fortnightly,0.0,[No Tax],0.0,Flex Fortnightly,8d3fe356-8e32-4f14-ba76-04213648b8cc,250.0,Olena+e2@nexudus.com,2026-08-25T20:44:21Z
1457717100,,,,,deb914d0-ec9e-45b0-8927-b1f8a20aa6bf,,,,False,EUR,2025-03-02T19:58:19Z,1429951484,INV-0118,True,2025-02-27T20:02:27Z,Parking Space,0e1bdeaa-ca09-4656-b305-681b4f9a2a11,,,2025-02-27T19:58:19Z,0.0,,Parking Space,,,,,,,PRD-001,Product Sales,,False,False,False,False,e04f71a2-c16f-4b29-ab48-6e5869c3476e,,1,,1,False,,,2025-08-10T22:00:00Z,75.0,,,0.0,[No Tax],0.0,Parking Space,cd3a78d6-773c-430f-9d15-dd9a324ac052,75.0,Olena+e2@nexudus.com,2026-08-25T20:44:21Z
1457717101,,,,,d8fcb41e-c8fa-433d-908b-60666b7f302a,,,,False,EUR,2025-03-06T19:58:32Z,1429951485,INV-0123,True,2025-03-03T20:02:31Z,,,,,2025-03-03T19:58:32Z,0.0,,Dedicated Desk Monthly,,,,,,,MEM-001,Membership Revenue,,False,False,False,False,e04f71a2-c16f-4b29-ab48-6e5869c3476e,,0,,1,False,,,2025-04-09T22:00:00Z,350.0,,Dedicated Desk Monthly,0.0,[No Tax],0.0,Dedicated Desk Monthly,f97607bf-3bbc-4266-ad74-a5c60f0ac2c1,350.0,Olena+e2@nexudus.com,2026-08-25T20:45:15Z
1457717102,,,,,d8fcb41e-c8fa-433d-908b-60666b7f302a,,,,False,EUR,2025-03-06T19:58:32Z,1429951485,INV-0123,True,2025-03-03T20:02:31Z,Storage Locker,6da32e51-213e-43f2-a60f-eed8f4f15242,,,2025-03-03T19:58:32Z,0.0,,Storage Locker,,,,,,,PRD-001,Product Sales,,False,False,False,False,e04f71a2-c16f-4b29-ab48-6e5869c3476e,,1,,1,False,,,2026-10-01T22:00:00Z,30.0,,,0.0,[No Tax],0.0,Storage Locker,29367b06-8371-43fc-ad3a-ed2846c4ec06,30.0,Olena+e2@nexudus.com,2026-08-25T20:45:15Z
1457717103,,,,,58cae1f6-208f-465a-94fd-3dda8406c288,,,,False,EUR,2024-04-02T19:58:36Z,1429951486,INV-0125,True,2024-03-30T20:02:32Z,,,,,2024-03-30T19:58:36Z,0.0,,Hot Desk Monthly,,,,,,,MEM-001,Membership Revenue,,False,False,False,False,e04f71a2-c16f-4b29-ab48-6e5869c3476e,,0,,1,False,,,2024-06-29T23:00:00Z,150.0,,Hot Desk Monthly,0.0,[No Tax],0.0,Hot Desk Monthly,199a4205-332b-4cb0-b05e-714e1f92c04f,150.0,Olena+e2@nexudus.com,2026-08-25T20:45:16Z
1457717104,,,,,58cae1f6-208f-465a-94fd-3dda8406c288,,,,False,EUR,2024-04-02T19:58:36Z,1429951486,INV-0125,True,2024-03-30T20:02:32Z,Mail Handling,cf2043d8-2748-4d67-9a91-23c727c98e75,,,2024-03-30T19:58:36Z,0.0,,Mail Handling,,,,,,,PRD-001,Product Sales,,False,False,False,False,e04f71a2-c16f-4b29-ab48-6e5869c3476e,,1,,1,False,,,2026-11-24T23:00:00Z,20.0,,,0.0,[No Tax],0.0,Mail Handling,b14771c0-9afc-4ed9-a4ab-2df2245b38e7,20.0,Olena+e2@nexudus.com,2026-08-25T20:45:16Z
1457717105,,,,,41332a58-04d0-4722-aca4-36963b1503e8,,,,False,EUR,2024-06-01T19:58:40Z,1429951487,INV-0127,True,2024-05-29T20:02:34Z,,,,,2024-05-29T19:58:40Z,0.0,,Dedicated Desk Monthly,,,,,,,MEM-001,Membership Revenue,,False,False,False,False,e04f71a2-c16f-4b29-ab48-6e5869c3476e,,0,,1,False,,,2024-05-08T22:00:00Z,315.34,,Dedicated Desk Monthly,0.0,[No Tax],0.0,Dedicated Desk Monthly,7f78fe71-c6a6-4739-83c6-2560d8bb0e10,315.34,Olena+e2@nexudus.com,2026-08-25T20:45:18Z
1457717106,,,,,41332a58-04d0-4722-aca4-36963b1503e8,,,,False,EUR,2024-06-01T19:58:40Z,1429951487,INV-0127,True,2024-05-29T20:02:34Z,Mail Handling,6988af50-56e0-470a-9567-c1bfa6f4282c,,,2024-05-29T19:58:40Z,0.0,,Mail Handling,,,,,,,PRD-001,Product Sales,,False,False,False,False,e04f71a2-c16f-4b29-ab48-6e5869c3476e,,1,,1,False,,,2026-08-04T22:00:00Z,20.0,,,0.0,[No Tax],0.0,Mail Handling,3bad0f2a-c4b8-4749-878d-3220389e0643,20.0,Olena+e2@nexudus.com,2026-08-25T20:45:18Z
1457717107,,,,,2e6e2db8-0894-4575-827e-d5d4910edee6,,,,False,EUR,2025-11-17T19:58:43Z,1429951488,INV-0130,True,2025-11-14T20:02:38Z,,,,,2025-11-14T19:58:43Z,0.0,,Dedicated Desk Monthly,,,,,,,MEM-001,Membership Revenue,,False,False,False,False,e04f71a2-c16f-4b29-ab48-6e5869c3476e,,0,,1,False,,,2026-01-27T23:00:00Z,330.98,,Dedicated Desk Monthly,0.0,[No Tax],0.0,Dedicated Desk Monthly,84c40961-f67a-46e6-8817-32a82393868a,330.98,Olena+e2@nexudus.com,2026-08-25T20:45:20Z
1457717108,,,,,2cadbe78-c732-4476-861a-9bc67be72c08,,,,False,EUR,2023-10-19T19:58:44Z,1429951489,INV-0131,True,2023-10-16T20:02:39Z,,,,,2023-10-16T19:58:44Z,0.0,,Flex Fortnightly,,,,,,,MEM-001,Membership Revenue,,False,False,False,False,e04f71a2-c16f-4b29-ab48-6e5869c3476e,,0,,1,False,,,2023-05-24T22:00:00Z,250.0,,Flex Fortnightly,0.0,[No Tax],0.0,Flex Fortnightly,dbba4719-a4e2-4186-be2e-eb5c8dd1891a,250.0,Olena+e2@nexudus.com,2026-08-25T20:45:21Z
1457717109,,,,,2cadbe78-c732-4476-861a-9bc67be72c08,,,,False,EUR,2023-10-19T19:58:44Z,1429951489,INV-0131,True,2023-10-16T20:02:39Z,Parking Space,6a0678e3-ffa6-4b60-9b90-4ffdc8c8e90a,,,2023-10-16T19:58:44Z,0.0,,Parking Space,,,,,,,PRD-001,Product Sales,,False,False,False,False,e04f71a2-c16f-4b29-ab48-6e5869c3476e,,1,,1,False,,,2026-04-02T22:00:00Z,75.0,,,0.0,[No Tax],0.0,Parking Space,34313ae4-864e-42e3-9099-91029a19b37a,75.0,Olena+e2@nexudus.com,2026-08-25T20:45:21Z
1457717111,,,,,ccd407f4-d6ae-4205-b329-40995062b471,,,,False,EUR,2026-05-22T19:58:47Z,1429951491,INV-0134,True,2026-05-19T20:02:41Z,,,,,2026-05-19T19:58:47Z,0.0,,Flex Weekly,,,,,,,MEM-001,Membership Revenue,,False,False,False,False,e04f71a2-c16f-4b29-ab48-6e5869c3476e,,0,,1,False,,,2025-10-25T23:00:00Z,44.93,,Flex Weekly,0.0,[No Tax],0.0,Flex Weekly,da060f63-e038-42a1-8c41-68230ea8db31,44.93,Olena+e2@nexudus.com,2026-08-25T20:45:23Z
1457717112,,,,,ccd407f4-d6ae-4205-b329-40995062b471,,,,False,EUR,2026-05-22T19:58:47Z,1429951491,INV-0134,True,2026-05-19T20:02:41Z,Mail Handling,42475484-4d38-44b0-86f1-c49a56ec0581,,,2026-05-19T19:58:47Z,0.0,,Mail Handling,,,,,,,PRD-001,Product Sales,,False,False,False,False,e04f71a2-c16f-4b29-ab48-6e5869c3476e,,1,,1,False,,,2026-01-31T23:00:00Z,20.0,,,0.0,[No Tax],0.0,Mail Handling,f8c68e77-dbe6-49ea-a37e-aad367f1c3da,20.0,Olena+e2@nexudus.com,2026-08-25T20:45:23Z
1457717113,,,,,080f8ea5-dcf0-401e-a264-fb8b2a6abf70,,,,False,EUR,2023-02-19T19:58:50Z,1429951492,INV-0137,True,2023-02-16T20:03:18Z,,,,,2023-02-16T19:58:50Z,0.0,,Flex Fortnightly,,,,,,,MEM-001,Membership Revenue,,False,False,False,False,e04f71a2-c16f-4b29-ab48-6e5869c3476e,,0,,1,False,,,2022-12-04T22:00:00Z,250.0,,Flex Fortnightly,0.0,[No Tax],0.0,Flex Fortnightly,130428f9-cb9e-4053-adfa-70846b8b2725,250.0,Olena+e2@nexudus.com,2026-08-25T20:45:25Z
1457717114,,,,,080f8ea5-dcf0-401e-a264-fb8b2a6abf70,,,,False,EUR,2023-02-19T19:58:50Z,1429951492,INV-0137,True,2023-02-16T20:03:18Z,Mail Handling,8f23bcdd-4085-44cd-855c-3177a9c25248,,,2023-02-16T19:58:50Z,0.0,,Mail Handling,,,,,,,PRD-001,Product Sales,,False,False,False,False,e04f71a2-c16f-4b29-ab48-6e5869c3476e,,1,,1,False,,,2026-06-12T22:00:00Z,20.0,,,0.0,[No Tax],0.0,Mail Handling,bbb33301-c1d8-497f-be94-2e29f0d88a99,20.0,Olena+e2@nexudus.com,2026-08-25T20:45:25Z
1457717115,,,,,41e0155f-37b5-4878-8b18-8efdab992fb1,,,,False,EUR,2026-04-18T19:58:58Z,1429951493,INV-0142,True,2026-04-15T20:03:22Z,,,,,2026-04-15T19:58:58Z,0.0,,Hot Desk Quarterly,,,,,,,MEM-001,Membership Revenue,,False,False,False,False,e04f71a2-c16f-4b29-ab48-6e5869c3476e,,0,,1,False,,,2025-08-03T23:00:00Z,359.14,,Hot Desk Quarterly,0.0,[No Tax],0.0,Hot Desk Quarterly,14daa8c6-6557-440d-b4a4-18ab31f9e7d8,359.14,Olena+e2@nexudus.com,2026-08-25T20:45:28Z
1457717116,,,,,05d57e40-8523-4290-87a0-5c3f06ee7d2b,,,,False,EUR,2023-04-24T19:59:07Z,1429951494,INV-0145,True,2023-04-21T20:03:24Z,,,,,2023-04-21T19:59:07Z,0.0,,Dedicated Desk Monthly,,,,,,,MEM-001,Membership Revenue,,False,False,False,False,e04f71a2-c16f-4b29-ab48-6e5869c3476e,,0,,1,False,,,2021-12-19T22:00:00Z,329.93,,Dedicated Desk Monthly,0.0,[No Tax],0.0,Dedicated Desk Monthly,169aaa14-d32f-47bb-88bc-2e392a4fb320,329.93,Olena+e2@nexudus.com,2026-08-25T20:45:32Z
1457717117,,,,,05d57e40-8523-4290-87a0-5c3f06ee7d2b,,,,False,EUR,2023-04-24T19:59:07Z,1429951494,INV-0145,True,2023-04-21T20:03:24Z,Storage Locker,66199b60-7a65-4ad6-b7fa-799cf8eff088,,,2023-04-21T19:59:07Z,0.0,,Storage Locker,,,,,,,PRD-001,Product Sales,,False,False,False,False,e04f71a2-c16f-4b29-ab48-6e5869c3476e,,1,,1,False,,,2025-04-24T22:00:00Z,30.0,,,0.0,[No Tax],0.0,Storage Locker,fc6b09e1-9823-446e-9099-d273222ccc9a,30.0,Olena+e2@nexudus.com,2026-08-25T20:45:32Z
1457717118,,,,05381d33-f4d9-4534-9b84-1bc46122abcf,56d5f420-d042-45a7-9b7d-7bb85443c1ca,,,,False,EUR,2023-04-24T19:59:07Z,1429951494,INV-0145,True,2023-04-21T20:03:24Z,,,,,2023-04-21T19:59:07Z,0.0,,Flex Fortnightly (Leslie Warner),0.0,,,,,,MEM-001,Membership Revenue,,False,False,False,False,e04f71a2-c16f-4b29-ab48-6e5869c3476e,,2,,1,False,,,2021-12-19T22:00:00Z,250.0,,Flex Fortnightly,0.0,[No Tax],0.0,Flex Fortnightly (Leslie Warner),18b57f7d-2b74-43ee-93cc-b164376cf4e1,250.0,Olena+e2@nexudus.com,2026-08-25T20:45:32Z
1457717119,,,,629cd80e-27bf-4b7c-af92-b7e9a6b9807d,56d5f420-d042-45a7-9b7d-7bb85443c1ca,,,,False,EUR,2023-04-24T19:59:07Z,1429951494,INV-0145,True,2023-04-21T20:03:24Z,Parking Space,3b45840c-bff9-42cc-9845-98a1cf5b82a2,,,2023-04-21T19:59:07Z,0.0,,Parking Space (Leslie Warner),0.0,,,,,,PRD-001,Product Sales,,False,False,False,False,e04f71a2-c16f-4b29-ab48-6e5869c3476e,,3,,1,False,,,2025-07-27T22:00:00Z,75.0,,,0.0,[No Tax],0.0,Parking Space (Leslie Warner),d2fb1958-317b-4788-8852-e3c80b1ed9bc,75.0,Olena+e2@nexudus.com,2026-08-25T20:45:32Z
1457717120,,,,300f11b4-431e-4c95-802b-75229a6442e9,56d5f420-d042-45a7-9b7d-7bb85443c1ca,,,,False,EUR,2023-04-24T19:59:07Z,1429951494,INV-0145,True,2023-04-21T20:03:24Z,,,,,2023-04-21T19:59:07Z,0.0,,Flex Fortnightly (Leslie Warner),0.0,,,,,,MEM-001,Membership Revenue,,False,False,False,False,e04f71a2-c16f-4b29-ab48-6e5869c3476e,,4,,1,False,,,2021-12-19T22:00:00Z,250.0,,Flex Fortnightly,0.0,[No Tax],0.0,Flex Fortnightly (Leslie Warner),5ed950a7-7484-4cfa-958b-4e7a70c639ca,250.0,Olena+e2@nexudus.com,2026-08-25T20:45:32Z
1457717121,,,,68f8337b-a721-4e5b-9de1-5ab975d7c6aa,56d5f420-d042-45a7-9b7d-7bb85443c1ca,,,,False,EUR,2023-04-24T19:59:07Z,1429951494,INV-0145,True,2023-04-21T20:03:24Z,Parking Space,cb0d69b2-04f2-4d6a-9476-30b52f50e921,,,2023-04-21T19:59:07Z,0.0,,Parking Space (Leslie Warner),0.0,,,,,,PRD-001,Product Sales,,False,False,False,False,e04f71a2-c16f-4b29-ab48-6e5869c3476e,,5,,1,False,,,2025-08-10T22:00:00Z,75.0,,,0.0,[No Tax],0.0,Parking Space (Leslie Warner),c05cd5f2-4ae7-4a9d-8b9b-b5b99fcfc74a,75.0,Olena+e2@nexudus.com,2026-08-25T20:45:32Z
1457717122,,,,437139b3-36a1-48b4-9ccf-4c9c77e95d54,1a5c76ee-f959-44e4-84ca-ab0a373ed503,,,,False,EUR,2023-04-24T19:59:07Z,1429951494,INV-0145,True,2023-04-21T20:03:24Z,,,,,2023-04-21T19:59:07Z,0.0,,Flex Weekly (Gemma Ferguson),0.0,,,,,,MEM-001,Membership Revenue,,False,False,False,False,e04f71a2-c16f-4b29-ab48-6e5869c3476e,,6,,1,False,,,2021-12-19T22:00:00Z,44.46,,Flex Weekly,0.0,[No Tax],0.0,Flex Weekly (Gemma Ferguson),75c6cec6-ada8-4cba-a976-323a9048bbc0,44.46,Olena+e2@nexudus.com,2026-08-25T20:45:32Z
1457717123,,,,f47eee1b-c9c8-4395-be08-8c85a737e211,1a5c76ee-f959-44e4-84ca-ab0a373ed503,,,,False,EUR,2023-04-24T19:59:07Z,1429951494,INV-0145,True,2023-04-21T20:03:24Z,,,,,2023-04-21T19:59:07Z,0.0,,Flex Weekly (Gemma Ferguson),0.0,,,,,,MEM-001,Membership Revenue,,False,False,False,False,e04f71a2-c16f-4b29-ab48-6e5869c3476e,,7,,1,False,,,2021-12-19T22:00:00Z,44.46,,Flex Weekly,0.0,[No Tax],0.0,Flex Weekly (Gemma Ferguson),6c869dde-2743-46b0-89a7-367828adec91,44.46,Olena+e2@nexudus.com,2026-08-25T20:45:32Z
1457717124,,,,5d68ec57-8fa7-43e8-852a-9c7a45976267,df6d629b-b400-46c5-8491-ebd0acaf5840,,,,False,EUR,2023-04-24T19:59:07Z,1429951494,INV-0145,True,2023-04-21T20:03:24Z,,,,,2023-04-21T19:59:07Z,0.0,,Dedicated Desk Monthly (Jeremy Mellor),0.0,,,,,,MEM-001,Membership Revenue,,False,False,False,False,e04f71a2-c16f-4b29-ab48-6e5869c3476e,,8,,1,False,,,2021-12-19T22:00:00Z,330.2,,Dedicated Desk Monthly,0.0,[No Tax],0.0,Dedicated Desk Monthly (Jeremy Mellor),2fb9c1c6-9fe1-4d9b-a254-2a2867a67849,330.2,Olena+e2@nexudus.com,2026-08-25T20:45:32Z
1457717125,,,,827d071c-bd79-400d-a918-e1ac8fdabc8e,bdcb9d2c-ab81-4e8e-9968-3a380ef40ce8,,,,False,EUR,2023-04-24T19:59:07Z,1429951494,INV-0145,True,2023-04-21T20:03:24Z,,,,,2023-04-21T19:59:07Z,0.0,,Hot Desk Monthly (Gemma Elliott),0.0,,,,,,MEM-001,Membership Revenue,,False,False,False,False,e04f71a2-c16f-4b29-ab48-6e5869c3476e,,9,,1,False,,,2021-12-19T22:00:00Z,140.86,,Hot Desk Monthly,0.0,[No Tax],0.0,Hot Desk Monthly (Gemma Elliott),81a07bf6-b471-42be-8320-65c15e7a2b8f,140.86,Olena+e2@nexudus.com,2026-08-25T20:45:32Z
1457717126,,,,4d412739-87c7-4dff-8a56-82927ffe8655,bdcb9d2c-ab81-4e8e-9968-3a380ef40ce8,,,,False,EUR,2023-04-24T19:59:07Z,1429951494,INV-0145,True,2023-04-21T20:03:24Z,Mail Handling,628feeb4-dc3a-4ffe-aba7-774f0ae5950b,,,2023-04-21T19:59:07Z,0.0,,Mail Handling (Gemma Elliott),0.0,,,,,,PRD-001,Product Sales,,False,False,False,False,e04f71a2-c16f-4b29-ab48-6e5869c3476e,,10,,1,False,,,2027-01-01T23:00:00Z,20.0,,,0.0,[No Tax],0.0,Mail Handling (Gemma Elliott),6944ce55-6b15-4faa-bdc3-6b70f1f3a3f3,20.0,Olena+e2@nexudus.com,2026-08-25T20:45:32Z
1457717127,,,,4555b1de-cf09-438c-9199-fead3e5c4f19,40933bb3-00fe-49af-9a6d-edb5828b366b,,,,False,EUR,2023-04-24T19:59:07Z,1429951494,INV-0145,True,2023-04-21T20:03:24Z,,,,,2023-04-21T19:59:07Z,0.0,,Private Office Annual (Irene Wilson),0.0,,,,,,MEM-001,Membership Revenue,,False,False,False,False,e04f71a2-c16f-4b29-ab48-6e5869c3476e,,11,,1,False,,,2021-12-19T22:00:00Z,12000.0,,Private Office Annual,0.0,[No Tax],0.0,Private Office Annual (Irene Wilson),daa73304-eeb7-44e0-b78e-84c180cf5557,12000.0,Olena+e2@nexudus.com,2026-08-25T20:45:32Z
1457717129,,a11ed60a-1e05-4f00-8f67-21f0f33463cc,,a11ed60a-1e05-4f00-8f67-21f0f33463cc,41e0155f-37b5-4878-8b18-8efdab992fb1,,,,True,EUR,2025-02-04T20:03:44Z,1429951496,INV-0149,True,2025-02-04T20:03:44Z,,,,,2025-02-04T20:03:44Z,0.0,,Hot Desk Quarterly,,,,,,,MEM-001,Membership Revenue,,False,False,False,False,e04f71a2-c16f-4b29-ab48-6e5869c3476e,,0,,-1,False,,,2023-02-24T22:00:00Z,-359.14,,Hot Desk Quarterly,0.0,[No Tax],0.0,Hot Desk Quarterly,0f3533ff-4187-45c6-9074-2e44f7e8dd87,359.14,Olena+e2@nexudus.com,2026-08-25T20:45:59Z
1457717130,,2fbe8d89-9123-4193-83df-265066470ab3,,2fbe8d89-9123-4193-83df-265066470ab3,,,,,True,EUR,2025-02-04T20:03:44Z,1429951496,INV-0149,True,2025-02-04T20:03:44Z,,,10-Visit Pass,94cdfad4-b410-4949-93cd-142e6b16e2dc,2025-02-04T20:03:44Z,0.0,,10-Visit Pass [25/08/2026],,,,,,,,,,False,False,False,False,e04f71a2-c16f-4b29-ab48-6e5869c3476e,,0,,-1,False,,,2026-08-25T19:49:07Z,-200.0,,,0.0,[No Tax],0.0,10-Visit Pass [25/08/2026],2c5bb33d-97d0-407b-947b-cd2fb7c50dce,200.0,Olena+e2@nexudus.com,2026-08-25T20:45:59Z
1457717134,,a4a088a7-be61-4ab5-a36d-e71a09b1cbf4,,a4a088a7-be61-4ab5-a36d-e71a09b1cbf4,deb914d0-ec9e-45b0-8927-b1f8a20aa6bf,,,,True,EUR,2025-11-24T20:03:49Z,1429951498,INV-0155,True,2025-11-24T20:03:49Z,,,,,2025-11-24T20:03:49Z,0.0,,Flex Fortnightly,,,,,,,MEM-001,Membership Revenue,,False,False,False,False,e04f71a2-c16f-4b29-ab48-6e5869c3476e,,0,,-1,False,,,2024-09-14T22:00:00Z,-250.0,,Flex Fortnightly,0.0,[No Tax],0.0,Flex Fortnightly,531ab8cb-9e3b-4f37-a614-294b3040930e,250.0,Olena+e2@nexudus.com,2026-08-25T20:46:03Z
1457717135,,83c0e774-97b7-4580-a880-c3d5e4346721,,83c0e774-97b7-4580-a880-c3d5e4346721,deb914d0-ec9e-45b0-8927-b1f8a20aa6bf,,,,True,EUR,2025-11-24T20:03:49Z,1429951498,INV-0155,True,2025-11-24T20:03:49Z,Parking Space,6cb02816-82f0-408a-82c1-e93b0d1340ca,,,2025-11-24T20:03:49Z,0.0,,Parking Space,,,,,,,PRD-001,Product Sales,,False,False,False,False,e04f71a2-c16f-4b29-ab48-6e5869c3476e,,0,,-1,False,,,2025-06-16T00:00:00Z,-75.0,,,0.0,[No Tax],0.0,Parking Space,51e37a4c-295e-44b9-bfe2-d627724f95f0,75.0,Olena+e2@nexudus.com,2026-08-25T20:46:03Z
1457717136,,c1b50f73-9242-44d4-8dd1-b97dd80aa6e1,,c1b50f73-9242-44d4-8dd1-b97dd80aa6e1,,,,,True,EUR,2025-11-24T20:03:49Z,1429951498,INV-0155,True,2025-11-24T20:03:49Z,,,10-Visit Pass,bb816dfb-8fe6-4833-82ec-7e941ba7b636,2025-11-24T20:03:49Z,0.0,,10-Visit Pass [25/08/2026],,,,,,,,,,False,False,False,False,e04f71a2-c16f-4b29-ab48-6e5869c3476e,,0,,-1,False,,,2026-08-25T19:48:05Z,-200.0,,,0.0,[No Tax],0.0,10-Visit Pass [25/08/2026],a242fe69-f7d3-4fc0-a1ab-173e3006526e,200.0,Olena+e2@nexudus.com,2026-08-25T20:46:03Z
1457717137,,e9323805-9ee3-401e-8470-58c2fd378d76,,e9323805-9ee3-401e-8470-58c2fd378d76,,,,,True,EUR,2025-11-24T20:03:49Z,1429951498,INV-0155,True,2025-11-24T20:03:49Z,,,,,2025-11-24T20:03:49Z,0.0,,New Year Kickoff Breakfast: General Admission (Colin Lloyd),,,,General Admission,a7de57ad-de2f-4b30-973d-81352346150f,,EVT-001,Event Revenue,,False,False,False,False,e04f71a2-c16f-4b29-ab48-6e5869c3476e,,0,,-1,False,,,2026-09-24T09:00:00Z,-10.0,,,0.0,[No Tax],0.0,New Year Kickoff Breakfast: General Admission (Colin Lloyd),4ff9a0a8-8795-40ea-8d3d-5f7378a00ad3,10.0,Olena+e2@nexudus.com,2026-08-25T20:46:03Z
1457717138,,1d36cff2-e204-407d-aeca-9b415c0dd8a6,,1d36cff2-e204-407d-aeca-9b415c0dd8a6,,,,,True,EUR,2026-03-16T20:04:25Z,1429951499,INV-0161,True,2026-03-16T20:04:25Z,Storage Locker,9137626c-eec3-4bc4-8ba0-4493132e4107,,,2026-03-16T20:04:25Z,0.0,,Storage Locker,,,,,,,PRD-001,Product Sales,,False,False,False,False,e04f71a2-c16f-4b29-ab48-6e5869c3476e,,0,,-1,False,,,2026-08-25T19:49:17Z,-30.0,,,0.0,[No Tax],0.0,Storage Locker,e4abe4d0-4be7-4ebf-b1df-63dfe7a72ca0,30.0,Olena+e2@nexudus.com,2026-08-25T20:46:10Z
1457717139,,fda38372-14bf-4b7f-96e2-7424660ca470,,fda38372-14bf-4b7f-96e2-7424660ca470,,,,,True,EUR,2025-05-17T20:04:26Z,1429951500,INV-0162,True,2025-05-17T20:04:26Z,Parking Space,a8a71476-caac-4684-9e0a-db3edc88f0c1,,,2025-05-17T20:04:26Z,0.0,,Parking Space,,,,,,,PRD-001,Product Sales,,False,False,False,False,e04f71a2-c16f-4b29-ab48-6e5869c3476e,,0,,-1,False,,,2026-08-25T19:49:14Z,-75.0,,,0.0,[No Tax],0.0,Parking Space,7b87c34a-72f7-4634-8d02-b26fcc74fdd1,75.0,Olena+e2@nexudus.com,2026-08-25T20:46:11Z
1457717140,,e6acf76e-533d-4ee8-8e48-629b40acc84b,,e6acf76e-533d-4ee8-8e48-629b40acc84b,53883c56-d800-4a32-9239-ef13b2d71f9a,,,,True,EUR,2025-03-23T20:04:30Z,1429951501,INV-0167,True,2025-03-23T20:04:31Z,,,,,2025-03-23T20:04:30Z,0.0,,Flex Weekly (Jessica White),,,,,,,MEM-001,Membership Revenue,,False,False,False,False,e04f71a2-c16f-4b29-ab48-6e5869c3476e,,0,,-1,False,,,2023-09-03T23:00:00Z,-50.0,,Flex Weekly,0.0,[No Tax],0.0,Flex Weekly (Jessica White),7f6c0e25-048e-4f90-93d6-f4734c6bdde5,50.0,Olena+e2@nexudus.com,2026-08-25T20:46:15Z
1457717141,,d0580f15-13da-4be1-ad4b-8eab11d35c35,,d0580f15-13da-4be1-ad4b-8eab11d35c35,1657f767-e59a-49fc-a23b-effc1bee7fee,,,,True,EUR,2025-03-23T20:04:30Z,1429951501,INV-0167,True,2025-03-23T20:04:31Z,,,,,2025-03-23T20:04:30Z,0.0,,Private Office Large,,,,,,,MEM-001,Membership Revenue,,False,False,False,False,e04f71a2-c16f-4b29-ab48-6e5869c3476e,,0,,-1,False,,,2023-09-03T23:00:00Z,-2000.0,,Private Office Large,0.0,[No Tax],0.0,Private Office Large,12af7933-9c08-47a4-836f-fa8cfd221268,2000.0,Olena+e2@nexudus.com,2026-08-25T20:46:15Z
1457717142,,106847fd-81d5-4287-a797-ba9813883a49,,106847fd-81d5-4287-a797-ba9813883a49,92281be9-afd5-42cf-bd70-d6e27953d355,,,,True,EUR,2025-03-23T20:04:30Z,1429951501,INV-0167,True,2025-03-23T20:04:31Z,,,,,2025-03-23T20:04:30Z,0.0,,Hot Desk Quarterly (Jessica White),,,,,,,MEM-001,Membership Revenue,,False,False,False,False,e04f71a2-c16f-4b29-ab48-6e5869c3476e,,0,,-1,False,,,2023-09-03T23:00:00Z,-400.0,,Hot Desk Quarterly,0.0,[No Tax],0.0,Hot Desk Quarterly (Jessica White),8042de4f-c1e1-4e86-8d9f-09428d8883cb,400.0,Olena+e2@nexudus.com,2026-08-25T20:46:15Z
1457717345,,d54ffb8c-ab4a-457f-a208-d96f2ac398f9,,d54ffb8c-ab4a-457f-a208-d96f2ac398f9,0f98fec6-9c3f-4f79-b7ea-91d954ffc7f0,,,,True,EUR,2025-03-23T20:04:30Z,1429951501,INV-0167,True,2025-03-23T20:04:31Z,,,,,2025-03-23T20:04:30Z,0.0,,Dedicated Desk Monthly (Jay Rees),,,,,,,MEM-001,Membership Revenue,,False,False,False,False,e04f71a2-c16f-4b29-ab48-6e5869c3476e,,0,,-1,False,,,2023-09-03T23:00:00Z,-350.0,,Dedicated Desk Monthly,0.0,[No Tax],0.0,Dedicated Desk Monthly (Jay Rees),3cc0e931-fdda-4b12-ab79-8aed11340bec,350.0,Olena+e2@nexudus.com,2026-08-25T20:46:15Z
1457717346,,ea835ba9-d503-4ee6-895b-2bba407ec07c,,ea835ba9-d503-4ee6-895b-2bba407ec07c,099e26e9-e2c1-4b7c-ac3b-03d68ad48aa3,,,,True,EUR,2025-03-23T20:04:30Z,1429951501,INV-0167,True,2025-03-23T20:04:31Z,,,,,2025-03-23T20:04:30Z,0.0,,Flex Fortnightly (Rhys Davies),,,,,,,MEM-001,Membership Revenue,,False,False,False,False,e04f71a2-c16f-4b29-ab48-6e5869c3476e,,0,,-1,False,,,2023-09-03T23:00:00Z,-250.0,,Flex Fortnightly,0.0,[No Tax],0.0,Flex Fortnightly (Rhys Davies),da84a485-ca6f-4c22-b53f-4a1dc26950d2,250.0,Olena+e2@nexudus.com,2026-08-25T20:46:15Z
1457717347,,a8251847-eed2-4113-985e-d680e2494206,,a8251847-eed2-4113-985e-d680e2494206,2784e367-fba2-4cc7-bea2-ee5c970deec5,,,,True,EUR,2025-03-23T20:04:30Z,1429951501,INV-0167,True,2025-03-23T20:04:31Z,,,,,2025-03-23T20:04:30Z,0.0,,Dedicated Desk Monthly (Sarah Reed),,,,,,,MEM-001,Membership Revenue,,False,False,False,False,e04f71a2-c16f-4b29-ab48-6e5869c3476e,,0,,-1,False,,,2023-09-03T23:00:00Z,-350.0,,Dedicated Desk Monthly,0.0,[No Tax],0.0,Dedicated Desk Monthly (Sarah Reed),1cf35592-89ce-4527-83ad-54d32a5ec1c5,350.0,Olena+e2@nexudus.com,2026-08-25T20:46:15Z
1457717348,,6e456f26-bccd-4560-b072-a16aafd0cd20,,6e456f26-bccd-4560-b072-a16aafd0cd20,2784e367-fba2-4cc7-bea2-ee5c970deec5,,,,True,EUR,2025-03-23T20:04:30Z,1429951501,INV-0167,True,2025-03-23T20:04:31Z,Parking Space,7794bd24-1421-4972-9f23-761ad95fbfa7,,,2025-03-23T20:04:30Z,0.0,,Parking Space (Sarah Reed),,,,,,,PRD-001,Product Sales,,False,False,False,False,e04f71a2-c16f-4b29-ab48-6e5869c3476e,,0,,-1,False,,,2025-07-30T00:00:00Z,-75.0,,,0.0,[No Tax],0.0,Parking Space (Sarah Reed),4dac769c-dbd3-4a7f-808b-3a57baaa8979,75.0,Olena+e2@nexudus.com,2026-08-25T20:46:15Z
1457717349,,0ce5133e-666a-4d83-adf9-dd14bde244c9,,0ce5133e-666a-4d83-adf9-dd14bde244c9,b26a2991-65b8-4cce-a087-2a1599b49542,,,,True,EUR,2025-03-23T20:04:30Z,1429951501,INV-0167,True,2025-03-23T20:04:31Z,,,,,2025-03-23T20:04:30Z,0.0,,Flex Fortnightly (Paula Harvey),,,,,,,MEM-001,Membership Revenue,,False,False,False,False,e04f71a2-c16f-4b29-ab48-6e5869c3476e,,0,,-1,False,,,2023-09-03T23:00:00Z,-227.46,,Flex Fortnightly,0.0,[No Tax],0.0,Flex Fortnightly (Paula Harvey),c55b91a9-fc21-4750-a736-e8adb75f1afc,227.46,Olena+e2@nexudus.com,2026-08-25T20:46:15Z
1457717350,,18212b7c-3c72-465b-aa0b-e4e4a8917e6f,,18212b7c-3c72-465b-aa0b-e4e4a8917e6f,b26a2991-65b8-4cce-a087-2a1599b49542,,,,True,EUR,2025-03-23T20:04:30Z,1429951501,INV-0167,True,2025-03-23T20:04:31Z,Mail Handling,c84cfa16-e251-47a8-8702-65cef41cc80a,,,2025-03-23T20:04:30Z,0.0,,Mail Handling (Paula Harvey),,,,,,,PRD-001,Product Sales,,False,False,False,False,e04f71a2-c16f-4b29-ab48-6e5869c3476e,,0,,-1,False,,,2026-06-11T00:00:00Z,-20.0,,,0.0,[No Tax],0.0,Mail Handling (Paula Harvey),7885b34d-4990-4fff-be62-1fa33f3f4331,20.0,Olena+e2@nexudus.com,2026-08-25T20:46:15Z
1457717351,,680b12e5-6daf-41db-8dbf-055c9c5bfc99,,680b12e5-6daf-41db-8dbf-055c9c5bfc99,03dc1c2f-d72e-43d3-961a-1f9bd118e6c7,,,,True,EUR,2025-03-23T20:04:30Z,1429951501,INV-0167,True,2025-03-23T20:04:31Z,,,,,2025-03-23T20:04:30Z,0.0,,Private Office Large (Jay Rees),,,,,,,MEM-001,Membership Revenue,,False,False,False,False,e04f71a2-c16f-4b29-ab48-6e5869c3476e,,0,,-1,False,,,2023-09-03T23:00:00Z,-2000.0,,Private Office Large,0.0,[No Tax],0.0,Private Office Large (Jay Rees),f3ce7a5a-cf28-4aae-94fe-dadfdc618765,2000.0,Olena+e2@nexudus.com,2026-08-25T20:46:15Z
1457717352,,e0657dd2-9438-4b96-b156-5b06b2002b5d,,e0657dd2-9438-4b96-b156-5b06b2002b5d,3ff972cd-d4b0-4f63-84b9-51e794a77aad,,,,True,EUR,2025-03-23T20:04:30Z,1429951501,INV-0167,True,2025-03-23T20:04:31Z,,,,,2025-03-23T20:04:30Z,0.0,,Dedicated Desk Monthly (Janice Glover),,,,,,,MEM-001,Membership Revenue,,False,False,False,False,e04f71a2-c16f-4b29-ab48-6e5869c3476e,,0,,-1,False,,,2023-09-03T23:00:00Z,-299.41,,Dedicated Desk Monthly,0.0,[No Tax],0.0,Dedicated Desk Monthly (Janice Glover),73e6fa0f-6d0f-4012-b2dd-3c8513db1a7d,299.41,Olena+e2@nexudus.com,2026-08-25T20:46:15Z
1457717353,29424b8c-7978-416d-b443-b9d25d9e29e5,b0867dd9-f1a0-424a-b73d-610578011242,,b0867dd9-f1a0-424a-b73d-610578011242,,,,,True,EUR,2025-03-23T20:04:30Z,1429951501,INV-0167,True,2025-03-23T20:04:31Z,AV Equipment,75839b4c-6877-4561-9646-9df362dba736,,,2025-03-23T20:04:30Z,0.0,,- AV Equipment,,,,,,,PRD-001,Product Sales,,False,False,False,False,e04f71a2-c16f-4b29-ab48-6e5869c3476e,,0,,-1,False,,,2026-02-17T14:00:00Z,-25.0,,,0.0,[No Tax],0.0,- AV Equipment,3a981856-d8e1-4809-b2a4-1ad35fdd4bc2,25.0,Olena+e2@nexudus.com,2026-08-25T20:46:15Z
1457717354,,04df9ead-38e6-47e1-aae2-6b2412193917,,04df9ead-38e6-47e1-aae2-6b2412193917,,,,,True,EUR,2025-03-23T20:04:30Z,1429951501,INV-0167,True,2025-03-23T20:04:31Z,,,,,2025-03-23T20:04:30Z,0.0,,Weekly Networking Lunch: General Admission (Samantha Quinn),,,,General Admission,158415b1-b9cb-478d-a064-ff5d00a89d7a,,EVT-001,Event Revenue,,False,False,False,False,e04f71a2-c16f-4b29-ab48-6e5869c3476e,,0,,-1,False,,,2026-07-10T17:00:00Z,-10.0,,,0.0,[No Tax],0.0,Weekly Networking Lunch: General Admission (Samantha Quinn),56f6e6e0-7944-4d64-b132-a08f6fa4062b,10.0,Olena+e2@nexudus.com,2026-08-25T20:46:15Z
1457717355,,74d1a51b-96c5-4d23-b0ac-fd42d25bc3d8,,74d1a51b-96c5-4d23-b0ac-fd42d25bc3d8,,,,,True,EUR,2025-03-23T20:04:30Z,1429951501,INV-0167,True,2025-03-23T20:04:31Z,,,Half Day Pass,b33e6562-2bb8-4942-b300-b1d6176bee96,2025-03-23T20:04:30Z,0.0,,Half Day Pass [25/08/2026] (Jay Rees),,,,,,,,,,False,False,False,False,e04f71a2-c16f-4b29-ab48-6e5869c3476e,,0,,-1,False,,,2026-08-25T19:47:59Z,-15.0,,,0.0,[No Tax],0.0,Half Day Pass [25/08/2026] (Jay Rees),01fb3614-0cc1-4a5b-bf47-d752b100ed7f,15.0,Olena+e2@nexudus.com,2026-08-25T20:46:15Z
1457717356,,879095e6-d5db-4880-9036-4e6d29b27f5b,,879095e6-d5db-4880-9036-4e6d29b27f5b,,,,,True,EUR,2025-03-23T20:04:30Z,1429951501,INV-0167,True,2025-03-23T20:04:31Z,,,Half Day Pass,c348eab8-f0fc-4401-bb94-6e0327e0625f,2025-03-23T20:04:30Z,0.0,,Half Day Pass [25/08/2026],,,,,,,,,,False,False,False,False,e04f71a2-c16f-4b29-ab48-6e5869c3476e,,0,,-1,False,,,2026-08-25T19:48:07Z,-15.0,,,0.0,[No Tax],0.0,Half Day Pass [25/08/2026],9d993e4e-ab0e-433f-b17c-ecbd5904dbef,15.0,Olena+e2@nexudus.com,2026-08-25T20:46:15Z
1457717357,,e035a669-d941-4b07-86ff-0be744ca8c5b,,e035a669-d941-4b07-86ff-0be744ca8c5b,,,,,True,EUR,2025-03-23T20:04:30Z,1429951501,INV-0167,True,2025-03-23T20:04:31Z,,,Half Day Pass,9d5ac52d-d352-4c16-9e6f-79ad69a82ddf,2025-03-23T20:04:30Z,0.0,,Half Day Pass [25/08/2026] (Paula Harvey),,,,,,,,,,False,False,False,False,e04f71a2-c16f-4b29-ab48-6e5869c3476e,,0,,-1,False,,,2026-08-25T19:48:59Z,-15.0,,,0.0,[No Tax],0.0,Half Day Pass [25/08/2026] (Paula Harvey),a8a73e17-5e31-46a7-a8db-465ff8585481,15.0,Olena+e2@nexudus.com,2026-08-25T20:46:15Z
1457717358,,fe30eca0-f7c9-42b9-9c34-72c19f233740,,fe30eca0-f7c9-42b9-9c34-72c19f233740,,,,,True,EUR,2025-03-23T20:04:30Z,1429951501,INV-0167,True,2025-03-23T20:04:31Z,,,Half Day Pass,b205c092-218e-4576-9727-f89e15efab16,2025-03-23T20:04:30Z,0.0,,Half Day Pass [25/08/2026] (Janice Glover),,,,,,,,,,False,False,False,False,e04f71a2-c16f-4b29-ab48-6e5869c3476e,,0,,-1,False,,,2026-08-25T19:49:00Z,-15.0,,,0.0,[No Tax],0.0,Half Day Pass [25/08/2026] (Janice Glover),2b976642-94ed-448f-a35f-87d38dae45ca,15.0,Olena+e2@nexudus.com,2026-08-25T20:46:15Z
1457717359,,ce4b8f63-c820-490b-915f-8324dd2bdf77,,ce4b8f63-c820-490b-915f-8324dd2bdf77,,,,,True,EUR,2025-03-23T20:04:30Z,1429951501,INV-0167,True,2025-03-23T20:04:31Z,,,Day Pass,7e86057e-1978-4224-83c5-8f62b79bbd05,2025-03-23T20:04:30Z,0.0,,Day Pass [25/08/2026] (Sarah Reed),,,,,,,,,,False,False,False,False,e04f71a2-c16f-4b29-ab48-6e5869c3476e,,0,,-1,False,,,2026-08-25T19:49:02Z,-25.0,,,0.0,[No Tax],0.0,Day Pass [25/08/2026] (Sarah Reed),8a78f553-ea3d-4937-b5b4-bbb05554e675,25.0,Olena+e2@nexudus.com,2026-08-25T20:46:15Z
1457717360,,08fbfd4b-a796-4d09-ba11-ab24fea177dc,,08fbfd4b-a796-4d09-ba11-ab24fea177dc,,,,,True,EUR,2025-03-23T20:04:30Z,1429951501,INV-0167,True,2025-03-23T20:04:31Z,,,Half Day Pass,75e07202-0aab-4cb8-8627-a1a28d21a820,2025-03-23T20:04:30Z,0.0,,Half Day Pass [25/08/2026] (Rhys Davies),,,,,,,,,,False,False,False,False,e04f71a2-c16f-4b29-ab48-6e5869c3476e,,0,,-1,False,,,2026-08-25T19:49:08Z,-15.0,,,0.0,[No Tax],0.0,Half Day Pass [25/08/2026] (Rhys Davies),73d0653a-d38d-4db4-ac1f-57a4094fc65a,15.0,Olena+e2@nexudus.com,2026-08-25T20:46:15Z
1457717386,,,,,98b2ac8f-475a-4038-8609-c3387d034106,,,,False,EUR,2026-05-11T20:38:27Z,1429951517,INV-0168,True,2026-05-08T20:39:46Z,,,,,2026-05-08T20:38:27Z,0.0,,Flex Weekly,,,,,,,MEM-001,Membership Revenue,,False,False,False,False,e04f71a2-c16f-4b29-ab48-6e5869c3476e,,0,,1,False,,,2025-01-21T22:00:00Z,50.0,,Flex Weekly,0.0,[No Tax],0.0,Flex Weekly,07312eef-ba9c-4609-8075-177466608824,50.0,Olena+e2@nexudus.com,2026-08-25T20:46:16Z
1457717387,,,,,98b2ac8f-475a-4038-8609-c3387d034106,,,,False,EUR,2026-05-11T20:38:27Z,1429951517,INV-0168,True,2026-05-08T20:39:46Z,Storage Locker,96cbb3d0-abc1-4377-9f4e-471b7ad2982a,,,2026-05-08T20:38:27Z,0.0,,Storage Locker,,,,,,,PRD-001,Product Sales,,False,False,False,False,e04f71a2-c16f-4b29-ab48-6e5869c3476e,,1,,1,False,,,2025-05-10T22:00:00Z,30.0,,,0.0,[No Tax],0.0,Storage Locker,da9660a6-407e-4177-91e1-a026ea58bd88,30.0,Olena+e2@nexudus.com,2026-08-25T20:46:16Z
1457717388,,,,69660bbd-d774-464e-97e0-8bb62c88e3e6,cd2bbb2c-3654-4737-b0b9-5c046bade0a2,,,,False,EUR,2026-05-11T20:38:27Z,1429951517,INV-0168,True,2026-05-08T20:39:46Z,,,,,2026-05-08T20:38:27Z,0.0,,Dedicated Desk Monthly (Victor Harrison),0.0,,,,,,MEM-001,Membership Revenue,,False,False,False,False,e04f71a2-c16f-4b29-ab48-6e5869c3476e,,2,,1,False,,,2025-01-21T22:00:00Z,298.76,,Dedicated Desk Monthly,0.0,[No Tax],0.0,Dedicated Desk Monthly (Victor Harrison),25e6e835-4585-4bdd-94a6-177cb2500e2b,298.76,Olena+e2@nexudus.com,2026-08-25T20:46:16Z
1457717389,,,,67d7de84-cf6a-4d24-a019-12b779d9c00c,cd2bbb2c-3654-4737-b0b9-5c046bade0a2,,,,False,EUR,2026-05-11T20:38:27Z,1429951517,INV-0168,True,2026-05-08T20:39:46Z,Parking Space,27f81d9d-9cc8-468c-a4cd-26cd6b0e37c3,,,2026-05-08T20:38:27Z,0.0,,Parking Space (Victor Harrison),0.0,,,,,,PRD-001,Product Sales,,False,False,False,False,e04f71a2-c16f-4b29-ab48-6e5869c3476e,,3,,1,False,,,2025-09-09T22:00:00Z,75.0,,,0.0,[No Tax],0.0,Parking Space (Victor Harrison),7197509b-2b23-45ae-8526-72b73634a980,75.0,Olena+e2@nexudus.com,2026-08-25T20:46:16Z
1457717390,,,,28374d35-6eb8-4c50-8886-2f3cdb95f067,cd2bbb2c-3654-4737-b0b9-5c046bade0a2,,,,False,EUR,2026-05-11T20:38:27Z,1429951517,INV-0168,True,2026-05-08T20:39:46Z,,,,,2026-05-08T20:38:27Z,0.0,,Dedicated Desk Monthly (Victor Harrison),0.0,,,,,,MEM-001,Membership Revenue,,False,False,False,False,e04f71a2-c16f-4b29-ab48-6e5869c3476e,,4,,1,False,,,2025-01-21T22:00:00Z,298.76,,Dedicated Desk Monthly,0.0,[No Tax],0.0,Dedicated Desk Monthly (Victor Harrison),332913bb-04cd-4820-ad25-5351654bbf71,298.76,Olena+e2@nexudus.com,2026-08-25T20:46:16Z
1457717391,,,,cd00e128-b6c1-4051-8955-6a79ddcbaad7,cd2bbb2c-3654-4737-b0b9-5c046bade0a2,,,,False,EUR,2026-05-11T20:38:27Z,1429951517,INV-0168,True,2026-05-08T20:39:46Z,Parking Space,ec1169c9-6869-4ec7-9928-33403eaaec96,,,2026-05-08T20:38:27Z,0.0,,Parking Space (Victor Harrison),0.0,,,,,,PRD-001,Product Sales,,False,False,False,False,e04f71a2-c16f-4b29-ab48-6e5869c3476e,,5,,1,False,,,2025-10-09T22:00:00Z,75.0,,,0.0,[No Tax],0.0,Parking Space (Victor Harrison),56af36f3-0ad3-429b-993d-b6525978e84e,75.0,Olena+e2@nexudus.com,2026-08-25T20:46:16Z
1457717392,,,,c5bccc2b-3105-47b9-b9a9-11af04483d58,b18bd23e-3578-4f5a-b185-b9f31fe0378f,,,,False,EUR,2026-05-11T20:38:27Z,1429951517,INV-0168,True,2026-05-08T20:39:46Z,,,,,2026-05-08T20:38:27Z,0.0,,Flex Fortnightly (Robin Andrews),0.0,,,,,,MEM-001,Membership Revenue,,False,False,False,False,e04f71a2-c16f-4b29-ab48-6e5869c3476e,,6,,1,False,,,2025-01-21T22:00:00Z,235.98,,Flex Fortnightly,0.0,[No Tax],0.0,Flex Fortnightly (Robin Andrews),dde8eb7c-0bb5-4fea-9797-9597ebaa6ef5,235.98,Olena+e2@nexudus.com,2026-08-25T20:46:16Z
1457717393,,,,7c79efb3-9f7f-4188-a538-d2fd45370ebc,1eb0805e-661d-4d6b-8c84-2a6b07efda5f,,,,False,EUR,2026-05-11T20:38:27Z,1429951517,INV-0168,True,2026-05-08T20:39:46Z,,,,,2026-05-08T20:38:27Z,0.0,,Private Office Small (Ashley Smith),0.0,,,,,,MEM-001,Membership Revenue,,False,False,False,False,e04f71a2-c16f-4b29-ab48-6e5869c3476e,,7,,1,False,,,2025-01-21T22:00:00Z,1082.52,,Private Office Small,0.0,[No Tax],0.0,Private Office Small (Ashley Smith),8421b675-eab4-4ae3-8e94-55334e259878,1082.52,Olena+e2@nexudus.com,2026-08-25T20:46:16Z
1457717394,,,,cc76e35b-c500-4614-9631-57ffa2a4515d,1eb0805e-661d-4d6b-8c84-2a6b07efda5f,,,,False,EUR,2026-05-11T20:38:27Z,1429951517,INV-0168,True,2026-05-08T20:39:46Z,Mail Handling,e974df21-2cbd-4bc7-b235-08e63a4023d2,,,2026-05-08T20:38:27Z,0.0,,Mail Handling (Ashley Smith),0.0,,,,,,PRD-001,Product Sales,,False,False,False,False,e04f71a2-c16f-4b29-ab48-6e5869c3476e,,8,,1,False,,,2025-10-16T22:00:00Z,20.0,,,0.0,[No Tax],0.0,Mail Handling (Ashley Smith),509bfaeb-8825-4f60-8397-9682b449deac,20.0,Olena+e2@nexudus.com,2026-08-25T20:46:16Z
1457717395,,,,9406916a-2eac-406b-a275-4ba78d4cb6a9,b18bd23e-3578-4f5a-b185-b9f31fe0378f,,,,False,EUR,2026-05-11T20:38:27Z,1429951517,INV-0168,True,2026-05-08T20:39:46Z,,,,,2026-05-08T20:38:27Z,0.0,,Flex Fortnightly (Robin Andrews),0.0,,,,,,MEM-001,Membership Revenue,,False,False,False,False,e04f71a2-c16f-4b29-ab48-6e5869c3476e,,9,,1,False,,,2025-01-21T22:00:00Z,235.98,,Flex Fortnightly,0.0,[No Tax],0.0,Flex Fortnightly (Robin Andrews),b4f79ea0-20c8-4662-b376-407c72ed64d2,235.98,Olena+e2@nexudus.com,2026-08-25T20:46:16Z
1457717396,,,,e6c92bce-a5bf-4578-81d9-a825a69d52a6,cd2bbb2c-3654-4737-b0b9-5c046bade0a2,,,,False,EUR,2026-05-11T20:38:27Z,1429951517,INV-0168,True,2026-05-08T20:39:46Z,,,,,2026-05-08T20:38:27Z,0.0,,Dedicated Desk Monthly (Victor Harrison),0.0,,,,,,MEM-001,Membership Revenue,,False,False,False,False,e04f71a2-c16f-4b29-ab48-6e5869c3476e,,10,,1,False,,,2025-01-21T22:00:00Z,298.76,,Dedicated Desk Monthly,0.0,[No Tax],0.0,Dedicated Desk Monthly (Victor Harrison),e255aa5e-8fef-450c-a574-aac6df9d3275,298.76,Olena+e2@nexudus.com,2026-08-25T20:46:16Z
1457717397,,,,a7a97c05-21e3-4433-b31c-5164cb71f6aa,cd2bbb2c-3654-4737-b0b9-5c046bade0a2,,,,False,EUR,2026-05-11T20:38:27Z,1429951517,INV-0168,True,2026-05-08T20:39:46Z,Parking Space,284db3a9-cd78-49fd-8287-bdeb5e32505f,,,2026-05-08T20:38:27Z,0.0,,Parking Space (Victor Harrison),0.0,,,,,,PRD-001,Product Sales,,False,False,False,False,e04f71a2-c16f-4b29-ab48-6e5869c3476e,,11,,1,False,,,2025-11-09T23:00:00Z,75.0,,,0.0,[No Tax],0.0,Parking Space (Victor Harrison),2242a620-6e3f-4e4f-b4f5-12333a5ac691,75.0,Olena+e2@nexudus.com,2026-08-25T20:46:16Z
1457717398,,,,28acb9ac-dcb7-477c-90c0-54b99cd65565,b18bd23e-3578-4f5a-b185-b9f31fe0378f,,,,False,EUR,2026-05-11T20:38:27Z,1429951517,INV-0168,True,2026-05-08T20:39:46Z,,,,,2026-05-08T20:38:27Z,0.0,,Flex Fortnightly (Robin Andrews),0.0,,,,,,MEM-001,Membership Revenue,,False,False,False,False,e04f71a2-c16f-4b29-ab48-6e5869c3476e,,12,,1,False,,,2025-01-21T22:00:00Z,235.98,,Flex Fortnightly,0.0,[No Tax],0.0,Flex Fortnightly (Robin Andrews),a187e619-76e4-4004-a5b3-446e07cd3e64,235.98,Olena+e2@nexudus.com,2026-08-25T20:46:16Z
1457717399,,,,7bfa090a-6437-4f9e-98b6-899839756059,1eb0805e-661d-4d6b-8c84-2a6b07efda5f,,,,False,EUR,2026-05-11T20:38:27Z,1429951517,INV-0168,True,2026-05-08T20:39:46Z,,,,,2026-05-08T20:38:27Z,0.0,,Private Office Small (Ashley Smith),0.0,,,,,,MEM-001,Membership Revenue,,False,False,False,False,e04f71a2-c16f-4b29-ab48-6e5869c3476e,,13,,1,False,,,2025-01-21T22:00:00Z,1082.52,,Private Office Small,0.0,[No Tax],0.0,Private Office Small (Ashley Smith),af2ac1a6-5460-4444-a892-a198fb1c3bc4,1082.52,Olena+e2@nexudus.com,2026-08-25T20:46:16Z
1457717400,,,,1f23c861-de8e-41bb-b711-c603c3621eae,1eb0805e-661d-4d6b-8c84-2a6b07efda5f,,,,False,EUR,2026-05-11T20:38:27Z,1429951517,INV-0168,True,2026-05-08T20:39:46Z,Mail Handling,a119b69e-d138-431d-b73d-5f8bbd80efee,,,2026-05-08T20:38:27Z,0.0,,Mail Handling (Ashley Smith),0.0,,,,,,PRD-001,Product Sales,,False,False,False,False,e04f71a2-c16f-4b29-ab48-6e5869c3476e,,14,,1,False,,,2025-11-16T23:00:00Z,20.0,,,0.0,[No Tax],0.0,Mail Handling (Ashley Smith),055985ce-52d2-45a4-93bd-cb434f5e4a16,20.0,Olena+e2@nexudus.com,2026-08-25T20:46:16Z
1457717401,,,,a1e894b9-c559-47e5-82a0-88cf6c9fb9ca,cd2bbb2c-3654-4737-b0b9-5c046bade0a2,,,,False,EUR,2026-05-11T20:38:27Z,1429951517,INV-0168,True,2026-05-08T20:39:46Z,,,,,2026-05-08T20:38:27Z,0.0,,Dedicated Desk Monthly (Victor Harrison),0.0,,,,,,MEM-001,Membership Revenue,,False,False,False,False,e04f71a2-c16f-4b29-ab48-6e5869c3476e,,15,,1,False,,,2025-01-21T22:00:00Z,298.76,,Dedicated Desk Monthly,0.0,[No Tax],0.0,Dedicated Desk Monthly (Victor Harrison),b0b5d705-aa16-4a31-9b60-9883733e7107,298.76,Olena+e2@nexudus.com,2026-08-25T20:46:16Z
1457717402,,,,8775ae44-6051-41da-8a43-4c68d7f033b0,cd2bbb2c-3654-4737-b0b9-5c046bade0a2,,,,False,EUR,2026-05-11T20:38:27Z,1429951517,INV-0168,True,2026-05-08T20:39:46Z,Parking Space,b5986c29-a3d6-4fb9-ba2d-4ab982019579,,,2026-05-08T20:38:27Z,0.0,,Parking Space (Victor Harrison),0.0,,,,,,PRD-001,Product Sales,,False,False,False,False,e04f71a2-c16f-4b29-ab48-6e5869c3476e,,16,,1,False,,,2025-12-09T23:00:00Z,75.0,,,0.0,[No Tax],0.0,Parking Space (Victor Harrison),4bc78587-88f7-4a57-b66c-eb4fdb4d6fa3,75.0,Olena+e2@nexudus.com,2026-08-25T20:46:16Z
1457717403,,,,120ac97f-d4da-4560-8a42-7052820c98dc,1eb0805e-661d-4d6b-8c84-2a6b07efda5f,,,,False,EUR,2026-05-11T20:38:27Z,1429951517,INV-0168,True,2026-05-08T20:39:46Z,,,,,2026-05-08T20:38:27Z,0.0,,Private Office Small (Ashley Smith),0.0,,,,,,MEM-001,Membership Revenue,,False,False,False,False,e04f71a2-c16f-4b29-ab48-6e5869c3476e,,17,,1,False,,,2025-01-21T22:00:00Z,1082.52,,Private Office Small,0.0,[No Tax],0.0,Private Office Small (Ashley Smith),53eda223-6fe4-42fe-8b57-325dd59b0666,1082.52,Olena+e2@nexudus.com,2026-08-25T20:46:16Z
1457717404,,,,0c3747b4-d1a1-4c57-9306-cf0d466801a4,1eb0805e-661d-4d6b-8c84-2a6b07efda5f,,,,False,EUR,2026-05-11T20:38:27Z,1429951517,INV-0168,True,2026-05-08T20:39:46Z,Mail Handling,c8bff44a-fe66-410b-a97d-889f507ca10c,,,2026-05-08T20:38:27Z,0.0,,Mail Handling (Ashley Smith),0.0,,,,,,PRD-001,Product Sales,,False,False,False,False,e04f71a2-c16f-4b29-ab48-6e5869c3476e,,18,,1,False,,,2025-12-16T23:00:00Z,20.0,,,0.0,[No Tax],0.0,Mail Handling (Ashley Smith),834cfa1b-ec78-4fac-b433-59889c070ef5,20.0,Olena+e2@nexudus.com,2026-08-25T20:46:16Z
1457717405,,,,76a13432-1bbb-4d31-9a53-733983ba19f2,1eb0805e-661d-4d6b-8c84-2a6b07efda5f,,,,False,EUR,2026-05-11T20:38:27Z,1429951517,INV-0168,True,2026-05-08T20:39:46Z,,,,,2026-05-08T20:38:27Z,0.0,,Private Office Small (Ashley Smith),0.0,,,,,,MEM-001,Membership Revenue,,False,False,False,False,e04f71a2-c16f-4b29-ab48-6e5869c3476e,,19,,1,False,,,2025-01-21T22:00:00Z,1082.52,,Private Office Small,0.0,[No Tax],0.0,Private Office Small (Ashley Smith),396bbe0e-0418-46d6-ab34-b1d57a6cbfdb,1082.52,Olena+e2@nexudus.com,2026-08-25T20:46:16Z
1457717406,,,,540230c2-3ab0-48c8-a567-24ac84b3565a,1eb0805e-661d-4d6b-8c84-2a6b07efda5f,,,,False,EUR,2026-05-11T20:38:27Z,1429951517,INV-0168,True,2026-05-08T20:39:46Z,Mail Handling,8c02dcd3-ecda-4949-8b4b-99c0b2cc34a6,,,2026-05-08T20:38:27Z,0.0,,Mail Handling (Ashley Smith),0.0,,,,,,PRD-001,Product Sales,,False,False,False,False,e04f71a2-c16f-4b29-ab48-6e5869c3476e,,20,,1,False,,,2026-01-16T23:00:00Z,20.0,,,0.0,[No Tax],0.0,Mail Handling (Ashley Smith),a94d2ffc-0361-4b35-b71a-04838f048a2e,20.0,Olena+e2@nexudus.com,2026-08-25T20:46:16Z
1457717407,,,,a998a380-d436-4d04-90a6-2d6327681608,7129cea4-6c12-42bd-9565-7265f8b42fad,,,,False,EUR,2026-05-11T20:38:27Z,1429951517,INV-0168,True,2026-05-08T20:39:46Z,,,,,2026-05-08T20:38:27Z,0.0,,Hot Desk Monthly (Leanne Foster),0.0,,,,,,MEM-001,Membership Revenue,,False,False,False,False,e04f71a2-c16f-4b29-ab48-6e5869c3476e,,21,,1,False,,,2025-01-21T22:00:00Z,129.5,,Hot Desk Monthly,0.0,[No Tax],0.0,Hot Desk Monthly (Leanne Foster),52bb57ac-1147-4f1a-a84c-0778662a9c3c,129.5,Olena+e2@nexudus.com,2026-08-25T20:46:16Z
1457717408,,,,69c7c606-8015-4d7d-b636-5f3108ace728,7129cea4-6c12-42bd-9565-7265f8b42fad,,,,False,EUR,2026-05-11T20:38:27Z,1429951517,INV-0168,True,2026-05-08T20:39:46Z,Mail Handling,857a5c90-13d8-4659-803b-20eb80f71e27,,,2026-05-08T20:38:27Z,0.0,,Mail Handling (Leanne Foster),0.0,,,,,,PRD-001,Product Sales,,False,False,False,False,e04f71a2-c16f-4b29-ab48-6e5869c3476e,,22,,1,False,,,2026-03-21T23:00:00Z,20.0,,,0.0,[No Tax],0.0,Mail Handling (Leanne Foster),a14c8a71-78e4-4df6-bec7-038ad0eaf4e0,20.0,Olena+e2@nexudus.com,2026-08-25T20:46:16Z
1457717409,,,,7694d478-3dae-4a3c-ab85-61f45b508efd,7129cea4-6c12-42bd-9565-7265f8b42fad,,,,False,EUR,2026-05-11T20:38:27Z,1429951517,INV-0168,True,2026-05-08T20:39:46Z,,,,,2026-05-08T20:38:27Z,0.0,,Hot Desk Monthly (Leanne Foster),0.0,,,,,,MEM-001,Membership Revenue,,False,False,False,False,e04f71a2-c16f-4b29-ab48-6e5869c3476e,,23,,1,False,,,2025-01-21T22:00:00Z,129.5,,Hot Desk Monthly,0.0,[No Tax],0.0,Hot Desk Monthly (Leanne Foster),a4e9b8d8-951a-489c-8003-ccc3e2a9fb62,129.5,Olena+e2@nexudus.com,2026-08-25T20:46:16Z
1457717410,,,,8402506f-5336-4819-b83d-4c434ea38ff6,7129cea4-6c12-42bd-9565-7265f8b42fad,,,,False,EUR,2026-05-11T20:38:27Z,1429951517,INV-0168,True,2026-05-08T20:39:46Z,Mail Handling,f69db6cc-bd45-4f56-b4a8-c8487b966c68,,,2026-05-08T20:38:27Z,0.0,,Mail Handling (Leanne Foster),0.0,,,,,,PRD-001,Product Sales,,False,False,False,False,e04f71a2-c16f-4b29-ab48-6e5869c3476e,,24,,1,False,,,2026-04-21T22:00:00Z,20.0,,,0.0,[No Tax],0.0,Mail Handling (Leanne Foster),3b9b188d-3d3a-4e8c-bd1a-dd75adae2ac3,20.0,Olena+e2@nexudus.com,2026-08-25T20:46:16Z
1457717411,,,,c2c93d24-84bc-4534-b557-c8b816dec759,7129cea4-6c12-42bd-9565-7265f8b42fad,,,,False,EUR,2026-05-11T20:38:27Z,1429951517,INV-0168,True,2026-05-08T20:39:46Z,,,,,2026-05-08T20:38:27Z,0.0,,Hot Desk Monthly (Leanne Foster),0.0,,,,,,MEM-001,Membership Revenue,,False,False,False,False,e04f71a2-c16f-4b29-ab48-6e5869c3476e,,25,,1,False,,,2025-01-21T22:00:00Z,129.5,,Hot Desk Monthly,0.0,[No Tax],0.0,Hot Desk Monthly (Leanne Foster),c00f8574-4169-4d8a-b9b6-cadd229a60a3,129.5,Olena+e2@nexudus.com,2026-08-25T20:46:16Z
1457717412,,,,2ddc3603-ed86-4cc2-80fa-26bff8b37dd7,7129cea4-6c12-42bd-9565-7265f8b42fad,,,,False,EUR,2026-05-11T20:38:27Z,1429951517,INV-0168,True,2026-05-08T20:39:46Z,Mail Handling,6aebf951-1c5d-4dc6-90a2-da1cd215512a,,,2026-05-08T20:38:27Z,0.0,,Mail Handling (Leanne Foster),0.0,,,,,,PRD-001,Product Sales,,False,False,False,False,e04f71a2-c16f-4b29-ab48-6e5869c3476e,,26,,1,False,,,2026-05-21T22:00:00Z,20.0,,,0.0,[No Tax],0.0,Mail Handling (Leanne Foster),5059d552-dc0f-4d76-8c0e-8e6ff1750ba6,20.0,Olena+e2@nexudus.com,2026-08-25T20:46:16Z
1457717413,,,,d1afe94e-e28b-4270-a777-8eeaeb387d44,a98c8df6-34c6-4ab5-8b7c-ebe99a8fe589,,,,False,EUR,2026-05-11T20:38:27Z,1429951517,INV-0168,True,2026-05-08T20:39:46Z,,,,,2026-05-08T20:38:27Z,0.0,,Flex Fortnightly (Ashley Smith),0.0,,,,,,MEM-001,Membership Revenue,,False,False,False,False,e04f71a2-c16f-4b29-ab48-6e5869c3476e,,27,,1,False,,,2025-01-21T22:00:00Z,250.0,,Flex Fortnightly,0.0,[No Tax],0.0,Flex Fortnightly (Ashley Smith),185c11c0-cbe3-4b1e-bf90-6d9c2dbeeb98,250.0,Olena+e2@nexudus.com,2026-08-25T20:46:16Z
1457717414,,,,d7b0d87a-f3d8-46d8-a8c2-481e071973ce,a98c8df6-34c6-4ab5-8b7c-ebe99a8fe589,,,,False,EUR,2026-05-11T20:38:27Z,1429951517,INV-0168,True,2026-05-08T20:39:46Z,Parking Space,6713d599-e51b-43b4-afac-65b23aa278af,,,2026-05-08T20:38:27Z,0.0,,Parking Space (Ashley Smith),0.0,,,,,,PRD-001,Product Sales,,False,False,False,False,e04f71a2-c16f-4b29-ab48-6e5869c3476e,,28,,1,False,,,2026-06-02T22:00:00Z,75.0,,,0.0,[No Tax],0.0,Parking Space (Ashley Smith),65762d05-e7b8-4963-a2b8-fc90a35aca61,75.0,Olena+e2@nexudus.com,2026-08-25T20:46:16Z
1457717415,,,,1f101a82-312b-4b6c-8bda-ae8fc7ea88ec,a98c8df6-34c6-4ab5-8b7c-ebe99a8fe589,,,,False,EUR,2026-05-11T20:38:27Z,1429951517,INV-0168,True,2026-05-08T20:39:46Z,,,,,2026-05-08T20:38:27Z,0.0,,Flex Fortnightly (Ashley Smith),0.0,,,,,,MEM-001,Membership Revenue,,False,False,False,False,e04f71a2-c16f-4b29-ab48-6e5869c3476e,,29,,1,False,,,2025-01-21T22:00:00Z,250.0,,Flex Fortnightly,0.0,[No Tax],0.0,Flex Fortnightly (Ashley Smith),3f2a870a-b322-4273-922d-db6c20c42fd9,250.0,Olena+e2@nexudus.com,2026-08-25T20:46:16Z
1457717416,,,,25900705-b0bf-4562-9645-b401df642b73,a98c8df6-34c6-4ab5-8b7c-ebe99a8fe589,,,,False,EUR,2026-05-11T20:38:27Z,1429951517,INV-0168,True,2026-05-08T20:39:46Z,Parking Space,adfba383-ed34-4f0b-bf1e-cec33779c662,,,2026-05-08T20:38:27Z,0.0,,Parking Space (Ashley Smith),0.0,,,,,,PRD-001,Product Sales,,False,False,False,False,e04f71a2-c16f-4b29-ab48-6e5869c3476e,,30,,1,False,,,2026-06-16T22:00:00Z,75.0,,,0.0,[No Tax],0.0,Parking Space (Ashley Smith),50314efa-c06b-4291-a58c-665076414e9a,75.0,Olena+e2@nexudus.com,2026-08-25T20:46:16Z
1457717417,,,,f56b6616-f0d1-4e3b-a680-856732618a7d,7129cea4-6c12-42bd-9565-7265f8b42fad,,,,False,EUR,2026-05-11T20:38:27Z,1429951517,INV-0168,True,2026-05-08T20:39:46Z,,,,,2026-05-08T20:38:27Z,0.0,,Hot Desk Monthly (Leanne Foster),0.0,,,,,,MEM-001,Membership Revenue,,False,False,False,False,e04f71a2-c16f-4b29-ab48-6e5869c3476e,,31,,1,False,,,2025-01-21T22:00:00Z,129.5,,Hot Desk Monthly,0.0,[No Tax],0.0,Hot Desk Monthly (Leanne Foster),8c5146a6-cc45-4dab-86c9-bdf7f531eb9c,129.5,Olena+e2@nexudus.com,2026-08-25T20:46:16Z
1457717418,,,,94216ccd-5c7e-4b10-91e4-3f102e832667,7129cea4-6c12-42bd-9565-7265f8b42fad,,,,False,EUR,2026-05-11T20:38:27Z,1429951517,INV-0168,True,2026-05-08T20:39:46Z,Mail Handling,69508adb-41b8-4f82-8343-fcf47c8eba47,,,2026-05-08T20:38:27Z,0.0,,Mail Handling (Leanne Foster),0.0,,,,,,PRD-001,Product Sales,,False,False,False,False,e04f71a2-c16f-4b29-ab48-6e5869c3476e,,32,,1,False,,,2026-06-21T22:00:00Z,20.0,,,0.0,[No Tax],0.0,Mail Handling (Leanne Foster),d30da6a7-1978-4a88-bc4b-15f3d82237b6,20.0,Olena+e2@nexudus.com,2026-08-25T20:46:16Z
1457717419,,,,d98b1e71-4168-47c9-aaf6-b9b537ae99b6,a98c8df6-34c6-4ab5-8b7c-ebe99a8fe589,,,,False,EUR,2026-05-11T20:38:27Z,1429951517,INV-0168,True,2026-05-08T20:39:46Z,,,,,2026-05-08T20:38:27Z,0.0,,Flex Fortnightly (Ashley Smith),0.0,,,,,,MEM-001,Membership Revenue,,False,False,False,False,e04f71a2-c16f-4b29-ab48-6e5869c3476e,,33,,1,False,,,2025-01-21T22:00:00Z,250.0,,Flex Fortnightly,0.0,[No Tax],0.0,Flex Fortnightly (Ashley Smith),da3a582d-2e48-486d-a3a6-7d91c942878d,250.0,Olena+e2@nexudus.com,2026-08-25T20:46:16Z
1457717420,,,,1dbb5b15-9a4d-4faf-a7c6-7276a44f536a,a98c8df6-34c6-4ab5-8b7c-ebe99a8fe589,,,,False,EUR,2026-05-11T20:38:27Z,1429951517,INV-0168,True,2026-05-08T20:39:46Z,Parking Space,9ca39cf5-9f89-43f9-b976-3d15f69698b5,,,2026-05-08T20:38:27Z,0.0,,Parking Space (Ashley Smith),0.0,,,,,,PRD-001,Product Sales,,False,False,False,False,e04f71a2-c16f-4b29-ab48-6e5869c3476e,,34,,1,False,,,2026-06-30T22:00:00Z,75.0,,,0.0,[No Tax],0.0,Parking Space (Ashley Smith),9d0d733e-7d84-47a0-94b6-8a47c8a5de07,75.0,Olena+e2@nexudus.com,2026-08-25T20:46:16Z
1457717421,,,,730ee925-6557-4798-b8c2-b8a00c4d2cc3,11351685-db46-4bc5-b905-1303b6682acc,,,,False,EUR,2026-05-11T20:38:27Z,1429951517,INV-0168,True,2026-05-08T20:39:46Z,,,,,2026-05-08T20:38:27Z,0.0,,Hot Desk Quarterly (Teresa Hopkins),0.0,,,,,,MEM-001,Membership Revenue,,False,False,False,False,e04f71a2-c16f-4b29-ab48-6e5869c3476e,,35,,1,False,,,2025-01-21T22:00:00Z,343.61,,Hot Desk Quarterly,0.0,[No Tax],0.0,Hot Desk Quarterly (Teresa Hopkins),b0e8a759-648b-47b0-b9c9-3febcf55e38f,343.61,Olena+e2@nexudus.com,2026-08-25T20:46:16Z
1457717422,,,,,c3e3e2eb-6035-4462-9876-89d5f059199d,,,,False,EUR,2024-11-11T20:38:32Z,1429951518,INV-0171,True,2024-11-08T20:39:48Z,,,,,2024-11-08T20:38:32Z,0.0,,Private Office Annual,,,,,,,MEM-001,Membership Revenue,,False,False,False,False,e04f71a2-c16f-4b29-ab48-6e5869c3476e,,0,,1,False,,,2029-08-28T22:00:00Z,12000.0,,Private Office Annual,0.0,[No Tax],0.0,Private Office Annual,ff847055-329e-46f0-b72d-8418ba12fbe2,12000.0,Olena+e2@nexudus.com,2026-08-25T20:46:18Z
1457717423,,,,,c3e3e2eb-6035-4462-9876-89d5f059199d,,,,False,EUR,2024-11-11T20:38:32Z,1429951518,INV-0171,True,2024-11-08T20:39:48Z,Parking Space,6d29e8b7-24a4-4744-8c19-164d5ad06281,,,2024-11-08T20:38:32Z,0.0,,Parking Space,,,,,,,PRD-001,Product Sales,,False,False,False,False,e04f71a2-c16f-4b29-ab48-6e5869c3476e,,1,,1,False,,,2031-06-14T22:00:00Z,75.0,,,0.0,[No Tax],0.0,Parking Space,8752d0d7-978a-43a6-82f2-486312ba1575,75.0,Olena+e2@nexudus.com,2026-08-25T20:46:18Z
1457717424,,,,,deb914d0-ec9e-45b0-8927-b1f8a20aa6bf,,,,False,EUR,2025-03-26T20:38:33Z,1429951519,INV-0172,True,2025-03-23T20:39:49Z,,,,,2025-03-23T20:38:33Z,0.0,,Flex Fortnightly,,,,,,,MEM-001,Membership Revenue,,False,False,False,False,e04f71a2-c16f-4b29-ab48-6e5869c3476e,,0,,1,False,,,2024-04-05T22:00:00Z,250.0,,Flex Fortnightly,0.0,[No Tax],0.0,Flex Fortnightly,96ea9a15-2faf-4212-991e-9cbaa2a51b71,250.0,Olena+e2@nexudus.com,2026-08-25T20:46:19Z
1457717425,,,,,deb914d0-ec9e-45b0-8927-b1f8a20aa6bf,,,,False,EUR,2025-03-26T20:38:33Z,1429951519,INV-0172,True,2025-03-23T20:39:49Z,Parking Space,30cc9e92-55be-4813-b36d-94acc32b81e0,,,2025-03-23T20:38:33Z,0.0,,Parking Space,,,,,,,PRD-001,Product Sales,,False,False,False,False,e04f71a2-c16f-4b29-ab48-6e5869c3476e,,1,,1,False,,,2025-09-07T22:00:00Z,75.0,,,0.0,[No Tax],0.0,Parking Space,bb19bf2c-c386-4778-9681-f4e3eb25710a,75.0,Olena+e2@nexudus.com,2026-08-25T20:46:19Z
1457717426,,,,,05d57e40-8523-4290-87a0-5c3f06ee7d2b,,,,False,EUR,2024-12-12T20:38:35Z,1429951520,INV-0173,True,2024-12-09T20:39:50Z,,,,,2024-12-09T20:38:35Z,0.0,,Dedicated Desk Monthly,,,,,,,MEM-001,Membership Revenue,,False,False,False,False,e04f71a2-c16f-4b29-ab48-6e5869c3476e,,0,,1,False,,,2023-09-08T22:00:00Z,329.93,,Dedicated Desk Monthly,0.0,[No Tax],0.0,Dedicated Desk Monthly,edc9ed93-e639-4b0d-9413-9a43168884f5,329.93,Olena+e2@nexudus.com,2026-08-25T20:46:20Z
1457717427,,,,,05d57e40-8523-4290-87a0-5c3f06ee7d2b,,,,False,EUR,2024-12-12T20:38:35Z,1429951520,INV-0173,True,2024-12-09T20:39:50Z,Storage Locker,7f732c0e-ccfc-4c2f-98fc-0f334211dd37,,,2024-12-09T20:38:35Z,0.0,,Storage Locker,,,,,,,PRD-001,Product Sales,,False,False,False,False,e04f71a2-c16f-4b29-ab48-6e5869c3476e,,1,,1,False,,,2025-05-24T22:00:00Z,30.0,,,0.0,[No Tax],0.0,Storage Locker,349a4fa2-17a6-4d6a-87d9-b81f2850c8f5,30.0,Olena+e2@nexudus.com,2026-08-25T20:46:20Z
1457717428,,,,fec73e22-4cb4-471f-928b-e8127335ea53,56d5f420-d042-45a7-9b7d-7bb85443c1ca,,,,False,EUR,2024-12-12T20:38:35Z,1429951520,INV-0173,True,2024-12-09T20:39:50Z,,,,,2024-12-09T20:38:35Z,0.0,,Flex Fortnightly (Leslie Warner),0.0,,,,,,MEM-001,Membership Revenue,,False,False,False,False,e04f71a2-c16f-4b29-ab48-6e5869c3476e,,2,,1,False,,,2023-09-08T22:00:00Z,250.0,,Flex Fortnightly,0.0,[No Tax],0.0,Flex Fortnightly (Leslie Warner),b4ccba80-6777-44a3-8a5f-c403fa23d07d,250.0,Olena+e2@nexudus.com,2026-08-25T20:46:20Z
1457717429,,,,26096307-ebc2-4279-b107-82ac443578e9,56d5f420-d042-45a7-9b7d-7bb85443c1ca,,,,False,EUR,2024-12-12T20:38:35Z,1429951520,INV-0173,True,2024-12-09T20:39:50Z,Parking Space,d2fccae0-a3b6-4f61-b599-2bfcf8d5e272,,,2024-12-09T20:38:35Z,0.0,,Parking Space (Leslie Warner),0.0,,,,,,PRD-001,Product Sales,,False,False,False,False,e04f71a2-c16f-4b29-ab48-6e5869c3476e,,3,,1,False,,,2025-08-24T22:00:00Z,75.0,,,0.0,[No Tax],0.0,Parking Space (Leslie Warner),1012af0c-d71f-4bc4-b55d-3a4c37768bf3,75.0,Olena+e2@nexudus.com,2026-08-25T20:46:20Z
1457717430,,,,,23fa1f46-b5ce-4acd-9a0f-b4473d61fae1,,,,False,EUR,2025-02-21T20:38:47Z,1429951521,INV-0178,True,2025-02-18T20:39:53Z,,,,,2025-02-18T20:38:48Z,0.0,,Hot Desk Quarterly,,,,,,,MEM-001,Membership Revenue,,False,False,False,False,e04f71a2-c16f-4b29-ab48-6e5869c3476e,,0,,1,False,,,2026-04-12T22:00:00Z,400.0,,Hot Desk Quarterly,0.0,[No Tax],0.0,Hot Desk Quarterly,bd9b0b39-48f8-476b-af9a-4d224134e4dd,400.0,Olena+e2@nexudus.com,2026-08-25T20:46:23Z
1457717431,,,,,23fa1f46-b5ce-4acd-9a0f-b4473d61fae1,,,,False,EUR,2025-02-21T20:38:47Z,1429951521,INV-0178,True,2025-02-18T20:39:53Z,Parking Space,65fcae94-3b95-4b80-a27e-4e692c3f5c88,,,2025-02-18T20:38:48Z,0.0,,Parking Space,,,,,,,PRD-001,Product Sales,,False,False,False,False,e04f71a2-c16f-4b29-ab48-6e5869c3476e,,1,,1,False,,,2027-10-17T22:00:00Z,75.0,,,0.0,[No Tax],0.0,Parking Space,7812e6fa-f970-498d-9a06-d6d4c9ec988b,75.0,Olena+e2@nexudus.com,2026-08-25T20:46:23Z
1457717432,,,,,0b99228e-caff-4aa9-9654-baf383c41be4,,,,False,EUR,2026-08-27T20:38:52Z,1429951522,INV-0180,True,2026-08-24T20:39:55Z,,,,,2026-08-24T20:38:52Z,0.0,,Private Office Annual,,,,,,,MEM-001,Membership Revenue,,False,False,False,False,e04f71a2-c16f-4b29-ab48-6e5869c3476e,,0,,1,False,,,2030-06-01T22:00:00Z,12000.0,,Private Office Annual,0.0,[No Tax],0.0,Private Office Annual,7478d582-b771-4348-bfd8-92c17702ecbb,12000.0,Olena+e2@nexudus.com,2026-08-25T20:47:00Z
1457717433,,,,,0b99228e-caff-4aa9-9654-baf383c41be4,,,,False,EUR,2026-08-27T20:38:52Z,1429951522,INV-0180,True,2026-08-24T20:39:55Z,Storage Locker,191ba1e4-da81-40d4-82a1-93129f7af8dc,,,2026-08-24T20:38:52Z,0.0,,Storage Locker,,,,,,,PRD-001,Product Sales,,False,False,False,False,e04f71a2-c16f-4b29-ab48-6e5869c3476e,,1,,1,False,,,2030-06-02T22:00:00Z,30.0,,,0.0,[No Tax],0.0,Storage Locker,c7c31948-fab9-46e9-802f-427a5d15560f,30.0,Olena+e2@nexudus.com,2026-08-25T20:47:00Z
1457717434,,,,,4b53d880-9f48-413b-ae36-19577fb6e8ec,,,,False,EUR,2025-09-30T20:38:53Z,1429951523,INV-0182,True,2025-09-27T20:39:57Z,,,,,2025-09-27T20:38:53Z,0.0,,Hot Desk Quarterly,,,,,,,MEM-001,Membership Revenue,,False,False,False,False,e04f71a2-c16f-4b29-ab48-6e5869c3476e,,0,,1,False,,,2026-09-16T22:00:00Z,352.56,,Hot Desk Quarterly,0.0,[No Tax],0.0,Hot Desk Quarterly,2e9f84c5-0113-4827-af14-a97dc4324c58,352.56,Olena+e2@nexudus.com,2026-08-25T20:47:03Z
1457717435,,,,,71cddcc6-d3b1-41d0-aad5-64b224327998,,,,False,EUR,2025-04-14T20:38:54Z,1429951524,INV-0183,True,2025-04-11T20:39:57Z,,,,,2025-04-11T20:38:54Z,0.0,,Hot Desk Monthly,,,,,,,MEM-001,Membership Revenue,,False,False,False,False,e04f71a2-c16f-4b29-ab48-6e5869c3476e,,0,,1,False,,,2025-06-26T23:00:00Z,130.75,,Hot Desk Monthly,0.0,[No Tax],0.0,Hot Desk Monthly,0faaf7ed-1489-4014-a9bb-754a1d2e1884,130.75,Olena+e2@nexudus.com,2026-08-25T20:47:03Z
1457717436,,,,,2cadbe78-c732-4476-861a-9bc67be72c08,,,,False,EUR,2026-05-05T20:38:56Z,1429951525,INV-0185,True,2026-05-02T20:39:59Z,,,,,2026-05-02T20:38:56Z,0.0,,Flex Fortnightly,,,,,,,MEM-001,Membership Revenue,,False,False,False,False,e04f71a2-c16f-4b29-ab48-6e5869c3476e,,0,,1,False,,,2026-01-05T22:00:00Z,250.0,,Flex Fortnightly,0.0,[No Tax],0.0,Flex Fortnightly,5a2af1b3-7931-48df-a1bc-6e503288f347,250.0,Olena+e2@nexudus.com,2026-08-25T20:47:05Z
1457717437,,,,,2cadbe78-c732-4476-861a-9bc67be72c08,,,,False,EUR,2026-05-05T20:38:56Z,1429951525,INV-0185,True,2026-05-02T20:39:59Z,Parking Space,03ad618a-d98e-4836-89f0-79bb4220eea5,,,2026-05-02T20:38:56Z,0.0,,Parking Space,,,,,,,PRD-001,Product Sales,,False,False,False,False,e04f71a2-c16f-4b29-ab48-6e5869c3476e,,1,,1,False,,,2026-04-30T22:00:00Z,75.0,,,0.0,[No Tax],0.0,Parking Space,64797c19-c495-44a5-b148-d41d625b6265,75.0,Olena+e2@nexudus.com,2026-08-25T20:47:05Z
1457717438,,,,,ccd407f4-d6ae-4205-b329-40995062b471,,,,False,EUR,2026-06-29T20:38:59Z,1429951526,INV-0189,True,2026-06-26T20:40:38Z,,,,,2026-06-26T20:38:59Z,0.0,,Flex Weekly,,,,,,,MEM-001,Membership Revenue,,False,False,False,False,e04f71a2-c16f-4b29-ab48-6e5869c3476e,,0,,1,False,,,2025-12-16T23:00:00Z,44.93,,Flex Weekly,0.0,[No Tax],0.0,Flex Weekly,4aac3c25-6f4c-4d3d-8e36-51a257fd4cf1,44.93,Olena+e2@nexudus.com,2026-08-25T20:47:07Z
1457717439,,,,,ccd407f4-d6ae-4205-b329-40995062b471,,,,False,EUR,2026-06-29T20:38:59Z,1429951526,INV-0189,True,2026-06-26T20:40:38Z,Mail Handling,4f0df4f5-06de-42ac-821d-018e70206275,,,2026-06-26T20:38:59Z,0.0,,Mail Handling,,,,,,,PRD-001,Product Sales,,False,False,False,False,e04f71a2-c16f-4b29-ab48-6e5869c3476e,,1,,1,False,,,2026-02-14T23:00:00Z,20.0,,,0.0,[No Tax],0.0,Mail Handling,46f8fb0d-2694-448b-8e9a-35257c3acae5,20.0,Olena+e2@nexudus.com,2026-08-25T20:47:07Z
1457717440,,,,,11ad18e1-b3d0-482b-9dfd-d044aa420de0,,,,False,EUR,2025-12-24T20:39:00Z,1429951527,INV-0190,True,2025-12-21T20:40:39Z,,,,,2025-12-21T20:39:00Z,0.0,,Hot Desk Quarterly,,,,,,,MEM-001,Membership Revenue,,False,False,False,False,e04f71a2-c16f-4b29-ab48-6e5869c3476e,,0,,1,False,,,2026-05-21T23:00:00Z,400.0,,Hot Desk Quarterly,0.0,[No Tax],0.0,Hot Desk Quarterly,76460f09-4436-48b2-95b6-edaa2997b815,400.0,Olena+e2@nexudus.com,2026-08-25T20:47:08Z
1457717441,,,,,080f8ea5-dcf0-401e-a264-fb8b2a6abf70,,,,False,EUR,2026-06-08T20:39:01Z,1429951528,INV-0192,True,2026-06-05T20:40:40Z,,,,,2026-06-05T20:39:01Z,0.0,,Flex Fortnightly,,,,,,,MEM-001,Membership Revenue,,False,False,False,False,e04f71a2-c16f-4b29-ab48-6e5869c3476e,,0,,1,False,,,2026-04-06T22:00:00Z,250.0,,Flex Fortnightly,0.0,[No Tax],0.0,Flex Fortnightly,9fc343fc-f8ef-4266-bc42-0210759b11fd,250.0,Olena+e2@nexudus.com,2026-08-25T20:47:09Z
1457717442,,,,,080f8ea5-dcf0-401e-a264-fb8b2a6abf70,,,,False,EUR,2026-06-08T20:39:01Z,1429951528,INV-0192,True,2026-06-05T20:40:40Z,Mail Handling,1fb00270-38b3-4cb1-998b-124aaf049152,,,2026-06-05T20:39:01Z,0.0,,Mail Handling,,,,,,,PRD-001,Product Sales,,False,False,False,False,e04f71a2-c16f-4b29-ab48-6e5869c3476e,,1,,1,False,,,2026-06-26T22:00:00Z,20.0,,,0.0,[No Tax],0.0,Mail Handling,4ecdd11b-a949-46d1-aea5-d363db3100d4,20.0,Olena+e2@nexudus.com,2026-08-25T20:47:09Z
1457717444,,,,,d0e0f13b-7d3e-41fe-a05a-f7488fe8f088,,,,False,EUR,2026-06-18T20:39:08Z,1429951530,INV-0195,True,2026-06-15T20:40:43Z,,,,,2026-06-15T20:39:08Z,0.0,,Dedicated Desk Monthly,,,,,,,MEM-001,Membership Revenue,,False,False,False,False,e04f71a2-c16f-4b29-ab48-6e5869c3476e,,0,,1,False,,,2026-02-05T22:00:00Z,350.0,,Dedicated Desk Monthly,0.0,[No Tax],0.0,Dedicated Desk Monthly,e2898014-6d5a-468e-a1ac-ef9469ebfab9,350.0,Olena+e2@nexudus.com,2026-08-25T20:47:11Z
1457717445,,,,,d0e0f13b-7d3e-41fe-a05a-f7488fe8f088,,,,False,EUR,2026-06-18T20:39:08Z,1429951530,INV-0195,True,2026-06-15T20:40:43Z,Storage Locker,17f7db74-017e-4ecc-86c9-370d0a6bf168,,,2026-06-15T20:39:08Z,0.0,,Storage Locker,,,,,,,PRD-001,Product Sales,,False,False,False,False,e04f71a2-c16f-4b29-ab48-6e5869c3476e,,1,,1,False,,,2026-04-17T22:00:00Z,30.0,,,0.0,[No Tax],0.0,Storage Locker,f5c84160-dc07-4997-9aea-d4ec7c5c0880,30.0,Olena+e2@nexudus.com,2026-08-25T20:47:11Z
1457717749,,,,,41e0155f-37b5-4878-8b18-8efdab992fb1,,,,False,EUR,2025-02-28T20:39:09Z,1429951531,INV-0196,True,2025-02-25T20:40:43Z,,,,,2025-02-25T20:39:09Z,0.0,,Hot Desk Quarterly,,,,,,,MEM-001,Membership Revenue,,False,False,False,False,e04f71a2-c16f-4b29-ab48-6e5869c3476e,,0,,1,False,,,2024-12-14T22:00:00Z,359.14,,Hot Desk Quarterly,0.0,[No Tax],0.0,Hot Desk Quarterly,4d92ce15-0365-41e5-8a15-2e277091cb4d,359.14,Olena+e2@nexudus.com,2026-08-25T20:47:11Z
1457717750,,,,,05d57e40-8523-4290-87a0-5c3f06ee7d2b,,,,False,EUR,2024-10-21T20:39:15Z,1429951532,INV-0199,True,2024-10-18T20:40:45Z,,,,,2024-10-18T20:39:16Z,0.0,,Dedicated Desk Monthly,,,,,,,MEM-001,Membership Revenue,,False,False,False,False,e04f71a2-c16f-4b29-ab48-6e5869c3476e,,0,,1,False,,,2023-08-18T22:00:00Z,329.93,,Dedicated Desk Monthly,0.0,[No Tax],0.0,Dedicated Desk Monthly,8b7ca5f8-ca5a-48d9-94ba-681f0babea6b,329.93,Olena+e2@nexudus.com,2026-08-25T20:47:13Z
1457717751,,,,,05d57e40-8523-4290-87a0-5c3f06ee7d2b,,,,False,EUR,2024-10-21T20:39:15Z,1429951532,INV-0199,True,2024-10-18T20:40:45Z,Storage Locker,e648ffa4-13ac-4a65-ad34-7570c1c186be,,,2024-10-18T20:39:16Z,0.0,,Storage Locker,,,,,,,PRD-001,Product Sales,,False,False,False,False,e04f71a2-c16f-4b29-ab48-6e5869c3476e,,1,,1,False,,,2025-06-24T22:00:00Z,30.0,,,0.0,[No Tax],0.0,Storage Locker,30b9c822-c826-4cd1-9f4d-bfdb7bc573a6,30.0,Olena+e2@nexudus.com,2026-08-25T20:47:13Z
1457717752,,,,68a4a8e8-bd60-4ea5-8770-6a3b4f21d4ce,56d5f420-d042-45a7-9b7d-7bb85443c1ca,,,,False,EUR,2024-10-21T20:39:15Z,1429951532,INV-0199,True,2024-10-18T20:40:45Z,,,,,2024-10-18T20:39:16Z,0.0,,Flex Fortnightly (Leslie Warner),0.0,,,,,,MEM-001,Membership Revenue,,False,False,False,False,e04f71a2-c16f-4b29-ab48-6e5869c3476e,,2,,1,False,,,2023-08-18T22:00:00Z,250.0,,Flex Fortnightly,0.0,[No Tax],0.0,Flex Fortnightly (Leslie Warner),7e4f88db-14c7-4f08-8a0c-abcef539ae21,250.0,Olena+e2@nexudus.com,2026-08-25T20:47:13Z
1457717753,,,,0f581153-14b0-4594-8c41-ae8855dede9b,56d5f420-d042-45a7-9b7d-7bb85443c1ca,,,,False,EUR,2024-10-21T20:39:15Z,1429951532,INV-0199,True,2024-10-18T20:40:45Z,Parking Space,93493417-1e0c-403d-a910-c90ab72df656,,,2024-10-18T20:39:16Z,0.0,,Parking Space (Leslie Warner),0.0,,,,,,PRD-001,Product Sales,,False,False,False,False,e04f71a2-c16f-4b29-ab48-6e5869c3476e,,3,,1,False,,,2025-09-07T22:00:00Z,75.0,,,0.0,[No Tax],0.0,Parking Space (Leslie Warner),93fce2a2-e98e-4cfd-846f-a7e1827d91f4,75.0,Olena+e2@nexudus.com,2026-08-25T20:47:13Z
1457717754,,,,8a60bcab-41f3-410c-a6b5-bcd400a7c8a5,56d5f420-d042-45a7-9b7d-7bb85443c1ca,,,,False,EUR,2024-10-21T20:39:15Z,1429951532,INV-0199,True,2024-10-18T20:40:45Z,,,,,2024-10-18T20:39:16Z,0.0,,Flex Fortnightly (Leslie Warner),0.0,,,,,,MEM-001,Membership Revenue,,False,False,False,False,e04f71a2-c16f-4b29-ab48-6e5869c3476e,,4,,1,False,,,2023-08-18T22:00:00Z,250.0,,Flex Fortnightly,0.0,[No Tax],0.0,Flex Fortnightly (Leslie Warner),491434aa-b761-4adb-ad12-3e37a2fac092,250.0,Olena+e2@nexudus.com,2026-08-25T20:47:13Z
1457717755,,,,ec16eecf-b5fe-4196-8a1c-40437d1c8b1b,56d5f420-d042-45a7-9b7d-7bb85443c1ca,,,,False,EUR,2024-10-21T20:39:15Z,1429951532,INV-0199,True,2024-10-18T20:40:45Z,Parking Space,4b965817-a16a-4345-8e20-d63e69733d51,,,2024-10-18T20:39:16Z,0.0,,Parking Space (Leslie Warner),0.0,,,,,,PRD-001,Product Sales,,False,False,False,False,e04f71a2-c16f-4b29-ab48-6e5869c3476e,,5,,1,False,,,2025-09-21T22:00:00Z,75.0,,,0.0,[No Tax],0.0,Parking Space (Leslie Warner),126c0092-399f-4135-b7a4-af6762db6b4e,75.0,Olena+e2@nexudus.com,2026-08-25T20:47:13Z
1457717756,,,,e4b84822-d799-4d21-83ac-d9c5b5359356,1a5c76ee-f959-44e4-84ca-ab0a373ed503,,,,False,EUR,2024-10-21T20:39:15Z,1429951532,INV-0199,True,2024-10-18T20:40:45Z,,,,,2024-10-18T20:39:16Z,0.0,,Flex Weekly (Gemma Ferguson),0.0,,,,,,MEM-001,Membership Revenue,,False,False,False,False,e04f71a2-c16f-4b29-ab48-6e5869c3476e,,6,,1,False,,,2023-08-18T22:00:00Z,44.46,,Flex Weekly,0.0,[No Tax],0.0,Flex Weekly (Gemma Ferguson),3d6d4a99-a517-41d2-8ab0-f7be55c94ae1,44.46,Olena+e2@nexudus.com,2026-08-25T20:47:13Z
1457717757,,,,fc38a7b0-a665-42aa-9714-d0eaa80780c0,df6d629b-b400-46c5-8491-ebd0acaf5840,,,,False,EUR,2024-10-21T20:39:15Z,1429951532,INV-0199,True,2024-10-18T20:40:45Z,,,,,2024-10-18T20:39:16Z,0.0,,Dedicated Desk Monthly (Jeremy Mellor),0.0,,,,,,MEM-001,Membership Revenue,,False,False,False,False,e04f71a2-c16f-4b29-ab48-6e5869c3476e,,7,,1,False,,,2023-08-18T22:00:00Z,330.2,,Dedicated Desk Monthly,0.0,[No Tax],0.0,Dedicated Desk Monthly (Jeremy Mellor),c2df8f0a-da02-4e41-9db4-b3dcf0499607,330.2,Olena+e2@nexudus.com,2026-08-25T20:47:13Z
1457717758,,,,e4df76d1-db4e-4b0b-a7cf-9d0188c049b5,bdcb9d2c-ab81-4e8e-9968-3a380ef40ce8,,,,False,EUR,2024-10-21T20:39:15Z,1429951532,INV-0199,True,2024-10-18T20:40:45Z,,,,,2024-10-18T20:39:16Z,0.0,,Hot Desk Monthly (Gemma Elliott),0.0,,,,,,MEM-001,Membership Revenue,,False,False,False,False,e04f71a2-c16f-4b29-ab48-6e5869c3476e,,8,,1,False,,,2023-08-18T22:00:00Z,140.86,,Hot Desk Monthly,0.0,[No Tax],0.0,Hot Desk Monthly (Gemma Elliott),2abeda09-f1c2-4882-b862-203456ae8f3a,140.86,Olena+e2@nexudus.com,2026-08-25T20:47:13Z
1457717759,,,,f272b55a-1a27-42cd-b013-9064f5bd245a,bdcb9d2c-ab81-4e8e-9968-3a380ef40ce8,,,,False,EUR,2024-10-21T20:39:15Z,1429951532,INV-0199,True,2024-10-18T20:40:45Z,Mail Handling,563e13ae-a863-4cdc-b8f6-ec796cdea4e2,,,2024-10-18T20:39:16Z,0.0,,Mail Handling (Gemma Elliott),0.0,,,,,,PRD-001,Product Sales,,False,False,False,False,e04f71a2-c16f-4b29-ab48-6e5869c3476e,,9,,1,False,,,2027-02-01T23:00:00Z,20.0,,,0.0,[No Tax],0.0,Mail Handling (Gemma Elliott),9de5a70a-e9ad-440c-9786-2b4281285c5f,20.0,Olena+e2@nexudus.com,2026-08-25T20:47:13Z
1457717760,,,,94f31e7b-6950-4f2d-843b-9a49bebffe11,40933bb3-00fe-49af-9a6d-edb5828b366b,,,,False,EUR,2024-10-21T20:39:15Z,1429951532,INV-0199,True,2024-10-18T20:40:45Z,,,,,2024-10-18T20:39:16Z,0.0,,Private Office Annual (Irene Wilson),0.0,,,,,,MEM-001,Membership Revenue,,False,False,False,False,e04f71a2-c16f-4b29-ab48-6e5869c3476e,,10,,1,False,,,2023-08-18T22:00:00Z,12000.0,,Private Office Annual,0.0,[No Tax],0.0,Private Office Annual (Irene Wilson),45ff5781-5ed4-4ab4-8cf3-fef2ce40ff1d,12000.0,Olena+e2@nexudus.com,2026-08-25T20:47:13Z
1457717761,,,,,1657f767-e59a-49fc-a23b-effc1bee7fee,,,,False,EUR,2025-04-28T20:39:19Z,1429951533,INV-0200,True,2025-04-25T20:40:46Z,,,,,2025-04-25T20:39:19Z,0.0,,Private Office Large,,,,,,,MEM-001,Membership Revenue,,False,False,False,False,e04f71a2-c16f-4b29-ab48-6e5869c3476e,,0,,1,False,,,2024-04-04T22:00:00Z,2000.0,,Private Office Large,0.0,[No Tax],0.0,Private Office Large,1e15d380-14da-490e-81f4-b8e1b90257a6,2000.0,Olena+e2@nexudus.com,2026-08-25T20:47:14Z
1457717762,,,,8aefccf5-66f1-476c-9f6c-866513ca7490,2784e367-fba2-4cc7-bea2-ee5c970deec5,,,,False,EUR,2025-04-28T20:39:19Z,1429951533,INV-0200,True,2025-04-25T20:40:46Z,,,,,2025-04-25T20:39:19Z,0.0,,Dedicated Desk Monthly (Sarah Reed),0.0,,,,,,MEM-001,Membership Revenue,,False,False,False,False,e04f71a2-c16f-4b29-ab48-6e5869c3476e,,1,,1,False,,,2024-04-04T22:00:00Z,350.0,,Dedicated Desk Monthly,0.0,[No Tax],0.0,Dedicated Desk Monthly (Sarah Reed),d123f1e1-f6bd-438a-b381-e70f0f0e8670,350.0,Olena+e2@nexudus.com,2026-08-25T20:47:14Z
1457717763,,,,261ba0bb-0b16-42bd-a710-3f7333adaaf8,2784e367-fba2-4cc7-bea2-ee5c970deec5,,,,False,EUR,2025-04-28T20:39:19Z,1429951533,INV-0200,True,2025-04-25T20:40:46Z,Parking Space,a0779e11-56d7-4100-84b3-0d704a41c4d2,,,2025-04-25T20:39:19Z,0.0,,Parking Space (Sarah Reed),0.0,,,,,,PRD-001,Product Sales,,False,False,False,False,e04f71a2-c16f-4b29-ab48-6e5869c3476e,,2,,1,False,,,2026-06-27T22:00:00Z,75.0,,,0.0,[No Tax],0.0,Parking Space (Sarah Reed),453090ea-1c90-4181-a0da-c10fee9c4261,75.0,Olena+e2@nexudus.com,2026-08-25T20:47:14Z
1457717764,,,,52aa0122-4747-4807-a5c4-657568e5043b,2784e367-fba2-4cc7-bea2-ee5c970deec5,,,,False,EUR,2025-04-28T20:39:19Z,1429951533,INV-0200,True,2025-04-25T20:40:46Z,,,,,2025-04-25T20:39:19Z,0.0,,Dedicated Desk Monthly (Sarah Reed),0.0,,,,,,MEM-001,Membership Revenue,,False,False,False,False,e04f71a2-c16f-4b29-ab48-6e5869c3476e,,3,,1,False,,,2024-04-04T22:00:00Z,350.0,,Dedicated Desk Monthly,0.0,[No Tax],0.0,Dedicated Desk Monthly (Sarah Reed),1ac7d285-9567-40c3-b245-5e5c7095126c,350.0,Olena+e2@nexudus.com,2026-08-25T20:47:14Z
1457717765,,,,d8ef2609-7ece-40fc-8f06-4e32ebae271d,2784e367-fba2-4cc7-bea2-ee5c970deec5,,,,False,EUR,2025-04-28T20:39:19Z,1429951533,INV-0200,True,2025-04-25T20:40:46Z,Parking Space,df8acee0-6a23-4b5d-a74b-6a75d591fe2c,,,2025-04-25T20:39:19Z,0.0,,Parking Space (Sarah Reed),0.0,,,,,,PRD-001,Product Sales,,False,False,False,False,e04f71a2-c16f-4b29-ab48-6e5869c3476e,,4,,1,False,,,2026-07-27T22:00:00Z,75.0,,,0.0,[No Tax],0.0,Parking Space (Sarah Reed),ace5ee9b-d1c5-4c02-8757-0b820c88355f,75.0,Olena+e2@nexudus.com,2026-08-25T20:47:14Z
1457717766,,,,bd1d83d6-9b81-4788-b472-c3120db57980,b26a2991-65b8-4cce-a087-2a1599b49542,,,,False,EUR,2025-04-28T20:39:19Z,1429951533,INV-0200,True,2025-04-25T20:40:46Z,,,,,2025-04-25T20:39:19Z,0.0,,Flex Fortnightly (Paula Harvey),0.0,,,,,,MEM-001,Membership Revenue,,False,False,False,False,e04f71a2-c16f-4b29-ab48-6e5869c3476e,,5,,1,False,,,2024-04-04T22:00:00Z,227.46,,Flex Fortnightly,0.0,[No Tax],0.0,Flex Fortnightly (Paula Harvey),b8c758d9-8a6d-47a4-81dc-6f4c0641ebc2,227.46,Olena+e2@nexudus.com,2026-08-25T20:47:14Z
1457717767,,,,3f369818-3501-4af3-bb43-92defd9c61d4,b26a2991-65b8-4cce-a087-2a1599b49542,,,,False,EUR,2025-04-28T20:39:19Z,1429951533,INV-0200,True,2025-04-25T20:40:46Z,Mail Handling,801951a7-43dc-4009-a0be-b9f30468a60f,,,2025-04-25T20:39:19Z,0.0,,Mail Handling (Paula Harvey),0.0,,,,,,PRD-001,Product Sales,,False,False,False,False,e04f71a2-c16f-4b29-ab48-6e5869c3476e,,6,,1,False,,,2026-09-30T22:00:00Z,20.0,,,0.0,[No Tax],0.0,Mail Handling (Paula Harvey),855f34d7-6dd1-4a8d-9836-970435fd1977,20.0,Olena+e2@nexudus.com,2026-08-25T20:47:14Z
1457717768,,,,a65fd146-fe5b-4598-9fa4-e78c2a0888e1,03dc1c2f-d72e-43d3-961a-1f9bd118e6c7,,,,False,EUR,2025-04-28T20:39:19Z,1429951533,INV-0200,True,2025-04-25T20:40:46Z,,,,,2025-04-25T20:39:19Z,0.0,,Private Office Large (Jay Rees),0.0,,,,,,MEM-001,Membership Revenue,,False,False,False,False,e04f71a2-c16f-4b29-ab48-6e5869c3476e,,7,,1,False,,,2024-04-04T22:00:00Z,2000.0,,Private Office Large,0.0,[No Tax],0.0,Private Office Large (Jay Rees),664ba5e0-0b2a-438d-a8c4-e7cde820961b,2000.0,Olena+e2@nexudus.com,2026-08-25T20:47:14Z
1457717769,,,,e11fa4dd-d421-4ee8-9007-fc1d99f2c4e6,3ff972cd-d4b0-4f63-84b9-51e794a77aad,,,,False,EUR,2025-04-28T20:39:19Z,1429951533,INV-0200,True,2025-04-25T20:40:46Z,,,,,2025-04-25T20:39:19Z,0.0,,Dedicated Desk Monthly (Janice Glover),0.0,,,,,,MEM-001,Membership Revenue,,False,False,False,False,e04f71a2-c16f-4b29-ab48-6e5869c3476e,,8,,1,False,,,2024-04-04T22:00:00Z,299.41,,Dedicated Desk Monthly,0.0,[No Tax],0.0,Dedicated Desk Monthly (Janice Glover),c23aa799-ce46-4ac9-85f0-aaf125504c1c,299.41,Olena+e2@nexudus.com,2026-08-25T20:47:14Z
1457717771,,2ea37cce-66c5-4467-af67-3a63d1b4a775,,2ea37cce-66c5-4467-af67-3a63d1b4a775,c2034b47-1027-4fec-b92a-064d48bdd135,,,,True,EUR,2026-08-25T20:40:53Z,1429951535,INV-0205,True,2026-08-25T20:40:54Z,,,,,2026-08-25T20:40:53Z,0.0,,Private Office Large,,,,,,,MEM-001,Membership Revenue,,False,False,False,False,e04f71a2-c16f-4b29-ab48-6e5869c3476e,,0,,-1,False,,,2024-06-26T23:00:00Z,-2000.0,,Private Office Large,0.0,[No Tax],0.0,Private Office Large,85461d42-679f-4da0-853b-4b96e48a66c2,2000.0,Olena+e2@nexudus.com,2026-08-25T20:40:53Z
1457717772,,9268c995-c383-443a-a8a7-45c3252f99bf,,9268c995-c383-443a-a8a7-45c3252f99bf,,,,,True,EUR,2026-08-25T20:40:53Z,1429951535,INV-0205,True,2026-08-25T20:40:54Z,,,Evening Pass,a41c5ef9-fc48-49be-be38-c260303dace5,2026-08-25T20:40:53Z,0.0,,Evening Pass [25/08/2026],,,,,,,,,,False,False,False,False,e04f71a2-c16f-4b29-ab48-6e5869c3476e,,0,,-1,False,,,2026-08-25T19:49:01Z,-10.0,,,0.0,[No Tax],0.0,Evening Pass [25/08/2026],07f5d7d8-bfca-4e8a-babe-290a07978332,10.0,Olena+e2@nexudus.com,2026-08-25T20:40:53Z
1457716332,,,,,7f0f1a8c-3ca8-4617-ba11-750067c207e1,,,,False,EUR,2026-05-02T20:01:40Z,1429951538,INV-0152,True,2026-04-29T20:39:38Z,,,,,2026-04-29T20:01:40Z,0.0,,Flex Weekly,,,,,,,MEM-001,Membership Revenue,,False,False,False,False,e04f71a2-c16f-4b29-ab48-6e5869c3476e,,0,,1,False,,,2026-03-13T22:00:00Z,50.0,,Flex Weekly,0.0,[No Tax],0.0,Flex Weekly,8c41a882-2fc8-4b92-bee4-938707c30d99,50.0,Olena+e2@nexudus.com,2026-08-25T20:46:01Z
1457716333,,,,,7f0f1a8c-3ca8-4617-ba11-750067c207e1,,,,False,EUR,2026-05-02T20:01:40Z,1429951538,INV-0152,True,2026-04-29T20:39:38Z,Parking Space,77a625f3-3334-4294-9d59-b11ef0a5d59b,,,2026-04-29T20:01:40Z,0.0,,Parking Space,,,,,,,PRD-001,Product Sales,,False,False,False,False,e04f71a2-c16f-4b29-ab48-6e5869c3476e,,1,,1,False,,,2026-07-10T00:00:00Z,75.0,,,0.0,[No Tax],0.0,Parking Space,8d0ec1ce-93ad-4b54-b0cc-436cc5ea89bb,75.0,Olena+e2@nexudus.com,2026-08-25T20:46:01Z
1457716334,,,,,d0e0f13b-7d3e-41fe-a05a-f7488fe8f088,,,,False,EUR,2026-08-28T20:01:40Z,1429951539,INV-0222,False,,,,,,2026-08-25T20:01:40Z,0.0,,Dedicated Desk Monthly,,,,,,,MEM-001,Membership Revenue,,False,False,False,False,e04f71a2-c16f-4b29-ab48-6e5869c3476e,,0,,1,False,,,2026-02-17T23:00:00Z,350.0,,Dedicated Desk Monthly,0.0,[No Tax],0.0,Dedicated Desk Monthly,863b4e7f-a01a-4e9b-9069-1cc9005a73c3,350.0,[System],2026-08-25T20:01:40Z
1457717244,,,,,d0e0f13b-7d3e-41fe-a05a-f7488fe8f088,,,,False,EUR,2026-08-28T20:01:40Z,1429951539,INV-0222,False,,Storage Locker,72002ead-bdc5-49d2-a9c0-8fd9fd5de1dd,,,2026-08-25T20:01:40Z,0.0,,Storage Locker,,,,,,,PRD-001,Product Sales,,False,False,False,False,e04f71a2-c16f-4b29-ab48-6e5869c3476e,,1,,1,False,,,2026-02-17T23:00:00Z,30.0,,,0.0,[No Tax],0.0,Storage Locker,96c506f6-f326-4877-a4ef-6b1396c1d01c,30.0,[System],2026-08-25T20:01:40Z
1457717245,,,,,26a1c65c-e9f2-4046-bc10-1c51f17cf495,,,,False,EUR,2025-02-24T20:01:40Z,1429951540,INV-0154,True,2025-02-21T20:39:39Z,,,,,2025-02-21T20:01:40Z,0.0,,Private Office Large,,,,,,,MEM-001,Membership Revenue,,False,False,False,False,e04f71a2-c16f-4b29-ab48-6e5869c3476e,,0,,1,False,,,2024-10-19T22:00:00Z,2000.0,,Private Office Large,0.0,[No Tax],0.0,Private Office Large,9d7412b0-ca87-412d-abbd-edac748905c0,2000.0,Olena+e2@nexudus.com,2026-08-25T20:46:03Z
1457717246,,,,,8dc73148-3ee5-403c-86ba-c020eaec57da,,,,False,EUR,2026-08-28T20:01:41Z,1429951541,INV-0223,False,,,,,,2026-08-25T20:01:41Z,0.0,,Hot Desk Monthly,,,,,,,MEM-001,Membership Revenue,,False,False,False,False,e04f71a2-c16f-4b29-ab48-6e5869c3476e,,0,,1,False,,,2026-05-14T22:00:00Z,150.0,,Hot Desk Monthly,0.0,[No Tax],0.0,Hot Desk Monthly,57d2a14f-ddbb-4d73-bee0-8abcb5ca5192,150.0,[System],2026-08-25T20:01:41Z
1457717247,,,,,fd4860d5-0a66-4859-b7d0-a1884b4a31b7,,,,False,EUR,2026-05-05T20:01:41Z,1429951542,INV-0158,True,2026-05-02T20:39:43Z,,,,,2026-05-02T20:01:41Z,0.0,,Hot Desk Quarterly,,,,,,,MEM-001,Membership Revenue,,False,False,False,False,e04f71a2-c16f-4b29-ab48-6e5869c3476e,,0,,1,False,,,2026-02-24T22:00:00Z,400.0,,Hot Desk Quarterly,0.0,[No Tax],0.0,Hot Desk Quarterly,3d9d9e5d-eabd-4f13-822d-cefa54441eab,400.0,Olena+e2@nexudus.com,2026-08-25T20:46:07Z
1457717248,,,,,fd4860d5-0a66-4859-b7d0-a1884b4a31b7,,,,False,EUR,2026-05-05T20:01:41Z,1429951542,INV-0158,True,2026-05-02T20:39:43Z,Parking Space,04688c1e-3d39-46d9-a0cb-051a0cb53da3,,,2026-05-02T20:01:41Z,0.0,,Parking Space,,,,,,,PRD-001,Product Sales,,False,False,False,False,e04f71a2-c16f-4b29-ab48-6e5869c3476e,,1,,1,False,,,2026-06-20T00:00:00Z,75.0,,,0.0,[No Tax],0.0,Parking Space,7af9a70f-4124-41f7-8753-72e093d090da,75.0,Olena+e2@nexudus.com,2026-08-25T20:46:07Z
1457717249,,,,,950eca22-a893-4bf2-8a07-e8f9121f66eb,,,,False,EUR,2024-11-09T20:01:41Z,1429951543,INV-0156,True,2024-11-06T20:39:40Z,,,,,2024-11-06T20:01:41Z,0.0,,Dedicated Desk Monthly,,,,,,,MEM-001,Membership Revenue,,False,False,False,False,e04f71a2-c16f-4b29-ab48-6e5869c3476e,,0,,1,False,,,2024-10-16T22:00:00Z,350.0,,Dedicated Desk Monthly,0.0,[No Tax],0.0,Dedicated Desk Monthly,490f8d54-5726-4d17-bf6a-bc044196c6ce,350.0,Olena+e2@nexudus.com,2026-08-25T20:46:04Z
1457717250,,,,,950eca22-a893-4bf2-8a07-e8f9121f66eb,,,,False,EUR,2024-11-09T20:01:41Z,1429951543,INV-0156,True,2024-11-06T20:39:40Z,Mail Handling,9dcec1fd-7ec8-4eb6-a5e3-d4b02ef294e9,,,2024-11-06T20:01:41Z,0.0,,Mail Handling,,,,,,,PRD-001,Product Sales,,False,False,False,False,e04f71a2-c16f-4b29-ab48-6e5869c3476e,,1,,1,False,,,2026-08-04T22:00:00Z,20.0,,,0.0,[No Tax],0.0,Mail Handling,120a1e44-bc42-40b5-ab7b-86d74cdfcdc1,20.0,Olena+e2@nexudus.com,2026-08-25T20:46:04Z
1457717335,,,,,257fd942-8baf-402f-8490-98faa99e3a0b,,,,False,EUR,2026-08-28T21:02:35Z,1429951621,INV-0210,False,,,,,,2026-08-25T21:02:36Z,0.0,,Private Office Small,,,,,,,MEM-001,Membership Revenue,,False,False,False,False,e04f71a2-c16f-4b29-ab48-6e5869c3476e,,0,,1,False,,,2026-06-10T22:00:00Z,1200.0,,Private Office Small,0.0,[No Tax],0.0,Private Office Small,8949961f-7e0d-483c-a6ce-cf735d37cb4f,1200.0,[System],2026-08-25T21:02:36Z
1457717952,,,,,deb914d0-ec9e-45b0-8927-b1f8a20aa6bf,,,,False,EUR,2026-08-28T21:02:37Z,1429951630,INV-0216,False,,,,,,2026-08-25T21:02:37Z,0.0,,Flex Fortnightly,,,,,,,MEM-001,Membership Revenue,,False,False,False,False,e04f71a2-c16f-4b29-ab48-6e5869c3476e,,0,,1,False,,,2025-10-05T22:00:00Z,250.0,,Flex Fortnightly,0.0,[No Tax],0.0,Flex Fortnightly,30b60048-5b07-4ca9-ac6a-9ca2209609f1,250.0,[System],2026-08-25T21:02:37Z
1457717953,,,,,deb914d0-ec9e-45b0-8927-b1f8a20aa6bf,,,,False,EUR,2026-08-28T21:02:37Z,1429951630,INV-0216,False,,Parking Space,2f99a812-c0c9-4ac4-8f51-d82eea42645d,,,2026-08-25T21:02:37Z,0.0,,Parking Space,,,,,,,PRD-001,Product Sales,,False,False,False,False,e04f71a2-c16f-4b29-ab48-6e5869c3476e,,1,,1,False,,,2025-10-05T22:00:00Z,75.0,,,0.0,[No Tax],0.0,Parking Space,1e13cd36-d8ff-4614-9f10-af35b26949ec,75.0,[System],2026-08-25T21:02:37Z
1457717954,,,,,efa2ba9e-e139-4bf1-9a30-b2fcfaff8867,,,,False,EUR,2026-08-28T21:02:37Z,1429951631,INV-0218,False,,,,,,2026-08-25T21:02:37Z,0.0,,Dedicated Desk Monthly,,,,,,,MEM-001,Membership Revenue,,False,False,False,False,e04f71a2-c16f-4b29-ab48-6e5869c3476e,,0,,1,False,,,2026-07-28T22:00:00Z,350.0,,Dedicated Desk Monthly,0.0,[No Tax],0.0,Dedicated Desk Monthly,00335b1f-1e8f-4b5a-9808-408875e7e757,350.0,[System],2026-08-25T21:02:37Z
1457717960,,,,,1657f767-e59a-49fc-a23b-effc1bee7fee,,,,False,EUR,2026-08-28T21:02:39Z,1429951636,INV-0219,False,,,,,,2026-08-25T21:02:39Z,0.0,,Private Office Large,,,,,,,MEM-001,Membership Revenue,,False,False,False,False,e04f71a2-c16f-4b29-ab48-6e5869c3476e,,0,,1,False,,,2025-09-04T22:00:00Z,2000.0,,Private Office Large,0.0,[No Tax],0.0,Private Office Large,ecd8fd20-8fb9-4d14-a201-dfb69f6004b1,2000.0,[System],2026-08-25T21:02:39Z
1457717961,,,,e8afd666-4630-4190-9708-95792ade07c0,2784e367-fba2-4cc7-bea2-ee5c970deec5,,,,False,EUR,2026-08-28T21:02:39Z,1429951636,INV-0219,False,,,,,,2026-08-25T21:02:39Z,0.0,,Dedicated Desk Monthly (Sarah Reed),0.0,,,,,,MEM-001,Membership Revenue,,False,False,False,False,e04f71a2-c16f-4b29-ab48-6e5869c3476e,,1,,1,False,,,2026-08-27T22:00:00Z,350.0,,Dedicated Desk Monthly,0.0,[No Tax],0.0,Dedicated Desk Monthly (Sarah Reed),c64b04a8-0be4-4709-a965-d0f9916ccde8,350.0,[System],2026-08-25T21:02:39Z
1457717962,,,,c2731258-6a90-4620-a0eb-e1580dc4d6de,2784e367-fba2-4cc7-bea2-ee5c970deec5,,,,False,EUR,2026-08-28T21:02:39Z,1429951636,INV-0219,False,,Parking Space,3f45ae46-661d-4575-9804-6ebf1477d2fb,,,2026-08-25T21:02:39Z,0.0,,Parking Space (Sarah Reed),0.0,,,,,,PRD-001,Product Sales,,False,False,False,False,e04f71a2-c16f-4b29-ab48-6e5869c3476e,,2,,1,False,,,2026-08-27T22:00:00Z,75.0,,,0.0,[No Tax],0.0,Parking Space (Sarah Reed),d7339f0e-4c3e-4ece-af88-27d14df69466,75.0,[System],2026-08-25T21:02:39Z
1457717963,,,,43cae6ab-0044-484c-a333-8afa3c6ebf6c,b26a2991-65b8-4cce-a087-2a1599b49542,,,,False,EUR,2026-08-28T21:02:39Z,1429951636,INV-0219,False,,,,,,2026-08-25T21:02:39Z,0.0,,Flex Fortnightly (Paula Harvey),0.0,,,,,,MEM-001,Membership Revenue,,False,False,False,False,e04f71a2-c16f-4b29-ab48-6e5869c3476e,,3,,1,False,,,2026-10-14T22:00:00Z,227.46,,Flex Fortnightly,0.0,[No Tax],0.0,Flex Fortnightly (Paula Harvey),ae810b7e-61df-4a2b-928a-d0ac123d4a9b,227.46,[System],2026-08-25T21:02:39Z
1457717964,,,,d6496070-96c1-424d-a111-f88b8ef68339,b26a2991-65b8-4cce-a087-2a1599b49542,,,,False,EUR,2026-08-28T21:02:39Z,1429951636,INV-0219,False,,Mail Handling,54d8c59e-5ce4-4c55-a8ae-ad39c2fe51dd,,,2026-08-25T21:02:39Z,0.0,,Mail Handling (Paula Harvey),0.0,,,,,,PRD-001,Product Sales,,False,False,False,False,e04f71a2-c16f-4b29-ab48-6e5869c3476e,,4,,1,False,,,2026-10-14T22:00:00Z,20.0,,,0.0,[No Tax],0.0,Mail Handling (Paula Harvey),58a32e38-4086-461f-aa65-37a34ce000e9,20.0,[System],2026-08-25T21:02:39Z
1457717965,,,,3c7ee79b-ba7a-4eca-8ac3-939e799c7039,3ff972cd-d4b0-4f63-84b9-51e794a77aad,,,,False,EUR,2026-08-28T21:02:39Z,1429951636,INV-0219,False,,,,,,2026-08-25T21:02:39Z,0.0,,Dedicated Desk Monthly (Janice Glover),0.0,,,,,,MEM-001,Membership Revenue,,False,False,False,False,e04f71a2-c16f-4b29-ab48-6e5869c3476e,,5,,1,False,,,2027-03-13T23:00:00Z,299.41,,Dedicated Desk Monthly,0.0,[No Tax],0.0,Dedicated Desk Monthly (Janice Glover),d85a5d5a-34d6-45be-9bf4-6c6336c7d861,299.41,[System],2026-08-25T21:02:39Z
1457717238,,,,,86e280a9-0c42-4769-9eb5-38309a5de047,,,,False,EUR,2026-06-01T20:39:02Z,1429951637,INV-0193,True,2026-05-29T20:40:41Z,,,,,2026-05-29T20:39:02Z,0.0,,Private Office Large,,,,,,,MEM-001,Membership Revenue,,False,False,False,False,e04f71a2-c16f-4b29-ab48-6e5869c3476e,,0,,1,False,,,2025-08-31T23:00:00Z,1883.84,,Private Office Large,0.0,[No Tax],0.0,Private Office Large,bc97afe7-0964-4d02-ab97-2e1c05318393,1883.84,Olena+e2@nexudus.com,2026-08-25T20:47:09Z
1457717239,,,,,98b2ac8f-475a-4038-8609-c3387d034106,,,,False,EUR,2025-04-17T20:39:06Z,1429951638,INV-0194,True,2025-04-14T20:40:41Z,,,,,2025-04-14T20:39:06Z,0.0,,Flex Weekly,,,,,,,MEM-001,Membership Revenue,,False,False,False,False,e04f71a2-c16f-4b29-ab48-6e5869c3476e,,0,,1,False,,,2024-01-05T22:00:00Z,50.0,,Flex Weekly,0.0,[No Tax],0.0,Flex Weekly,804bfce5-d053-432f-8c5e-9e4025f70151,50.0,Olena+e2@nexudus.com,2026-08-25T20:47:10Z
1457717240,,,,,98b2ac8f-475a-4038-8609-c3387d034106,,,,False,EUR,2025-04-17T20:39:06Z,1429951638,INV-0194,True,2025-04-14T20:40:41Z,Storage Locker,6a709709-1f16-4039-81f6-095cc25c0664,,,2025-04-14T20:39:06Z,0.0,,Storage Locker,,,,,,,PRD-001,Product Sales,,False,False,False,False,e04f71a2-c16f-4b29-ab48-6e5869c3476e,,1,,1,False,,,2025-05-17T22:00:00Z,30.0,,,0.0,[No Tax],0.0,Storage Locker,200caf7f-5cf1-49b0-b404-a2873b36995d,30.0,Olena+e2@nexudus.com,2026-08-25T20:47:10Z
1457717241,,,,f0a88350-d3cc-45b6-b44f-e07d58174f87,b18bd23e-3578-4f5a-b185-b9f31fe0378f,,,,False,EUR,2025-04-17T20:39:06Z,1429951638,INV-0194,True,2025-04-14T20:40:41Z,,,,,2025-04-14T20:39:06Z,0.0,,Flex Fortnightly (Robin Andrews),0.0,,,,,,MEM-001,Membership Revenue,,False,False,False,False,e04f71a2-c16f-4b29-ab48-6e5869c3476e,,2,,1,False,,,2024-01-05T22:00:00Z,235.98,,Flex Fortnightly,0.0,[No Tax],0.0,Flex Fortnightly (Robin Andrews),81ff5314-7a10-460c-8179-500de5c907d5,235.98,Olena+e2@nexudus.com,2026-08-25T20:47:10Z
1457717242,,,,5d265a2b-2583-4c42-b043-349f5c49592b,b18bd23e-3578-4f5a-b185-b9f31fe0378f,,,,False,EUR,2025-04-17T20:39:06Z,1429951638,INV-0194,True,2025-04-14T20:40:41Z,,,,,2025-04-14T20:39:06Z,0.0,,Flex Fortnightly (Robin Andrews),0.0,,,,,,MEM-001,Membership Revenue,,False,False,False,False,e04f71a2-c16f-4b29-ab48-6e5869c3476e,,3,,1,False,,,2024-01-05T22:00:00Z,235.98,,Flex Fortnightly,0.0,[No Tax],0.0,Flex Fortnightly (Robin Andrews),9e87238c-36c9-4f1b-9034-e51be5783e40,235.98,Olena+e2@nexudus.com,2026-08-25T20:47:10Z
1457717243,,,,8200e95e-39ba-4d72-a5f5-07efb370796d,cd2bbb2c-3654-4737-b0b9-5c046bade0a2,,,,False,EUR,2025-04-17T20:39:06Z,1429951638,INV-0194,True,2025-04-14T20:40:41Z,,,,,2025-04-14T20:39:06Z,0.0,,Dedicated Desk Monthly (Victor Harrison),0.0,,,,,,MEM-001,Membership Revenue,,False,False,False,False,e04f71a2-c16f-4b29-ab48-6e5869c3476e,,4,,1,False,,,2024-01-05T22:00:00Z,298.76,,Dedicated Desk Monthly,0.0,[No Tax],0.0,Dedicated Desk Monthly (Victor Harrison),6097c328-dac3-45a9-9f3f-6e4402cb48ce,298.76,Olena+e2@nexudus.com,2026-08-25T20:47:10Z
1457717648,,,,04ef217e-0e2d-4388-a4c1-919e8fea091c,cd2bbb2c-3654-4737-b0b9-5c046bade0a2,,,,False,EUR,2025-04-17T20:39:06Z,1429951638,INV-0194,True,2025-04-14T20:40:41Z,Parking Space,e998e753-6ebd-4527-bf15-bea6c0fe3806,,,2025-04-14T20:39:06Z,0.0,,Parking Space (Victor Harrison),0.0,,,,,,PRD-001,Product Sales,,False,False,False,False,e04f71a2-c16f-4b29-ab48-6e5869c3476e,,5,,1,False,,,2026-01-09T23:00:00Z,75.0,,,0.0,[No Tax],0.0,Parking Space (Victor Harrison),4611e2fa-6af4-4087-b004-35ddc6839895,75.0,Olena+e2@nexudus.com,2026-08-25T20:47:10Z
1457717649,,,,8bbfdf9d-44e4-478f-9f86-f87a8af30be0,cd2bbb2c-3654-4737-b0b9-5c046bade0a2,,,,False,EUR,2025-04-17T20:39:06Z,1429951638,INV-0194,True,2025-04-14T20:40:41Z,,,,,2025-04-14T20:39:06Z,0.0,,Dedicated Desk Monthly (Victor Harrison),0.0,,,,,,MEM-001,Membership Revenue,,False,False,False,False,e04f71a2-c16f-4b29-ab48-6e5869c3476e,,6,,1,False,,,2024-01-05T22:00:00Z,298.76,,Dedicated Desk Monthly,0.0,[No Tax],0.0,Dedicated Desk Monthly (Victor Harrison),d3695451-7484-4b46-953a-db6c18e48468,298.76,Olena+e2@nexudus.com,2026-08-25T20:47:10Z
1457717650,,,,1389d924-9d34-4a65-8e11-2a3627acf1dd,cd2bbb2c-3654-4737-b0b9-5c046bade0a2,,,,False,EUR,2025-04-17T20:39:06Z,1429951638,INV-0194,True,2025-04-14T20:40:41Z,Parking Space,786e3c62-47ae-44b3-ab82-6c2df0c316f3,,,2025-04-14T20:39:06Z,0.0,,Parking Space (Victor Harrison),0.0,,,,,,PRD-001,Product Sales,,False,False,False,False,e04f71a2-c16f-4b29-ab48-6e5869c3476e,,7,,1,False,,,2026-02-09T23:00:00Z,75.0,,,0.0,[No Tax],0.0,Parking Space (Victor Harrison),34b7897a-cad5-4757-90dd-6bdb18329819,75.0,Olena+e2@nexudus.com,2026-08-25T20:47:10Z
1457717651,,,,f54b5cf6-6d76-4ad3-9c92-8b49ccaa483a,1eb0805e-661d-4d6b-8c84-2a6b07efda5f,,,,False,EUR,2025-04-17T20:39:06Z,1429951638,INV-0194,True,2025-04-14T20:40:41Z,,,,,2025-04-14T20:39:06Z,0.0,,Private Office Small (Ashley Smith),0.0,,,,,,MEM-001,Membership Revenue,,False,False,False,False,e04f71a2-c16f-4b29-ab48-6e5869c3476e,,8,,1,False,,,2024-01-05T22:00:00Z,1082.52,,Private Office Small,0.0,[No Tax],0.0,Private Office Small (Ashley Smith),20a9257a-e82a-4cd8-a8d8-695b2491c851,1082.52,Olena+e2@nexudus.com,2026-08-25T20:47:10Z
1457717652,,,,1abfef80-936b-4705-a20a-2fc2a17d14fd,1eb0805e-661d-4d6b-8c84-2a6b07efda5f,,,,False,EUR,2025-04-17T20:39:06Z,1429951638,INV-0194,True,2025-04-14T20:40:41Z,Mail Handling,dacb8016-0b72-4b20-b08a-49856f86c25b,,,2025-04-14T20:39:06Z,0.0,,Mail Handling (Ashley Smith),0.0,,,,,,PRD-001,Product Sales,,False,False,False,False,e04f71a2-c16f-4b29-ab48-6e5869c3476e,,9,,1,False,,,2026-02-16T23:00:00Z,20.0,,,0.0,[No Tax],0.0,Mail Handling (Ashley Smith),f0ea433d-d6f9-4722-b8b0-650a8f6d97f5,20.0,Olena+e2@nexudus.com,2026-08-25T20:47:10Z
1457717653,,,,996f843b-9236-4957-b530-815990880477,1eb0805e-661d-4d6b-8c84-2a6b07efda5f,,,,False,EUR,2025-04-17T20:39:06Z,1429951638,INV-0194,True,2025-04-14T20:40:41Z,,,,,2025-04-14T20:39:06Z,0.0,,Private Office Small (Ashley Smith),0.0,,,,,,MEM-001,Membership Revenue,,False,False,False,False,e04f71a2-c16f-4b29-ab48-6e5869c3476e,,10,,1,False,,,2024-01-05T22:00:00Z,1082.52,,Private Office Small,0.0,[No Tax],0.0,Private Office Small (Ashley Smith),7532d28e-ca2a-4723-bf78-b9281e59c0f4,1082.52,Olena+e2@nexudus.com,2026-08-25T20:47:10Z
1457717654,,,,f1d57a78-8c3b-415e-ab02-31af69d89102,1eb0805e-661d-4d6b-8c84-2a6b07efda5f,,,,False,EUR,2025-04-17T20:39:06Z,1429951638,INV-0194,True,2025-04-14T20:40:41Z,Mail Handling,5729ea6f-7761-4597-ac85-6fa2bc320d02,,,2025-04-14T20:39:06Z,0.0,,Mail Handling (Ashley Smith),0.0,,,,,,PRD-001,Product Sales,,False,False,False,False,e04f71a2-c16f-4b29-ab48-6e5869c3476e,,11,,1,False,,,2026-03-16T23:00:00Z,20.0,,,0.0,[No Tax],0.0,Mail Handling (Ashley Smith),852c2854-6bb9-4d2c-93fb-cfb46c1910b8,20.0,Olena+e2@nexudus.com,2026-08-25T20:47:10Z
1457717655,,,,1f68688c-0965-49bc-a613-e34878960714,a98c8df6-34c6-4ab5-8b7c-ebe99a8fe589,,,,False,EUR,2025-04-17T20:39:06Z,1429951638,INV-0194,True,2025-04-14T20:40:41Z,,,,,2025-04-14T20:39:06Z,0.0,,Flex Fortnightly (Ashley Smith),0.0,,,,,,MEM-001,Membership Revenue,,False,False,False,False,e04f71a2-c16f-4b29-ab48-6e5869c3476e,,12,,1,False,,,2024-01-05T22:00:00Z,250.0,,Flex Fortnightly,0.0,[No Tax],0.0,Flex Fortnightly (Ashley Smith),41e1ad93-a67c-40c8-9162-25da046163c9,250.0,Olena+e2@nexudus.com,2026-08-25T20:47:10Z
1457717656,,,,806ad048-f8b0-4f2d-8616-493eae71aea9,a98c8df6-34c6-4ab5-8b7c-ebe99a8fe589,,,,False,EUR,2025-04-17T20:39:06Z,1429951638,INV-0194,True,2025-04-14T20:40:41Z,Parking Space,c3df3f45-e15e-4b22-a257-19a42b79bd0c,,,2025-04-14T20:39:06Z,0.0,,Parking Space (Ashley Smith),0.0,,,,,,PRD-001,Product Sales,,False,False,False,False,e04f71a2-c16f-4b29-ab48-6e5869c3476e,,13,,1,False,,,2026-07-14T22:00:00Z,75.0,,,0.0,[No Tax],0.0,Parking Space (Ashley Smith),81473611-ab18-4e77-8d56-4e8567fae597,75.0,Olena+e2@nexudus.com,2026-08-25T20:47:10Z
1457717657,,,,56caeb24-62a5-4022-a02e-23ccc6817ce9,7129cea4-6c12-42bd-9565-7265f8b42fad,,,,False,EUR,2025-04-17T20:39:06Z,1429951638,INV-0194,True,2025-04-14T20:40:41Z,,,,,2025-04-14T20:39:06Z,0.0,,Hot Desk Monthly (Leanne Foster),0.0,,,,,,MEM-001,Membership Revenue,,False,False,False,False,e04f71a2-c16f-4b29-ab48-6e5869c3476e,,14,,1,False,,,2024-01-05T22:00:00Z,129.5,,Hot Desk Monthly,0.0,[No Tax],0.0,Hot Desk Monthly (Leanne Foster),b4ac7add-c61a-40a4-92e4-7b82f74ffd43,129.5,Olena+e2@nexudus.com,2026-08-25T20:47:10Z
1457717658,,,,10af7794-5b74-4f5f-ab5f-6a84cebb1681,7129cea4-6c12-42bd-9565-7265f8b42fad,,,,False,EUR,2025-04-17T20:39:06Z,1429951638,INV-0194,True,2025-04-14T20:40:41Z,Mail Handling,95049a62-b928-4a91-babd-9f17579980db,,,2025-04-14T20:39:06Z,0.0,,Mail Handling (Leanne Foster),0.0,,,,,,PRD-001,Product Sales,,False,False,False,False,e04f71a2-c16f-4b29-ab48-6e5869c3476e,,15,,1,False,,,2026-07-21T22:00:00Z,20.0,,,0.0,[No Tax],0.0,Mail Handling (Leanne Foster),2313400b-de8d-4a50-a70d-3edb1db15eef,20.0,Olena+e2@nexudus.com,2026-08-25T20:47:10Z
1457717659,,,,a29e93e8-2f81-4a06-997b-c9d4f7e11eb5,7129cea4-6c12-42bd-9565-7265f8b42fad,,,,False,EUR,2025-04-17T20:39:06Z,1429951638,INV-0194,True,2025-04-14T20:40:41Z,,,,,2025-04-14T20:39:06Z,0.0,,Hot Desk Monthly (Leanne Foster),0.0,,,,,,MEM-001,Membership Revenue,,False,False,False,False,e04f71a2-c16f-4b29-ab48-6e5869c3476e,,16,,1,False,,,2024-01-05T22:00:00Z,129.5,,Hot Desk Monthly,0.0,[No Tax],0.0,Hot Desk Monthly (Leanne Foster),345d8038-2a88-472f-a3ed-45a0c164fbc7,129.5,Olena+e2@nexudus.com,2026-08-25T20:47:10Z
1457717660,,,,b1f05319-6e1b-4ae0-901c-720a30ad98c2,7129cea4-6c12-42bd-9565-7265f8b42fad,,,,False,EUR,2025-04-17T20:39:06Z,1429951638,INV-0194,True,2025-04-14T20:40:41Z,Mail Handling,865bbf90-7252-4312-b91d-6edf48ebd734,,,2025-04-14T20:39:06Z,0.0,,Mail Handling (Leanne Foster),0.0,,,,,,PRD-001,Product Sales,,False,False,False,False,e04f71a2-c16f-4b29-ab48-6e5869c3476e,,17,,1,False,,,2026-08-21T22:00:00Z,20.0,,,0.0,[No Tax],0.0,Mail Handling (Leanne Foster),42205b6c-dbee-4c0e-9586-3eac384a8cfc,20.0,Olena+e2@nexudus.com,2026-08-25T20:47:10Z
1457717661,,,,a33c22a3-13b9-4d6a-aee1-b1278943bb22,60220ba8-8c23-4162-87fb-4501cabf33b0,,,,False,EUR,2025-04-17T20:39:06Z,1429951638,INV-0194,True,2025-04-14T20:40:41Z,,,,,2025-04-14T20:39:06Z,0.0,,Hot Desk Quarterly (Tracy Harrison),0.0,,,,,,MEM-001,Membership Revenue,,False,False,False,False,e04f71a2-c16f-4b29-ab48-6e5869c3476e,,18,,1,False,,,2024-01-05T22:00:00Z,361.68,,Hot Desk Quarterly,0.0,[No Tax],0.0,Hot Desk Quarterly (Tracy Harrison),9ede3390-68e5-4bb6-a884-c9102c2cd6a0,361.68,Olena+e2@nexudus.com,2026-08-25T20:47:10Z
1457717662,,,,23a8e2ec-446e-4690-96e4-039b95080bc8,60220ba8-8c23-4162-87fb-4501cabf33b0,,,,False,EUR,2025-04-17T20:39:06Z,1429951638,INV-0194,True,2025-04-14T20:40:41Z,Mail Handling,fa0476b0-3d5e-4bc6-b766-6e1b987e8637,,,2025-04-14T20:39:06Z,0.0,,Mail Handling (Tracy Harrison),0.0,,,,,,PRD-001,Product Sales,,False,False,False,False,e04f71a2-c16f-4b29-ab48-6e5869c3476e,,19,,1,False,,,2027-03-11T23:00:00Z,20.0,,,0.0,[No Tax],0.0,Mail Handling (Tracy Harrison),e2210a1f-5a63-4a0a-b538-4c2b02cd835c,20.0,Olena+e2@nexudus.com,2026-08-25T20:47:10Z
1457717663,,,,b9478591-effc-465f-93ea-92decfff8b47,11351685-db46-4bc5-b905-1303b6682acc,,,,False,EUR,2025-04-17T20:39:06Z,1429951638,INV-0194,True,2025-04-14T20:40:41Z,,,,,2025-04-14T20:39:06Z,0.0,,Hot Desk Quarterly (Teresa Hopkins),0.0,,,,,,MEM-001,Membership Revenue,,False,False,False,False,e04f71a2-c16f-4b29-ab48-6e5869c3476e,,20,,1,False,,,2024-01-05T22:00:00Z,343.61,,Hot Desk Quarterly,0.0,[No Tax],0.0,Hot Desk Quarterly (Teresa Hopkins),8ffe93df-c5b0-4476-94cc-c2e539877ed3,343.61,Olena+e2@nexudus.com,2026-08-25T20:47:10Z
1457717664,,,,,c3e3e2eb-6035-4462-9876-89d5f059199d,,,,False,EUR,2026-04-21T20:39:11Z,1429951639,INV-0197,True,2026-04-18T20:40:44Z,,,,,2026-04-18T20:39:11Z,0.0,,Private Office Annual,,,,,,,MEM-001,Membership Revenue,,False,False,False,False,e04f71a2-c16f-4b29-ab48-6e5869c3476e,,0,,1,False,,,2032-02-06T22:00:00Z,12000.0,,Private Office Annual,0.0,[No Tax],0.0,Private Office Annual,e5386f60-04c0-46bc-82e4-7e63381fd7b4,12000.0,Olena+e2@nexudus.com,2026-08-25T20:47:12Z
1457717665,,,,,c3e3e2eb-6035-4462-9876-89d5f059199d,,,,False,EUR,2026-04-21T20:39:11Z,1429951639,INV-0197,True,2026-04-18T20:40:44Z,Parking Space,eb741a10-6884-47e8-b3ba-9b2f0f034cf9,,,2026-04-18T20:39:11Z,0.0,,Parking Space,,,,,,,PRD-001,Product Sales,,False,False,False,False,e04f71a2-c16f-4b29-ab48-6e5869c3476e,,1,,1,False,,,2032-06-14T22:00:00Z,75.0,,,0.0,[No Tax],0.0,Parking Space,d1d4cb74-fd33-470e-b582-124b6b82fec5,75.0,Olena+e2@nexudus.com,2026-08-25T20:47:12Z
1457717666,,,,,deb914d0-ec9e-45b0-8927-b1f8a20aa6bf,,,,False,EUR,2026-04-18T20:39:12Z,1429951640,INV-0198,True,2026-04-15T20:40:45Z,,,,,2026-04-15T20:39:13Z,0.0,,Flex Fortnightly,,,,,,,MEM-001,Membership Revenue,,False,False,False,False,e04f71a2-c16f-4b29-ab48-6e5869c3476e,,0,,1,False,,,2025-05-12T22:00:00Z,250.0,,Flex Fortnightly,0.0,[No Tax],0.0,Flex Fortnightly,0d986c90-2e83-4505-8442-1fb8082f6260,250.0,Olena+e2@nexudus.com,2026-08-25T20:47:12Z
1457717667,,,,,deb914d0-ec9e-45b0-8927-b1f8a20aa6bf,,,,False,EUR,2026-04-18T20:39:12Z,1429951640,INV-0198,True,2026-04-15T20:40:45Z,Parking Space,c01934c9-6bd9-4f30-a239-be6bd8214b43,,,2026-04-15T20:39:13Z,0.0,,Parking Space,,,,,,,PRD-001,Product Sales,,False,False,False,False,e04f71a2-c16f-4b29-ab48-6e5869c3476e,,1,,1,False,,,2025-09-21T22:00:00Z,75.0,,,0.0,[No Tax],0.0,Parking Space,ea1f5881-8118-40eb-9174-09f631c802b4,75.0,Olena+e2@nexudus.com,2026-08-25T20:47:12Z
1457717668,,,,,2ea47e1e-3154-4e0a-89fd-6878233ad8fa,,,,False,EUR,2025-02-11T20:39:20Z,1429951641,INV-0201,True,2025-02-08T20:40:49Z,,,,,2025-02-08T20:39:20Z,0.0,,Private Office Small,,,,,,,MEM-001,Membership Revenue,,False,False,False,False,e04f71a2-c16f-4b29-ab48-6e5869c3476e,,0,,1,False,,,2024-01-23T22:00:00Z,1200.0,,Private Office Small,0.0,[No Tax],0.0,Private Office Small,578727a9-75f9-4b69-be2c-d06cefa8c084,1200.0,Olena+e2@nexudus.com,2026-08-25T20:47:15Z
1457717669,,,,,c2034b47-1027-4fec-b92a-064d48bdd135,,,,False,EUR,2026-03-11T20:39:22Z,1429951642,INV-0202,True,2026-03-08T20:40:49Z,,,,,2026-03-08T20:39:22Z,0.0,,Private Office Large,,,,,,,MEM-001,Membership Revenue,,False,False,False,False,e04f71a2-c16f-4b29-ab48-6e5869c3476e,,0,,1,False,,,2025-02-16T22:00:00Z,2000.0,,Private Office Large,0.0,[No Tax],0.0,Private Office Large,2a7a1da4-d44a-4dbb-8a6e-ad71226dd2d3,2000.0,Olena+e2@nexudus.com,2026-08-25T20:47:15Z
1457717670,,,,,23fa1f46-b5ce-4acd-9a0f-b4473d61fae1,,,,False,EUR,2025-11-29T20:39:32Z,1429951643,INV-0203,True,2025-11-26T20:40:50Z,,,,,2025-11-26T20:39:32Z,0.0,,Hot Desk Quarterly,,,,,,,MEM-001,Membership Revenue,,False,False,False,False,e04f71a2-c16f-4b29-ab48-6e5869c3476e,,0,,1,False,,,2027-04-20T23:00:00Z,400.0,,Hot Desk Quarterly,0.0,[No Tax],0.0,Hot Desk Quarterly,c099dab8-9f97-4dfd-b42d-6cd6d6242456,400.0,Olena+e2@nexudus.com,2026-08-25T20:47:16Z
1457717671,,,,,23fa1f46-b5ce-4acd-9a0f-b4473d61fae1,,,,False,EUR,2025-11-29T20:39:32Z,1429951643,INV-0203,True,2025-11-26T20:40:50Z,Parking Space,d9cb803b-907b-4a96-adf9-c6d243ee846f,,,2025-11-26T20:39:32Z,0.0,,Parking Space,,,,,,,PRD-001,Product Sales,,False,False,False,False,e04f71a2-c16f-4b29-ab48-6e5869c3476e,,1,,1,False,,,2028-01-17T23:00:00Z,75.0,,,0.0,[No Tax],0.0,Parking Space,6893376f-5dec-4867-a63f-d83e8720d0a1,75.0,Olena+e2@nexudus.com,2026-08-25T20:47:16Z
1457717672,,4ff62d52-bd18-4007-826a-42a1a86295a5,,4ff62d52-bd18-4007-826a-42a1a86295a5,2ea47e1e-3154-4e0a-89fd-6878233ad8fa,,,,True,EUR,2026-08-25T20:40:52Z,1429951644,INV-0204,True,2026-08-25T20:40:53Z,,,,,2026-08-25T20:40:52Z,0.0,,Private Office Small,,,,,,,MEM-001,Membership Revenue,,False,False,False,False,e04f71a2-c16f-4b29-ab48-6e5869c3476e,,0,,-1,False,,,2024-11-04T23:00:00Z,-1200.0,,Private Office Small,0.0,[No Tax],0.0,Private Office Small,42aa36b8-78b9-400c-b711-b17bad1f1193,1200.0,Olena+e2@nexudus.com,2026-08-25T20:40:52Z
1457717673,,b09c2c65-44c0-4eb7-ada4-a10fec0446f0,,b09c2c65-44c0-4eb7-ada4-a10fec0446f0,,,,,True,EUR,2026-08-25T20:40:52Z,1429951644,INV-0204,True,2026-08-25T20:40:53Z,,,,,2026-08-25T20:40:52Z,0.0,,New Member Orientation: General Admission (Francesca White),,,,General Admission,1d442973-0ebd-4773-80ec-5f138b3cd7ff,,EVT-001,Event Revenue,,False,False,False,False,e04f71a2-c16f-4b29-ab48-6e5869c3476e,,0,,-1,False,,,2026-07-23T12:00:00Z,-10.0,,,0.0,[No Tax],0.0,New Member Orientation: General Admission (Francesca White),e8208ef4-14e4-45cf-9e0b-d6d982f70ff1,10.0,Olena+e2@nexudus.com,2026-08-25T20:40:52Z
1457717674,,fed16b28-89b8-4514-849d-b2d33e66cc8c,,fed16b28-89b8-4514-849d-b2d33e66cc8c,,,,,True,EUR,2026-08-25T20:40:52Z,1429951644,INV-0204,True,2026-08-25T20:40:53Z,,,Evening Pass,9eee1d9c-b282-40c7-ac72-8dc33c5dfed6,2026-08-25T20:40:52Z,0.0,,Evening Pass [25/08/2026],,,,,,,,,,False,False,False,False,e04f71a2-c16f-4b29-ab48-6e5869c3476e,,0,,-1,False,,,2026-08-25T19:49:05Z,-10.0,,,0.0,[No Tax],0.0,Evening Pass [25/08/2026],073c55e1-59a9-4f56-a626-c6862d848141,10.0,Olena+e2@nexudus.com,2026-08-25T20:40:52Z
1457717675,,f37d57c7-75d2-4a79-8162-68c9b216875a,,f37d57c7-75d2-4a79-8162-68c9b216875a,,,,,True,EUR,2026-08-25T20:40:52Z,1429951644,INV-0204,True,2026-08-25T20:40:53Z,Storage Locker,df02a229-a01d-422b-9d30-0bb1059b1afa,,,2026-08-25T20:40:52Z,0.0,,Storage Locker,,,,,,,PRD-001,Product Sales,,False,False,False,False,e04f71a2-c16f-4b29-ab48-6e5869c3476e,,0,,-1,False,,,2026-08-25T19:49:08Z,-30.0,,,0.0,[No Tax],0.0,Storage Locker,1c0e8c9e-a11c-4259-a334-225ba7d787a2,30.0,Olena+e2@nexudus.com,2026-08-25T20:40:52Z
1457717676,,7a1d9062-7baf-4ec4-a8e1-a4f13fcd6055,,7a1d9062-7baf-4ec4-a8e1-a4f13fcd6055,d8fcb41e-c8fa-433d-908b-60666b7f302a,,,,True,EUR,2026-08-25T20:40:54Z,1429951645,INV-0206,True,2026-08-25T20:40:54Z,,,,,2026-08-25T20:40:54Z,0.0,,Dedicated Desk Monthly,,,,,,,MEM-001,Membership Revenue,,False,False,False,False,e04f71a2-c16f-4b29-ab48-6e5869c3476e,,0,,-1,False,,,2025-10-05T22:00:00Z,-350.0,,Dedicated Desk Monthly,0.0,[No Tax],0.0,Dedicated Desk Monthly,52749159-b7de-4110-8ba1-8ef77c3aea6c,350.0,Olena+e2@nexudus.com,2026-08-25T20:40:54Z
1457717677,,a7086957-b352-4ed3-9ed3-b53865c8a488,,a7086957-b352-4ed3-9ed3-b53865c8a488,d8fcb41e-c8fa-433d-908b-60666b7f302a,,,,True,EUR,2026-08-25T20:40:54Z,1429951645,INV-0206,True,2026-08-25T20:40:54Z,Storage Locker,ee861103-3e23-4a87-93f1-8d35e73b620a,,,2026-08-25T20:40:54Z,0.0,,Storage Locker,,,,,,,PRD-001,Product Sales,,False,False,False,False,e04f71a2-c16f-4b29-ab48-6e5869c3476e,,0,,-1,False,,,2026-06-02T00:00:00Z,-30.0,,,0.0,[No Tax],0.0,Storage Locker,9f0f9031-0323-4326-9862-76eecffc87a5,30.0,Olena+e2@nexudus.com,2026-08-25T20:40:54Z
1457717678,ac8a72cf-d12c-4932-bf5f-e86491b83fbc,1c4e294f-4fa3-419d-8858-ecc0467bd344,,1c4e294f-4fa3-419d-8858-ecc0467bd344,,,,,True,EUR,2026-08-25T20:40:54Z,1429951645,INV-0206,True,2026-08-25T20:40:54Z,AV Equipment,1c381f05-c8e3-47fe-82df-b54be8124227,,,2026-08-25T20:40:54Z,0.0,,- AV Equipment,,,,,,,PRD-001,Product Sales,,False,False,False,False,e04f71a2-c16f-4b29-ab48-6e5869c3476e,,0,,-1,False,,,2026-04-30T14:00:00Z,-25.0,,,0.0,[No Tax],0.0,- AV Equipment,140dd34b-68d3-4206-92ae-7d390752cf23,25.0,Olena+e2@nexudus.com,2026-08-25T20:40:54Z
1457717679,,c7afd232-b3b3-4071-aeaf-f92a99628412,,c7afd232-b3b3-4071-aeaf-f92a99628412,,,,,True,EUR,2026-08-25T20:40:54Z,1429951645,INV-0206,True,2026-08-25T20:40:54Z,,,,,2026-08-25T20:40:54Z,0.0,,New Member Orientation: General Admission (Leigh Butler),,,,General Admission,8166254f-64c7-4f87-b066-bec6afc34f45,,EVT-001,Event Revenue,,False,False,False,False,e04f71a2-c16f-4b29-ab48-6e5869c3476e,,0,,-1,False,,,2026-07-23T12:00:00Z,-10.0,,,0.0,[No Tax],0.0,New Member Orientation: General Admission (Leigh Butler),415a76dd-f201-4734-8393-1422b330d559,10.0,Olena+e2@nexudus.com,2026-08-25T20:40:54Z
1457717680,,a339bdfc-06bf-42d3-a52c-0fd922277a33,,a339bdfc-06bf-42d3-a52c-0fd922277a33,,,,,True,EUR,2026-08-25T20:40:54Z,1429951645,INV-0206,True,2026-08-25T20:40:54Z,,,Half Day Pass,e0244841-3137-4935-aeab-637c8047b7dc,2026-08-25T20:40:54Z,0.0,,Half Day Pass [25/08/2026],,,,,,,,,,False,False,False,False,e04f71a2-c16f-4b29-ab48-6e5869c3476e,,0,,-1,False,,,2026-08-25T19:49:06Z,-15.0,,,0.0,[No Tax],0.0,Half Day Pass [25/08/2026],376f7317-e778-4e74-9617-aba9f519ebb9,15.0,Olena+e2@nexudus.com,2026-08-25T20:40:54Z
1457717773,,891b1a2c-bde7-403c-aa50-2b3def586c06,,891b1a2c-bde7-403c-aa50-2b3def586c06,23fa1f46-b5ce-4acd-9a0f-b4473d61fae1,,,,True,EUR,2026-08-25T20:40:55Z,1429951738,INV-0207,True,2026-08-25T20:40:55Z,,,,,2026-08-25T20:40:55Z,0.0,,Hot Desk Quarterly,,,,,,,MEM-001,Membership Revenue,,False,False,False,False,e04f71a2-c16f-4b29-ab48-6e5869c3476e,,0,,-1,False,,,2025-02-14T22:00:00Z,-400.0,,Hot Desk Quarterly,0.0,[No Tax],0.0,Hot Desk Quarterly,83adef55-d1fc-4152-bf7c-1ef18a8c6a81,400.0,Olena+e2@nexudus.com,2026-08-25T20:40:55Z
1457717774,,238f749c-146e-40ab-b996-dcf3787ed860,,238f749c-146e-40ab-b996-dcf3787ed860,23fa1f46-b5ce-4acd-9a0f-b4473d61fae1,,,,True,EUR,2026-08-25T20:40:55Z,1429951738,INV-0207,True,2026-08-25T20:40:55Z,Parking Space,06ee99cb-eade-4158-8872-63a01b6745d5,,,2026-08-25T20:40:55Z,0.0,,Parking Space,,,,,,,PRD-001,Product Sales,,False,False,False,False,e04f71a2-c16f-4b29-ab48-6e5869c3476e,,0,,-1,False,,,2026-07-18T00:00:00Z,-75.0,,,0.0,[No Tax],0.0,Parking Space,bbbe0280-a3cc-4fb4-8ba2-e823b7fdf797,75.0,Olena+e2@nexudus.com,2026-08-25T20:40:55Z
1457717775,,e256a7a3-61ec-4ccc-9815-f2765bde8b49,,e256a7a3-61ec-4ccc-9815-f2765bde8b49,,,,,True,EUR,2026-08-25T20:40:55Z,1429951738,INV-0207,True,2026-08-25T20:40:55Z,,,Day Pass,13827b07-7f76-44b2-a890-dc297f35e840,2026-08-25T20:40:55Z,0.0,,Day Pass [25/08/2026],,,,,,,,,,False,False,False,False,e04f71a2-c16f-4b29-ab48-6e5869c3476e,,0,,-1,False,,,2026-08-25T19:48:08Z,-25.0,,,0.0,[No Tax],0.0,Day Pass [25/08/2026],f8fb8bec-0cf0-4b19-85b0-b08cba7b8801,25.0,Olena+e2@nexudus.com,2026-08-25T20:40:55Z
1457717776,,1892db86-e44c-4673-acbf-6c91aff9748a,,1892db86-e44c-4673-acbf-6c91aff9748a,58cae1f6-208f-465a-94fd-3dda8406c288,,,,True,EUR,2026-08-25T20:40:56Z,1429951739,INV-0208,True,2026-08-25T20:40:57Z,,,,,2026-08-25T20:40:56Z,0.0,,Hot Desk Monthly,,,,,,,MEM-001,Membership Revenue,,False,False,False,False,e04f71a2-c16f-4b29-ab48-6e5869c3476e,,0,,-1,False,,,2024-11-14T22:00:00Z,-150.0,,Hot Desk Monthly,0.0,[No Tax],0.0,Hot Desk Monthly,008bf434-033f-477a-851d-4751ca3dbcc7,150.0,Olena+e2@nexudus.com,2026-08-25T20:40:56Z
1457717777,,1ad16c1d-d03a-4f65-bbd0-ceb8e1c6b73d,,1ad16c1d-d03a-4f65-bbd0-ceb8e1c6b73d,58cae1f6-208f-465a-94fd-3dda8406c288,,,,True,EUR,2026-08-25T20:40:56Z,1429951739,INV-0208,True,2026-08-25T20:40:57Z,Mail Handling,9e675528-6c59-437c-83b3-ee0db66cc7a1,,,2026-08-25T20:40:56Z,0.0,,Mail Handling,,,,,,,PRD-001,Product Sales,,False,False,False,False,e04f71a2-c16f-4b29-ab48-6e5869c3476e,,0,,-1,False,,,2026-07-25T00:00:00Z,-20.0,,,0.0,[No Tax],0.0,Mail Handling,68ad9a8d-35e2-4229-a553-51451e9ef5f4,20.0,Olena+e2@nexudus.com,2026-08-25T20:40:56Z
1457717778,,e26fe173-28a4-4954-93b6-428a05f8983d,,e26fe173-28a4-4954-93b6-428a05f8983d,,,,,True,EUR,2026-08-25T20:40:56Z,1429951739,INV-0208,True,2026-08-25T20:40:57Z,,,,,2026-08-25T20:40:56Z,0.0,,Yoga Wednesday: General Admission (Dylan Young),,,,General Admission,d35ceb69-f389-401b-a84e-228c5e821921,,EVT-001,Event Revenue,,False,False,False,False,e04f71a2-c16f-4b29-ab48-6e5869c3476e,,0,,-1,False,,,2026-07-17T12:00:00Z,-15.0,,,0.0,[No Tax],0.0,Yoga Wednesday: General Admission (Dylan Young),b76cb7dc-42ad-4703-b687-637b24f950fb,15.0,Olena+e2@nexudus.com,2026-08-25T20:40:56Z
1457717779,,def8efae-5cee-462f-89a2-efb44040304e,,def8efae-5cee-462f-89a2-efb44040304e,,,,,True,EUR,2026-08-25T20:40:56Z,1429951739,INV-0208,True,2026-08-25T20:40:57Z,,,Day Pass,dc70cc29-8363-460f-b439-e1c9929ffac1,2026-08-25T20:40:56Z,0.0,,Day Pass [25/08/2026],,,,,,,,,,False,False,False,False,e04f71a2-c16f-4b29-ab48-6e5869c3476e,,0,,-1,False,,,2026-08-25T19:49:06Z,-25.0,,,0.0,[No Tax],0.0,Day Pass [25/08/2026],bd967ff5-91a7-4d6a-a8b2-7f2bca2ce705,25.0,Olena+e2@nexudus.com,2026-08-25T20:40:56Z
1457717780,,22523d4d-f6d6-4667-b129-e0e6b3bcfc27,,22523d4d-f6d6-4667-b129-e0e6b3bcfc27,,,,,True,EUR,2026-08-25T20:40:56Z,1429951739,INV-0208,True,2026-08-25T20:40:57Z,Mail Handling,4ab663b1-3fa2-4405-b136-1677ac55c53a,,,2026-08-25T20:40:56Z,0.0,,Mail Handling,,,,,,,PRD-001,Product Sales,,False,False,False,False,e04f71a2-c16f-4b29-ab48-6e5869c3476e,,0,,-1,False,,,2026-08-25T19:49:18Z,-20.0,,,0.0,[No Tax],0.0,Mail Handling,f2c2a36a-b6cd-4fe3-abc5-fa67a225d99a,20.0,Olena+e2@nexudus.com,2026-08-25T20:40:56Z
1457718000,,,,,86e280a9-0c42-4769-9eb5-38309a5de047,,,,False,EUR,2026-08-28T22:01:58Z,1429951865,INV-0225,False,,,,,,2026-08-25T22:01:58Z,0.0,,Private Office Large,,,,,,,MEM-001,Membership Revenue,,False,False,False,False,e04f71a2-c16f-4b29-ab48-6e5869c3476e,,0,,1,False,,,2026-01-27T23:00:00Z,1883.84,,Private Office Large,0.0,[No Tax],0.0,Private Office Large,85ec5ec1-fe81-4152-a661-daaefd35d6d3,1883.84,[System],2026-08-25T22:01:58Z
1457718002,,,,,ccd407f4-d6ae-4205-b329-40995062b471,,,,False,EUR,2026-08-28T22:01:58Z,1429951867,INV-0224,False,,,,,,2026-08-25T22:01:58Z,0.0,,Flex Weekly,,,,,,,MEM-001,Membership Revenue,,False,False,False,False,e04f71a2-c16f-4b29-ab48-6e5869c3476e,,0,,1,False,,,2026-02-21T23:00:00Z,44.93,,Flex Weekly,0.0,[No Tax],0.0,Flex Weekly,5e12d4f7-a55f-4fc9-9388-2f4f6df90318,44.93,[System],2026-08-25T22:01:58Z
1457718003,,,,,ccd407f4-d6ae-4205-b329-40995062b471,,,,False,EUR,2026-08-28T22:01:58Z,1429951867,INV-0224,False,,Mail Handling,0d2cab95-3b37-4998-a77c-fc6e71783556,,,2026-08-25T22:01:58Z,0.0,,Mail Handling,,,,,,,PRD-001,Product Sales,,False,False,False,False,e04f71a2-c16f-4b29-ab48-6e5869c3476e,,1,,1,False,,,2026-02-21T23:00:00Z,20.0,,,0.0,[No Tax],0.0,Mail Handling,00bf5e6b-8bee-49d3-9421-6915b52e761b,20.0,[System],2026-08-25T22:01:58Z
1457718006,,,,,bb5cc407-6124-4726-8a18-bc3c30a59991,,,,False,EUR,2026-08-28T22:01:59Z,1429951870,INV-0226,False,,,,,,2026-08-25T22:01:59Z,0.0,,Dedicated Desk Monthly,,,,,,,MEM-001,Membership Revenue,,False,False,False,False,e04f71a2-c16f-4b29-ab48-6e5869c3476e,,0,,1,False,,,2026-06-12T22:00:00Z,350.0,,Dedicated Desk Monthly,0.0,[No Tax],0.0,Dedicated Desk Monthly,51543ff0-299c-43a8-9eaf-83b24e31c48f,350.0,[System],2026-08-25T22:01:59Z
1457718007,,,,,bb5cc407-6124-4726-8a18-bc3c30a59991,,,,False,EUR,2026-08-28T22:01:59Z,1429951870,INV-0226,False,,Mail Handling,2c172c4b-c32e-485e-9c59-970c48ba71fe,,,2026-08-25T22:01:59Z,0.0,,Mail Handling,,,,,,,PRD-001,Product Sales,,False,False,False,False,e04f71a2-c16f-4b29-ab48-6e5869c3476e,,1,,1,False,,,2026-06-12T22:00:00Z,20.0,,,0.0,[No Tax],0.0,Mail Handling,7c7e80f0-cb3e-4445-8051-5c8a619f4122,20.0,[System],2026-08-25T22:01:59Z
1457718011,,,,,7f0f1a8c-3ca8-4617-ba11-750067c207e1,,,,False,EUR,2026-08-28T22:02:01Z,1429951874,INV-0227,False,,,,,,2026-08-25T22:02:01Z,0.0,,Flex Weekly,,,,,,,MEM-001,Membership Revenue,,False,False,False,False,e04f71a2-c16f-4b29-ab48-6e5869c3476e,,0,,1,False,,,2026-07-23T22:00:00Z,50.0,,Flex Weekly,0.0,[No Tax],0.0,Flex Weekly,99682d8c-b0e5-4ac9-ae11-1ea904208144,50.0,[System],2026-08-25T22:02:01Z
1457718012,,,,,7f0f1a8c-3ca8-4617-ba11-750067c207e1,,,,False,EUR,2026-08-28T22:02:01Z,1429951874,INV-0227,False,,Parking Space,898d6882-88f8-4421-a7c7-b4072f587257,,,2026-08-25T22:02:01Z,0.0,,Parking Space,,,,,,,PRD-001,Product Sales,,False,False,False,False,e04f71a2-c16f-4b29-ab48-6e5869c3476e,,1,,1,False,,,2026-07-23T22:00:00Z,75.0,,,0.0,[No Tax],0.0,Parking Space,f4931f41-5bdf-4fbf-ad7e-f4ac20546a21,75.0,[System],2026-08-25T22:02:01Z
1457718018,,,,,950eca22-a893-4bf2-8a07-e8f9121f66eb,,,,False,EUR,2026-08-28T22:02:02Z,1429951880,INV-0232,False,,,,,,2026-08-25T22:02:02Z,0.0,,Dedicated Desk Monthly,,,,,,,MEM-001,Membership Revenue,,False,False,False,False,e04f71a2-c16f-4b29-ab48-6e5869c3476e,,0,,1,False,,,2026-09-04T22:00:00Z,350.0,,Dedicated Desk Monthly,0.0,[No Tax],0.0,Dedicated Desk Monthly,853d110b-2cc2-4f97-8274-45d274fa9c92,350.0,[System],2026-08-25T22:02:02Z
1457718019,,,,,950eca22-a893-4bf2-8a07-e8f9121f66eb,,,,False,EUR,2026-08-28T22:02:02Z,1429951880,INV-0232,False,,Mail Handling,8aa9ee10-281d-4a19-9c99-eb166506786f,,,2026-08-25T22:02:02Z,0.0,,Mail Handling,,,,,,,PRD-001,Product Sales,,False,False,False,False,e04f71a2-c16f-4b29-ab48-6e5869c3476e,,1,,1,False,,,2026-09-04T22:00:00Z,20.0,,,0.0,[No Tax],0.0,Mail Handling,f0b843ac-2aaa-44ac-ba55-2bd8d321f8c1,20.0,[System],2026-08-25T22:02:02Z
1457718021,,,,,080f8ea5-dcf0-401e-a264-fb8b2a6abf70,,,,False,EUR,2026-08-28T22:02:02Z,1429951882,INV-0233,False,,,,,,2026-08-25T22:02:02Z,0.0,,Flex Fortnightly,,,,,,,MEM-001,Membership Revenue,,False,False,False,False,e04f71a2-c16f-4b29-ab48-6e5869c3476e,,0,,1,False,,,2026-07-24T22:00:00Z,250.0,,Flex Fortnightly,0.0,[No Tax],0.0,Flex Fortnightly,ba22a79f-0e60-43f7-b5b7-25a9f23a8d24,250.0,[System],2026-08-25T22:02:02Z
1457718022,,,,,080f8ea5-dcf0-401e-a264-fb8b2a6abf70,,,,False,EUR,2026-08-28T22:02:02Z,1429951882,INV-0233,False,,Mail Handling,feb22df7-3301-404f-af06-8633e75ceec1,,,2026-08-25T22:02:02Z,0.0,,Mail Handling,,,,,,,PRD-001,Product Sales,,False,False,False,False,e04f71a2-c16f-4b29-ab48-6e5869c3476e,,1,,1,False,,,2026-07-24T22:00:00Z,20.0,,,0.0,[No Tax],0.0,Mail Handling,d9ee0937-0fc6-4dff-b67e-cf3e53227e90,20.0,[System],2026-08-25T22:02:02Z
1457718173,,,,,deb914d0-ec9e-45b0-8927-b1f8a20aa6bf,,,,False,EUR,2026-08-28T22:02:05Z,1429951889,INV-0239,False,,,,,,2026-08-25T22:02:05Z,0.0,,Flex Fortnightly,,,,,,,MEM-001,Membership Revenue,,False,False,False,False,e04f71a2-c16f-4b29-ab48-6e5869c3476e,,0,,1,False,,,2025-10-19T22:00:00Z,250.0,,Flex Fortnightly,0.0,[No Tax],0.0,Flex Fortnightly,c40bb340-51f6-442e-ace7-fa3b0881faa2,250.0,[System],2026-08-25T22:02:05Z
1457718174,,,,,deb914d0-ec9e-45b0-8927-b1f8a20aa6bf,,,,False,EUR,2026-08-28T22:02:05Z,1429951889,INV-0239,False,,Parking Space,68060856-78e6-417a-8b4e-67418c473349,,,2026-08-25T22:02:05Z,0.0,,Parking Space,,,,,,,PRD-001,Product Sales,,False,False,False,False,e04f71a2-c16f-4b29-ab48-6e5869c3476e,,1,,1,False,,,2025-10-19T22:00:00Z,75.0,,,0.0,[No Tax],0.0,Parking Space,f177e4b2-4494-43cd-905f-6ca138e7dc0e,75.0,[System],2026-08-25T22:02:05Z
1457718184,,,,,1657f767-e59a-49fc-a23b-effc1bee7fee,,,,False,EUR,2026-08-28T22:02:10Z,1429951897,INV-0241,False,,,,,,2026-08-25T22:02:10Z,0.0,,Private Office Large,,,,,,,MEM-001,Membership Revenue,,False,False,False,False,e04f71a2-c16f-4b29-ab48-6e5869c3476e,,0,,1,False,,,2025-10-04T22:00:00Z,2000.0,,Private Office Large,0.0,[No Tax],0.0,Private Office Large,277fe0d5-2d2c-4366-9e42-1a8934f4ba72,2000.0,[System],2026-08-25T22:02:10Z
1457717904,,,,,2cadbe78-c732-4476-861a-9bc67be72c08,,,,False,EUR,2026-08-28T22:02:01Z,1429952048,INV-0228,False,,,,,,2026-08-25T22:02:01Z,0.0,,Flex Fortnightly,,,,,,,MEM-001,Membership Revenue,,False,False,False,False,e04f71a2-c16f-4b29-ab48-6e5869c3476e,,0,,1,False,,,2026-05-14T22:00:00Z,250.0,,Flex Fortnightly,0.0,[No Tax],0.0,Flex Fortnightly,1add7837-17d7-413c-8adf-451d20a0b5a3,250.0,[System],2026-08-25T22:02:01Z
1457717905,,,,,2cadbe78-c732-4476-861a-9bc67be72c08,,,,False,EUR,2026-08-28T22:02:01Z,1429952048,INV-0228,False,,Parking Space,006d4890-6545-4a06-a757-3e97b3a47924,,,2026-08-25T22:02:01Z,0.0,,Parking Space,,,,,,,PRD-001,Product Sales,,False,False,False,False,e04f71a2-c16f-4b29-ab48-6e5869c3476e,,1,,1,False,,,2026-05-14T22:00:00Z,75.0,,,0.0,[No Tax],0.0,Parking Space,69fcc6a2-03b2-4bc0-974f-757c43aa8930,75.0,[System],2026-08-25T22:02:01Z
1457717906,,,,,2b593c66-b701-450c-bd4b-6ac15d83abde,,,,False,EUR,2026-08-28T22:02:01Z,1429952049,INV-0231,False,,,,,,2026-08-25T22:02:01Z,0.0,,Flex Fortnightly,,,,,,,MEM-001,Membership Revenue,,False,False,False,False,e04f71a2-c16f-4b29-ab48-6e5869c3476e,,0,,1,False,,,2026-04-03T22:00:00Z,250.0,,Flex Fortnightly,0.0,[No Tax],0.0,Flex Fortnightly,4f1e46e2-8399-48da-b996-c254a41a83af,250.0,[System],2026-08-25T22:02:01Z
1457717907,,,,,2b593c66-b701-450c-bd4b-6ac15d83abde,,,,False,EUR,2026-08-28T22:02:01Z,1429952049,INV-0231,False,,Storage Locker,0a18f39a-2b4f-40d0-b904-f0b42d943236,,,2026-08-25T22:02:01Z,0.0,,Storage Locker,,,,,,,PRD-001,Product Sales,,False,False,False,False,e04f71a2-c16f-4b29-ab48-6e5869c3476e,,1,,1,False,,,2026-04-03T22:00:00Z,30.0,,,0.0,[No Tax],0.0,Storage Locker,ad6c25ac-8a5a-4a07-87be-50ad0f0da81a,30.0,[System],2026-08-25T22:02:01Z
1457717908,,,,,257fd942-8baf-402f-8490-98faa99e3a0b,,,,False,EUR,2026-08-28T22:02:01Z,1429952050,INV-0229,False,,,,,,2026-08-25T22:02:02Z,0.0,,Private Office Small,,,,,,,MEM-001,Membership Revenue,,False,False,False,False,e04f71a2-c16f-4b29-ab48-6e5869c3476e,,0,,1,False,,,2026-07-10T22:00:00Z,1200.0,,Private Office Small,0.0,[No Tax],0.0,Private Office Small,0d27227b-d9ca-4839-a569-50b858e2f5fd,1200.0,[System],2026-08-25T22:02:02Z
1457717909,,,,,26a1c65c-e9f2-4046-bc10-1c51f17cf495,,,,False,EUR,2026-08-28T22:02:02Z,1429952051,INV-0230,False,,,,,,2026-08-25T22:02:02Z,0.0,,Private Office Large,,,,,,,MEM-001,Membership Revenue,,False,False,False,False,e04f71a2-c16f-4b29-ab48-6e5869c3476e,,0,,1,False,,,2026-05-22T22:00:00Z,2000.0,,Private Office Large,0.0,[No Tax],0.0,Private Office Large,6d24f4f9-8fb0-4d73-8293-b472d6c92282,2000.0,[System],2026-08-25T22:02:02Z
1457717916,,,,,0a9a0857-2e1e-483d-ba08-cae73a0bbc33,,,,False,EUR,2026-08-28T22:02:02Z,1429952054,INV-0234,False,,,,,,2026-08-25T22:02:02Z,0.0,,Flex Fortnightly,,,,,,,MEM-001,Membership Revenue,,False,False,False,False,e04f71a2-c16f-4b29-ab48-6e5869c3476e,,0,,1,False,,,2026-01-27T23:00:00Z,250.0,,Flex Fortnightly,0.0,[No Tax],0.0,Flex Fortnightly,9b688d09-d872-4c16-b70b-d89a27173f63,250.0,[System],2026-08-25T22:02:02Z
1457717920,,,,,8dc73148-3ee5-403c-86ba-c020eaec57da,,,,False,EUR,2026-08-28T22:02:03Z,1429952056,INV-0237,False,,,,,,2026-08-25T22:02:03Z,0.0,,Hot Desk Monthly,,,,,,,MEM-001,Membership Revenue,,False,False,False,False,e04f71a2-c16f-4b29-ab48-6e5869c3476e,,0,,1,False,,,2026-06-14T22:00:00Z,150.0,,Hot Desk Monthly,0.0,[No Tax],0.0,Hot Desk Monthly,dee2d923-41c2-4f3b-93a1-9c98be03f1b6,150.0,[System],2026-08-25T22:02:03Z
1457717921,,,,,efa2ba9e-e139-4bf1-9a30-b2fcfaff8867,,,,False,EUR,2026-08-28T22:02:03Z,1429952057,INV-0235,False,,,,,,2026-08-25T22:02:03Z,0.0,,Dedicated Desk Monthly,,,,,,,MEM-001,Membership Revenue,,False,False,False,False,e04f71a2-c16f-4b29-ab48-6e5869c3476e,,0,,1,False,,,2026-08-28T22:00:00Z,350.0,,Dedicated Desk Monthly,0.0,[No Tax],0.0,Dedicated Desk Monthly,91db78f0-bb58-43a6-9d8a-936e486675bf,350.0,[System],2026-08-25T22:02:03Z
1457717924,,,,,c2034b47-1027-4fec-b92a-064d48bdd135,,,,False,EUR,2026-08-28T22:02:03Z,1429952060,INV-0236,False,,,,,,2026-08-25T22:02:03Z,0.0,,Private Office Large,,,,,,,MEM-001,Membership Revenue,,False,False,False,False,e04f71a2-c16f-4b29-ab48-6e5869c3476e,,0,,1,False,,,2025-10-05T22:00:00Z,2000.0,,Private Office Large,0.0,[No Tax],0.0,Private Office Large,f22f46c2-015a-4e5c-87d8-453dc4768131,2000.0,[System],2026-08-25T22:02:03Z
1457717926,,,,,88086567-17a0-4218-9b78-9c2e5dba4483,,,,False,EUR,2026-08-28T22:02:04Z,1429952062,INV-0238,False,,,,,,2026-08-25T22:02:04Z,0.0,,Hot Desk Monthly,,,,,,,MEM-001,Membership Revenue,,False,False,False,False,e04f71a2-c16f-4b29-ab48-6e5869c3476e,,0,,1,False,,,2026-02-27T23:00:00Z,134.94,,Hot Desk Monthly,0.0,[No Tax],0.0,Hot Desk Monthly,aab8d529-9c8c-46b7-a228-31fd18f75bff,134.94,[System],2026-08-25T22:02:04Z
1457717928,,,,,2ea47e1e-3154-4e0a-89fd-6878233ad8fa,,,,False,EUR,2026-08-28T22:02:05Z,1429952064,INV-0240,False,,,,,,2026-08-25T22:02:05Z,0.0,,Private Office Small,,,,,,,MEM-001,Membership Revenue,,False,False,False,False,e04f71a2-c16f-4b29-ab48-6e5869c3476e,,0,,1,False,,,2025-10-08T22:00:00Z,1200.0,,Private Office Small,0.0,[No Tax],0.0,Private Office Small,ae91ae0b-1fc8-471f-8b43-a7f684fe117a,1200.0,[System],2026-08-25T22:02:05Z
1457721318,,,,,86e280a9-0c42-4769-9eb5-38309a5de047,,,,False,EUR,2026-08-29T04:01:36Z,1429953511,INV-0242,False,,,,,,2026-08-26T04:01:36Z,0.0,,Private Office Large,,,,,,,MEM-001,Membership Revenue,,False,False,False,False,e04f71a2-c16f-4b29-ab48-6e5869c3476e,,0,,1,False,,,2026-02-27T23:00:00Z,1883.84,,Private Office Large,0.0,[No Tax],0.0,Private Office Large,b4e2554d-58f0-4d76-8486-7076e39a23bf,1883.84,[System],2026-08-26T04:01:36Z
1457721325,,,,,2cadbe78-c732-4476-861a-9bc67be72c08,,,,False,EUR,2026-08-29T04:01:38Z,1429953516,INV-0246,False,,,,,,2026-08-26T04:01:38Z,0.0,,Flex Fortnightly,,,,,,,MEM-001,Membership Revenue,,False,False,False,False,e04f71a2-c16f-4b29-ab48-6e5869c3476e,,0,,1,False,,,2026-05-28T22:00:00Z,250.0,,Flex Fortnightly,0.0,[No Tax],0.0,Flex Fortnightly,c4d8ffbe-bbfd-49fe-93cb-ea127d3197c1,250.0,[System],2026-08-26T04:01:38Z
1457721326,,,,,2cadbe78-c732-4476-861a-9bc67be72c08,,,,False,EUR,2026-08-29T04:01:38Z,1429953516,INV-0246,False,,Parking Space,a4d08b0e-082e-4d3f-966b-f88f340466dd,,,2026-08-26T04:01:38Z,0.0,,Parking Space,,,,,,,PRD-001,Product Sales,,False,False,False,False,e04f71a2-c16f-4b29-ab48-6e5869c3476e,,1,,1,False,,,2026-05-28T22:00:00Z,75.0,,,0.0,[No Tax],0.0,Parking Space,4fd5cd6e-382a-41cb-9d97-53103847cce9,75.0,[System],2026-08-26T04:01:38Z
1457721347,,,,,26a1c65c-e9f2-4046-bc10-1c51f17cf495,,,,False,EUR,2026-08-29T04:01:40Z,1429953533,INV-0249,False,,,,,,2026-08-26T04:01:40Z,0.0,,Private Office Large,,,,,,,MEM-001,Membership Revenue,,False,False,False,False,e04f71a2-c16f-4b29-ab48-6e5869c3476e,,0,,1,False,,,2026-06-22T22:00:00Z,2000.0,,Private Office Large,0.0,[No Tax],0.0,Private Office Large,291dde32-dcc5-434f-a582-71030fc43ac4,2000.0,[System],2026-08-26T04:01:40Z
1457721357,,,,,8dc73148-3ee5-403c-86ba-c020eaec57da,,,,False,EUR,2026-08-29T04:01:43Z,1429953542,INV-0250,False,,,,,,2026-08-26T04:01:43Z,0.0,,Hot Desk Monthly,,,,,,,MEM-001,Membership Revenue,,False,False,False,False,e04f71a2-c16f-4b29-ab48-6e5869c3476e,,0,,1,False,,,2026-07-14T22:00:00Z,150.0,,Hot Desk Monthly,0.0,[No Tax],0.0,Hot Desk Monthly,90fd7572-e956-4dba-b94d-778f549ca01d,150.0,[System],2026-08-26T04:01:43Z
1457721358,,,,,0a9a0857-2e1e-483d-ba08-cae73a0bbc33,,,,False,EUR,2026-08-29T04:01:43Z,1429953543,INV-0251,False,,,,,,2026-08-26T04:01:43Z,0.0,,Flex Fortnightly,,,,,,,MEM-001,Membership Revenue,,False,False,False,False,e04f71a2-c16f-4b29-ab48-6e5869c3476e,,0,,1,False,,,2026-02-10T23:00:00Z,250.0,,Flex Fortnightly,0.0,[No Tax],0.0,Flex Fortnightly,9b2bae0a-0e2f-42df-8b6c-d11f2fed78bb,250.0,[System],2026-08-26T04:01:43Z
1457721366,,,,,88086567-17a0-4218-9b78-9c2e5dba4483,,,,False,EUR,2026-08-29T04:01:46Z,1429953551,INV-0253,False,,,,,,2026-08-26T04:01:46Z,0.0,,Hot Desk Monthly,,,,,,,MEM-001,Membership Revenue,,False,False,False,False,e04f71a2-c16f-4b29-ab48-6e5869c3476e,,0,,1,False,,,2026-03-27T23:00:00Z,134.94,,Hot Desk Monthly,0.0,[No Tax],0.0,Hot Desk Monthly,6134cfe8-d363-4451-a0e6-ed997f8794af,134.94,[System],2026-08-26T04:01:46Z
1457720869,,,,,257fd942-8baf-402f-8490-98faa99e3a0b,,,,False,EUR,2026-08-29T04:01:37Z,1429953978,INV-0243,False,,,,,,2026-08-26T04:01:37Z,0.0,,Private Office Small,,,,,,,MEM-001,Membership Revenue,,False,False,False,False,e04f71a2-c16f-4b29-ab48-6e5869c3476e,,0,,1,False,,,2026-08-10T22:00:00Z,1200.0,,Private Office Small,0.0,[No Tax],0.0,Private Office Small,ebc43f9e-3090-45de-b414-97025de8d855,1200.0,[System],2026-08-26T04:01:37Z
1457720870,,,,,ccd407f4-d6ae-4205-b329-40995062b471,,,,False,EUR,2026-08-29T04:01:37Z,1429953979,INV-0244,False,,,,,,2026-08-26T04:01:37Z,0.0,,Flex Weekly,,,,,,,MEM-001,Membership Revenue,,False,False,False,False,e04f71a2-c16f-4b29-ab48-6e5869c3476e,,0,,1,False,,,2026-02-28T23:00:00Z,44.93,,Flex Weekly,0.0,[No Tax],0.0,Flex Weekly,10f1b515-34ce-42e8-b9a6-b2548cf2ce13,44.93,[System],2026-08-26T04:01:37Z
1457720871,,,,,ccd407f4-d6ae-4205-b329-40995062b471,,,,False,EUR,2026-08-29T04:01:37Z,1429953979,INV-0244,False,,Mail Handling,710ac389-bdb7-4561-8179-d409bb7862bd,,,2026-08-26T04:01:37Z,0.0,,Mail Handling,,,,,,,PRD-001,Product Sales,,False,False,False,False,e04f71a2-c16f-4b29-ab48-6e5869c3476e,,1,,1,False,,,2026-02-28T23:00:00Z,20.0,,,0.0,[No Tax],0.0,Mail Handling,3eaf4505-52ac-4a38-864e-9a4fbe7fdf4f,20.0,[System],2026-08-26T04:01:37Z
1457720872,,,,,2b593c66-b701-450c-bd4b-6ac15d83abde,,,,False,EUR,2026-08-29T04:01:37Z,1429953980,INV-0245,False,,,,,,2026-08-26T04:01:37Z,0.0,,Flex Fortnightly,,,,,,,MEM-001,Membership Revenue,,False,False,False,False,e04f71a2-c16f-4b29-ab48-6e5869c3476e,,0,,1,False,,,2026-04-17T22:00:00Z,250.0,,Flex Fortnightly,0.0,[No Tax],0.0,Flex Fortnightly,47cfc27b-0742-4986-8046-4599b23b4d28,250.0,[System],2026-08-26T04:01:37Z
1457720873,,,,,2b593c66-b701-450c-bd4b-6ac15d83abde,,,,False,EUR,2026-08-29T04:01:37Z,1429953980,INV-0245,False,,Storage Locker,e61bf8e8-ecc3-4df1-999e-8d794b2b953e,,,2026-08-26T04:01:37Z,0.0,,Storage Locker,,,,,,,PRD-001,Product Sales,,False,False,False,False,e04f71a2-c16f-4b29-ab48-6e5869c3476e,,1,,1,False,,,2026-04-17T22:00:00Z,30.0,,,0.0,[No Tax],0.0,Storage Locker,fd4ad315-9a0f-4b60-a2ff-f65426f8f55c,30.0,[System],2026-08-26T04:01:37Z
1457721797,,,,,080f8ea5-dcf0-401e-a264-fb8b2a6abf70,,,,False,EUR,2026-08-29T04:01:39Z,1429953993,INV-0248,False,,,,,,2026-08-26T04:01:39Z,0.0,,Flex Fortnightly,,,,,,,MEM-001,Membership Revenue,,False,False,False,False,e04f71a2-c16f-4b29-ab48-6e5869c3476e,,0,,1,False,,,2026-08-07T22:00:00Z,250.0,,Flex Fortnightly,0.0,[No Tax],0.0,Flex Fortnightly,ab7c5897-9875-47cd-807d-0128ace84f85,250.0,[System],2026-08-26T04:01:39Z
1457721798,,,,,080f8ea5-dcf0-401e-a264-fb8b2a6abf70,,,,False,EUR,2026-08-29T04:01:39Z,1429953993,INV-0248,False,,Mail Handling,8b4ad534-04a4-44a1-aebd-2c22c17977ad,,,2026-08-26T04:01:39Z,0.0,,Mail Handling,,,,,,,PRD-001,Product Sales,,False,False,False,False,e04f71a2-c16f-4b29-ab48-6e5869c3476e,,1,,1,False,,,2026-08-07T22:00:00Z,20.0,,,0.0,[No Tax],0.0,Mail Handling,ff310241-616e-4cae-9891-8e47d14b28f5,20.0,[System],2026-08-26T04:01:39Z
1457721800,,,,,bb5cc407-6124-4726-8a18-bc3c30a59991,,,,False,EUR,2026-08-29T04:01:39Z,1429953995,INV-0247,False,,,,,,2026-08-26T04:01:39Z,0.0,,Dedicated Desk Monthly,,,,,,,MEM-001,Membership Revenue,,False,False,False,False,e04f71a2-c16f-4b29-ab48-6e5869c3476e,,0,,1,False,,,2026-07-12T22:00:00Z,350.0,,Dedicated Desk Monthly,0.0,[No Tax],0.0,Dedicated Desk Monthly,b0b76bd7-6a3f-491a-861d-96d35003de33,350.0,[System],2026-08-26T04:01:39Z
1457721801,,,,,bb5cc407-6124-4726-8a18-bc3c30a59991,,,,False,EUR,2026-08-29T04:01:39Z,1429953995,INV-0247,False,,Mail Handling,b2479020-d8a4-4681-9395-3232713ed053,,,2026-08-26T04:01:39Z,0.0,,Mail Handling,,,,,,,PRD-001,Product Sales,,False,False,False,False,e04f71a2-c16f-4b29-ab48-6e5869c3476e,,1,,1,False,,,2026-07-12T22:00:00Z,20.0,,,0.0,[No Tax],0.0,Mail Handling,66936e9b-18b4-486a-8997-844157a90685,20.0,[System],2026-08-26T04:01:39Z
1457721815,,,,,7f0f1a8c-3ca8-4617-ba11-750067c207e1,,,,False,EUR,2026-08-29T04:01:45Z,1429954009,INV-0252,False,,,,,,2026-08-26T04:01:45Z,0.0,,Flex Weekly,,,,,,,MEM-001,Membership Revenue,,False,False,False,False,e04f71a2-c16f-4b29-ab48-6e5869c3476e,,0,,1,False,,,2026-07-30T22:00:00Z,50.0,,Flex Weekly,0.0,[No Tax],0.0,Flex Weekly,022b0291-e637-44e1-b8a5-3226f4e6b8e4,50.0,[System],2026-08-26T04:01:45Z
1457721816,,,,,7f0f1a8c-3ca8-4617-ba11-750067c207e1,,,,False,EUR,2026-08-29T04:01:45Z,1429954009,INV-0252,False,,Parking Space,4ea72c4d-0d3e-46af-9798-fd5ce2f9a0a5,,,2026-08-26T04:01:45Z,0.0,,Parking Space,,,,,,,PRD-001,Product Sales,,False,False,False,False,e04f71a2-c16f-4b29-ab48-6e5869c3476e,,1,,1,False,,,2026-07-30T22:00:00Z,75.0,,,0.0,[No Tax],0.0,Parking Space,d94237d9-0b4d-4b49-84a9-7442d5ba482f,75.0,[System],2026-08-26T04:01:45Z
1457721847,,,,,2ea47e1e-3154-4e0a-89fd-6878233ad8fa,,,,False,EUR,2026-08-29T04:01:52Z,1429954037,INV-0254,False,,,,,,2026-08-26T04:01:52Z,0.0,,Private Office Small,,,,,,,MEM-001,Membership Revenue,,False,False,False,False,e04f71a2-c16f-4b29-ab48-6e5869c3476e,,0,,1,False,,,2025-11-08T23:00:00Z,1200.0,,Private Office Small,0.0,[No Tax],0.0,Private Office Small,59894744-b938-4ed7-9ee2-bc89cf1aa426,1200.0,[System],2026-08-26T04:01:52Z
1457721855,,,,,deb914d0-ec9e-45b0-8927-b1f8a20aa6bf,,,,False,EUR,2026-08-29T04:01:59Z,1429954043,INV-0255,False,,,,,,2026-08-26T04:01:59Z,0.0,,Flex Fortnightly,,,,,,,MEM-001,Membership Revenue,,False,False,False,False,e04f71a2-c16f-4b29-ab48-6e5869c3476e,,0,,1,False,,,2025-11-02T23:00:00Z,250.0,,Flex Fortnightly,0.0,[No Tax],0.0,Flex Fortnightly,f09f4cf5-d3db-407c-b727-b13b176883ad,250.0,[System],2026-08-26T04:01:59Z
1457721856,,,,,deb914d0-ec9e-45b0-8927-b1f8a20aa6bf,,,,False,EUR,2026-08-29T04:01:59Z,1429954043,INV-0255,False,,Parking Space,714c5027-2e40-4587-9788-aa539460f23a,,,2026-08-26T04:01:59Z,0.0,,Parking Space,,,,,,,PRD-001,Product Sales,,False,False,False,False,e04f71a2-c16f-4b29-ab48-6e5869c3476e,,1,,1,False,,,2025-11-02T23:00:00Z,75.0,,,0.0,[No Tax],0.0,Parking Space,5dfdc871-112b-44f5-bb9f-b9083819e7c7,75.0,[System],2026-08-26T04:01:59Z
1457721907,,,,,c2034b47-1027-4fec-b92a-064d48bdd135,,,,False,EUR,2026-08-29T04:02:20Z,1429954089,INV-0256,False,,,,,,2026-08-26T04:02:20Z,0.0,,Private Office Large,,,,,,,MEM-001,Membership Revenue,,False,False,False,False,e04f71a2-c16f-4b29-ab48-6e5869c3476e,,0,,1,False,,,2025-11-05T23:00:00Z,2000.0,,Private Office Large,0.0,[No Tax],0.0,Private Office Large,ee1661d6-2bf4-4aea-9c79-70b9e498cc61,2000.0,[System],2026-08-26T04:02:20Z
1457721920,,,,,1657f767-e59a-49fc-a23b-effc1bee7fee,,,,False,EUR,2026-08-29T04:02:40Z,1429954099,INV-0257,False,,,,,,2026-08-26T04:02:40Z,0.0,,Private Office Large,,,,,,,MEM-001,Membership Revenue,,False,False,False,False,e04f71a2-c16f-4b29-ab48-6e5869c3476e,,0,,1,False,,,2025-11-04T23:00:00Z,2000.0,,Private Office Large,0.0,[No Tax],0.0,Private Office Large,fc9cbb6d-54c6-44bc-a1ef-887ad2b69326,2000.0,[System],2026-08-26T04:02:40Z
1457721936,,,,,98b2ac8f-475a-4038-8609-c3387d034106,,,,False,EUR,2026-08-29T04:17:25Z,1429954110,INV-0258,False,,,,,,2026-08-26T04:17:25Z,0.0,,Flex Weekly,,,,,,,MEM-001,Membership Revenue,,False,False,False,False,e04f71a2-c16f-4b29-ab48-6e5869c3476e,,0,,1,False,,,2025-05-24T22:00:00Z,50.0,,Flex Weekly,0.0,[No Tax],0.0,Flex Weekly,feeb4384-b4db-4d52-864f-9f7777afdd5e,50.0,[System],2026-08-26T04:17:25Z
1457721937,,,,,98b2ac8f-475a-4038-8609-c3387d034106,,,,False,EUR,2026-08-29T04:17:25Z,1429954110,INV-0258,False,,Storage Locker,e7902b01-3959-46b1-8bc8-0c016b9a3278,,,2026-08-26T04:17:25Z,0.0,,Storage Locker,,,,,,,PRD-001,Product Sales,,False,False,False,False,e04f71a2-c16f-4b29-ab48-6e5869c3476e,,1,,1,False,,,2025-05-24T22:00:00Z,30.0,,,0.0,[No Tax],0.0,Storage Locker,e31e51b9-b201-435d-811d-03dd65b77c00,30.0,[System],2026-08-26T04:17:25Z
1457721938,,,,417a36db-e823-478c-b131-cdca1f898deb,b18bd23e-3578-4f5a-b185-b9f31fe0378f,,,,False,EUR,2026-08-29T04:17:25Z,1429954110,INV-0258,False,,,,,,2026-08-26T04:17:25Z,0.0,,Flex Fortnightly (Robin Andrews),0.0,,,,,,MEM-001,Membership Revenue,,False,False,False,False,e04f71a2-c16f-4b29-ab48-6e5869c3476e,,2,,1,False,,,2025-12-24T23:00:00Z,235.98,,Flex Fortnightly,0.0,[No Tax],0.0,Flex Fortnightly (Robin Andrews),c4ec9565-a93c-4eb6-9f38-a26052a51c3d,235.98,[System],2026-08-26T04:17:25Z
1457721939,,,,5b37a563-849f-4723-b563-46f623a17179,b18bd23e-3578-4f5a-b185-b9f31fe0378f,,,,False,EUR,2026-08-29T04:17:25Z,1429954110,INV-0258,False,,,,,,2026-08-26T04:17:25Z,0.0,,Flex Fortnightly (Robin Andrews),0.0,,,,,,MEM-001,Membership Revenue,,False,False,False,False,e04f71a2-c16f-4b29-ab48-6e5869c3476e,,3,,1,False,,,2026-01-07T23:00:00Z,235.98,,Flex Fortnightly,0.0,[No Tax],0.0,Flex Fortnightly (Robin Andrews),21fcb47a-de5e-4aa0-8362-a3af263cc2a7,235.98,[System],2026-08-26T04:17:25Z
1457721940,,,,b715d533-f22a-4378-9747-0f6b5ae4defb,b18bd23e-3578-4f5a-b185-b9f31fe0378f,,,,False,EUR,2026-08-29T04:17:25Z,1429954110,INV-0258,False,,,,,,2026-08-26T04:17:25Z,0.0,,Flex Fortnightly (Robin Andrews),0.0,,,,,,MEM-001,Membership Revenue,,False,False,False,False,e04f71a2-c16f-4b29-ab48-6e5869c3476e,,4,,1,False,,,2026-01-21T23:00:00Z,235.98,,Flex Fortnightly,0.0,[No Tax],0.0,Flex Fortnightly (Robin Andrews),8f3e5e83-5185-40de-aff7-77cc5b2a3364,235.98,[System],2026-08-26T04:17:25Z
1457721941,,,,14ff419e-74e4-46a0-9f0a-8568f89d904d,b18bd23e-3578-4f5a-b185-b9f31fe0378f,,,,False,EUR,2026-08-29T04:17:25Z,1429954110,INV-0258,False,,,,,,2026-08-26T04:17:25Z,0.0,,Flex Fortnightly (Robin Andrews),0.0,,,,,,MEM-001,Membership Revenue,,False,False,False,False,e04f71a2-c16f-4b29-ab48-6e5869c3476e,,5,,1,False,,,2026-02-04T23:00:00Z,235.98,,Flex Fortnightly,0.0,[No Tax],0.0,Flex Fortnightly (Robin Andrews),cecace81-7310-43eb-ade4-86c4d1920cdf,235.98,[System],2026-08-26T04:17:25Z
1457721942,,,,99531441-94b7-4cca-8e72-174cfb5f15f1,b18bd23e-3578-4f5a-b185-b9f31fe0378f,,,,False,EUR,2026-08-29T04:17:25Z,1429954110,INV-0258,False,,,,,,2026-08-26T04:17:25Z,0.0,,Flex Fortnightly (Robin Andrews),0.0,,,,,,MEM-001,Membership Revenue,,False,False,False,False,e04f71a2-c16f-4b29-ab48-6e5869c3476e,,6,,1,False,,,2026-02-18T23:00:00Z,235.98,,Flex Fortnightly,0.0,[No Tax],0.0,Flex Fortnightly (Robin Andrews),5fe6480c-bfe7-4446-9667-b0c744987b04,235.98,[System],2026-08-26T04:17:25Z
1457721943,,,,b44b5dab-fd42-495c-aa3b-506b8b142e28,b18bd23e-3578-4f5a-b185-b9f31fe0378f,,,,False,EUR,2026-08-29T04:17:25Z,1429954110,INV-0258,False,,,,,,2026-08-26T04:17:25Z,0.0,,Flex Fortnightly (Robin Andrews),0.0,,,,,,MEM-001,Membership Revenue,,False,False,False,False,e04f71a2-c16f-4b29-ab48-6e5869c3476e,,7,,1,False,,,2026-03-04T23:00:00Z,235.98,,Flex Fortnightly,0.0,[No Tax],0.0,Flex Fortnightly (Robin Andrews),0eb084d9-83fe-4eaa-8e74-0a71308c016c,235.98,[System],2026-08-26T04:17:25Z
1457721944,,,,bee97e7b-0048-45ff-aaf4-0df548ce361a,cd2bbb2c-3654-4737-b0b9-5c046bade0a2,,,,False,EUR,2026-08-29T04:17:25Z,1429954110,INV-0258,False,,,,,,2026-08-26T04:17:25Z,0.0,,Dedicated Desk Monthly (Victor Harrison),0.0,,,,,,MEM-001,Membership Revenue,,False,False,False,False,e04f71a2-c16f-4b29-ab48-6e5869c3476e,,8,,1,False,,,2026-03-09T23:00:00Z,298.76,,Dedicated Desk Monthly,0.0,[No Tax],0.0,Dedicated Desk Monthly (Victor Harrison),cdb27bd0-46a3-44b5-a39e-c1dcbfa9837b,298.76,[System],2026-08-26T04:17:25Z
1457721945,,,,0ef4539e-555a-4d98-9c4c-bae0261bae53,cd2bbb2c-3654-4737-b0b9-5c046bade0a2,,,,False,EUR,2026-08-29T04:17:25Z,1429954110,INV-0258,False,,Parking Space,fdeade1d-e4ec-4288-8f8b-997e4f71a96a,,,2026-08-26T04:17:25Z,0.0,,Parking Space (Victor Harrison),0.0,,,,,,PRD-001,Product Sales,,False,False,False,False,e04f71a2-c16f-4b29-ab48-6e5869c3476e,,9,,1,False,,,2026-03-09T23:00:00Z,75.0,,,0.0,[No Tax],0.0,Parking Space (Victor Harrison),a4e5f0e5-fd6b-4c44-8416-f2b8a7885b77,75.0,[System],2026-08-26T04:17:25Z
1457721946,,,,7c635f3e-199c-4ee3-bc68-d3e897eaba94,b18bd23e-3578-4f5a-b185-b9f31fe0378f,,,,False,EUR,2026-08-29T04:17:25Z,1429954110,INV-0258,False,,,,,,2026-08-26T04:17:25Z,0.0,,Flex Fortnightly (Robin Andrews),0.0,,,,,,MEM-001,Membership Revenue,,False,False,False,False,e04f71a2-c16f-4b29-ab48-6e5869c3476e,,10,,1,False,,,2026-03-18T23:00:00Z,235.98,,Flex Fortnightly,0.0,[No Tax],0.0,Flex Fortnightly (Robin Andrews),cde756cf-b0ee-406d-98d3-34f27706e604,235.98,[System],2026-08-26T04:17:25Z
1457721947,,,,c1070bc5-5152-4b36-9d44-4ed6c29e135a,b18bd23e-3578-4f5a-b185-b9f31fe0378f,,,,False,EUR,2026-08-29T04:17:25Z,1429954110,INV-0258,False,,,,,,2026-08-26T04:17:25Z,0.0,,Flex Fortnightly (Robin Andrews),0.0,,,,,,MEM-001,Membership Revenue,,False,False,False,False,e04f71a2-c16f-4b29-ab48-6e5869c3476e,,11,,1,False,,,2026-04-01T22:00:00Z,235.98,,Flex Fortnightly,0.0,[No Tax],0.0,Flex Fortnightly (Robin Andrews),89e72eb1-032a-4d49-88a8-7d161725dd63,235.98,[System],2026-08-26T04:17:25Z
1457721948,,,,a0b39d36-cbac-40e9-b521-07e9ad7a0a23,cd2bbb2c-3654-4737-b0b9-5c046bade0a2,,,,False,EUR,2026-08-29T04:17:25Z,1429954110,INV-0258,False,,,,,,2026-08-26T04:17:25Z,0.0,,Dedicated Desk Monthly (Victor Harrison),0.0,,,,,,MEM-001,Membership Revenue,,False,False,False,False,e04f71a2-c16f-4b29-ab48-6e5869c3476e,,12,,1,False,,,2026-04-09T22:00:00Z,298.76,,Dedicated Desk Monthly,0.0,[No Tax],0.0,Dedicated Desk Monthly (Victor Harrison),b9799d6e-981e-48a1-997d-25a4f94368a4,298.76,[System],2026-08-26T04:17:25Z
1457721949,,,,b913da88-d0b1-4c33-8aaf-8d3524d21d17,cd2bbb2c-3654-4737-b0b9-5c046bade0a2,,,,False,EUR,2026-08-29T04:17:25Z,1429954110,INV-0258,False,,Parking Space,7c9cf3bb-d3a4-4d5a-8d0d-f908e59ed841,,,2026-08-26T04:17:25Z,0.0,,Parking Space (Victor Harrison),0.0,,,,,,PRD-001,Product Sales,,False,False,False,False,e04f71a2-c16f-4b29-ab48-6e5869c3476e,,13,,1,False,,,2026-04-09T22:00:00Z,75.0,,,0.0,[No Tax],0.0,Parking Space (Victor Harrison),6c4ed23c-06c8-483c-9623-10385a0de7fd,75.0,[System],2026-08-26T04:17:25Z
1457721950,,,,095342c3-d85d-41fb-ac04-3dcca9e9295e,b18bd23e-3578-4f5a-b185-b9f31fe0378f,,,,False,EUR,2026-08-29T04:17:25Z,1429954110,INV-0258,False,,,,,,2026-08-26T04:17:25Z,0.0,,Flex Fortnightly (Robin Andrews),0.0,,,,,,MEM-001,Membership Revenue,,False,False,False,False,e04f71a2-c16f-4b29-ab48-6e5869c3476e,,14,,1,False,,,2026-04-15T22:00:00Z,235.98,,Flex Fortnightly,0.0,[No Tax],0.0,Flex Fortnightly (Robin Andrews),b512ea85-a04c-4b6d-9fd3-629a56bd39fa,235.98,[System],2026-08-26T04:17:25Z
1457721951,,,,1fb0ee85-1265-4adb-b0d3-533142dc685c,1eb0805e-661d-4d6b-8c84-2a6b07efda5f,,,,False,EUR,2026-08-29T04:17:25Z,1429954110,INV-0258,False,,,,,,2026-08-26T04:17:25Z,0.0,,Private Office Small (Ashley Smith),0.0,,,,,,MEM-001,Membership Revenue,,False,False,False,False,e04f71a2-c16f-4b29-ab48-6e5869c3476e,,15,,1,False,,,2026-04-16T22:00:00Z,1082.52,,Private Office Small,0.0,[No Tax],0.0,Private Office Small (Ashley Smith),fe6025a9-f5dc-4b2c-a69e-be7268291165,1082.52,[System],2026-08-26T04:17:25Z
1457721952,,,,92c8ea99-26dd-4a02-a971-9bb792564747,1eb0805e-661d-4d6b-8c84-2a6b07efda5f,,,,False,EUR,2026-08-29T04:17:25Z,1429954110,INV-0258,False,,Mail Handling,f702645d-294a-4884-9385-a9060165a534,,,2026-08-26T04:17:25Z,0.0,,Mail Handling (Ashley Smith),0.0,,,,,,PRD-001,Product Sales,,False,False,False,False,e04f71a2-c16f-4b29-ab48-6e5869c3476e,,16,,1,False,,,2026-04-16T22:00:00Z,20.0,,,0.0,[No Tax],0.0,Mail Handling (Ashley Smith),ced5b83a-3a43-407c-8e13-f94dfb4213ca,20.0,[System],2026-08-26T04:17:25Z
1457721953,,,,73343c46-86e9-4998-85b2-8721b36862a2,b18bd23e-3578-4f5a-b185-b9f31fe0378f,,,,False,EUR,2026-08-29T04:17:25Z,1429954110,INV-0258,False,,,,,,2026-08-26T04:17:25Z,0.0,,Flex Fortnightly (Robin Andrews),0.0,,,,,,MEM-001,Membership Revenue,,False,False,False,False,e04f71a2-c16f-4b29-ab48-6e5869c3476e,,17,,1,False,,,2026-04-29T22:00:00Z,235.98,,Flex Fortnightly,0.0,[No Tax],0.0,Flex Fortnightly (Robin Andrews),2360b9b1-d352-4a67-bb69-6b2a5b30ab93,235.98,[System],2026-08-26T04:17:25Z
1457721954,,,,1cbe7e04-b881-431e-b5b7-6cf0ff73abde,cd2bbb2c-3654-4737-b0b9-5c046bade0a2,,,,False,EUR,2026-08-29T04:17:25Z,1429954110,INV-0258,False,,,,,,2026-08-26T04:17:25Z,0.0,,Dedicated Desk Monthly (Victor Harrison),0.0,,,,,,MEM-001,Membership Revenue,,False,False,False,False,e04f71a2-c16f-4b29-ab48-6e5869c3476e,,18,,1,False,,,2026-05-09T22:00:00Z,298.76,,Dedicated Desk Monthly,0.0,[No Tax],0.0,Dedicated Desk Monthly (Victor Harrison),946dc377-b736-43fb-97ba-14343e77966f,298.76,[System],2026-08-26T04:17:25Z
1457721955,,,,d39a0dd3-fc17-4d7f-81b3-46170b2a9ce4,cd2bbb2c-3654-4737-b0b9-5c046bade0a2,,,,False,EUR,2026-08-29T04:17:25Z,1429954110,INV-0258,False,,Parking Space,430fe6eb-0785-4057-9877-c0887c620451,,,2026-08-26T04:17:25Z,0.0,,Parking Space (Victor Harrison),0.0,,,,,,PRD-001,Product Sales,,False,False,False,False,e04f71a2-c16f-4b29-ab48-6e5869c3476e,,19,,1,False,,,2026-05-09T22:00:00Z,75.0,,,0.0,[No Tax],0.0,Parking Space (Victor Harrison),3f666fc1-4244-4cf8-82d7-79205177f45a,75.0,[System],2026-08-26T04:17:25Z
1457721956,,,,e32116d5-75f3-418a-aa03-eea3f348800d,b18bd23e-3578-4f5a-b185-b9f31fe0378f,,,,False,EUR,2026-08-29T04:17:25Z,1429954110,INV-0258,False,,,,,,2026-08-26T04:17:25Z,0.0,,Flex Fortnightly (Robin Andrews),0.0,,,,,,MEM-001,Membership Revenue,,False,False,False,False,e04f71a2-c16f-4b29-ab48-6e5869c3476e,,20,,1,False,,,2026-05-13T22:00:00Z,235.98,,Flex Fortnightly,0.0,[No Tax],0.0,Flex Fortnightly (Robin Andrews),c3c40355-a9af-4552-84c2-cd45441b1215,235.98,[System],2026-08-26T04:17:25Z
1457721957,,,,8d7f8575-bc4d-42b7-9b00-a5e82924be89,1eb0805e-661d-4d6b-8c84-2a6b07efda5f,,,,False,EUR,2026-08-29T04:17:25Z,1429954110,INV-0258,False,,,,,,2026-08-26T04:17:25Z,0.0,,Private Office Small (Ashley Smith),0.0,,,,,,MEM-001,Membership Revenue,,False,False,False,False,e04f71a2-c16f-4b29-ab48-6e5869c3476e,,21,,1,False,,,2026-05-16T22:00:00Z,1082.52,,Private Office Small,0.0,[No Tax],0.0,Private Office Small (Ashley Smith),3fb9ea44-f64a-44ba-856a-3a949cd5d326,1082.52,[System],2026-08-26T04:17:25Z
1457721958,,,,6d167db5-7583-4ba7-8b4f-984aa40c88f6,1eb0805e-661d-4d6b-8c84-2a6b07efda5f,,,,False,EUR,2026-08-29T04:17:25Z,1429954110,INV-0258,False,,Mail Handling,cad8652f-5e0f-4b6f-a250-b1e63ff1a61f,,,2026-08-26T04:17:25Z,0.0,,Mail Handling (Ashley Smith),0.0,,,,,,PRD-001,Product Sales,,False,False,False,False,e04f71a2-c16f-4b29-ab48-6e5869c3476e,,22,,1,False,,,2026-05-16T22:00:00Z,20.0,,,0.0,[No Tax],0.0,Mail Handling (Ashley Smith),5065dac7-15e7-44c0-8e0c-3b9675072e6d,20.0,[System],2026-08-26T04:17:25Z
1457721959,,,,b4a0a0c5-8565-47fc-b255-13840c628a00,b18bd23e-3578-4f5a-b185-b9f31fe0378f,,,,False,EUR,2026-08-29T04:17:25Z,1429954110,INV-0258,False,,,,,,2026-08-26T04:17:25Z,0.0,,Flex Fortnightly (Robin Andrews),0.0,,,,,,MEM-001,Membership Revenue,,False,False,False,False,e04f71a2-c16f-4b29-ab48-6e5869c3476e,,23,,1,False,,,2026-05-27T22:00:00Z,235.98,,Flex Fortnightly,0.0,[No Tax],0.0,Flex Fortnightly (Robin Andrews),f4fcc3c9-43c6-40f8-8954-120792e814a3,235.98,[System],2026-08-26T04:17:25Z
1457721960,,,,abc9e83e-918b-4cd8-8585-9b9fcad0a878,cd2bbb2c-3654-4737-b0b9-5c046bade0a2,,,,False,EUR,2026-08-29T04:17:25Z,1429954110,INV-0258,False,,,,,,2026-08-26T04:17:25Z,0.0,,Dedicated Desk Monthly (Victor Harrison),0.0,,,,,,MEM-001,Membership Revenue,,False,False,False,False,e04f71a2-c16f-4b29-ab48-6e5869c3476e,,24,,1,False,,,2026-06-09T22:00:00Z,298.76,,Dedicated Desk Monthly,0.0,[No Tax],0.0,Dedicated Desk Monthly (Victor Harrison),ed7e1561-3b54-45ae-91b2-b58a15b61ff5,298.76,[System],2026-08-26T04:17:25Z
1457721961,,,,888f6066-3658-4ba1-a8b1-a393ea33f603,cd2bbb2c-3654-4737-b0b9-5c046bade0a2,,,,False,EUR,2026-08-29T04:17:25Z,1429954110,INV-0258,False,,Parking Space,2b5c138a-7c29-4102-ab60-9e7ad845d315,,,2026-08-26T04:17:25Z,0.0,,Parking Space (Victor Harrison),0.0,,,,,,PRD-001,Product Sales,,False,False,False,False,e04f71a2-c16f-4b29-ab48-6e5869c3476e,,25,,1,False,,,2026-06-09T22:00:00Z,75.0,,,0.0,[No Tax],0.0,Parking Space (Victor Harrison),65920dca-cef6-4de7-a886-7380ca33dd97,75.0,[System],2026-08-26T04:17:25Z
1457721962,,,,c366aa3a-7cce-4ce3-91b1-1153fdbd818b,b18bd23e-3578-4f5a-b185-b9f31fe0378f,,,,False,EUR,2026-08-29T04:17:25Z,1429954110,INV-0258,False,,,,,,2026-08-26T04:17:25Z,0.0,,Flex Fortnightly (Robin Andrews),0.0,,,,,,MEM-001,Membership Revenue,,False,False,False,False,e04f71a2-c16f-4b29-ab48-6e5869c3476e,,26,,1,False,,,2026-06-10T22:00:00Z,235.98,,Flex Fortnightly,0.0,[No Tax],0.0,Flex Fortnightly (Robin Andrews),9c0e39b9-6487-448b-8e2c-07655796b772,235.98,[System],2026-08-26T04:17:25Z
1457721963,,,,97bd48f4-c52a-438f-bf20-682ef4011649,1eb0805e-661d-4d6b-8c84-2a6b07efda5f,,,,False,EUR,2026-08-29T04:17:25Z,1429954110,INV-0258,False,,,,,,2026-08-26T04:17:25Z,0.0,,Private Office Small (Ashley Smith),0.0,,,,,,MEM-001,Membership Revenue,,False,False,False,False,e04f71a2-c16f-4b29-ab48-6e5869c3476e,,27,,1,False,,,2026-06-16T22:00:00Z,1082.52,,Private Office Small,0.0,[No Tax],0.0,Private Office Small (Ashley Smith),c77331ab-8580-432d-b69d-7c7ed1ebcc82,1082.52,[System],2026-08-26T04:17:25Z
1457721964,,,,9c056543-d45a-4bd4-93de-71067c6281bb,1eb0805e-661d-4d6b-8c84-2a6b07efda5f,,,,False,EUR,2026-08-29T04:17:25Z,1429954110,INV-0258,False,,Mail Handling,6d2a905f-e336-4ffd-9c5c-51d0f94384e3,,,2026-08-26T04:17:25Z,0.0,,Mail Handling (Ashley Smith),0.0,,,,,,PRD-001,Product Sales,,False,False,False,False,e04f71a2-c16f-4b29-ab48-6e5869c3476e,,28,,1,False,,,2026-06-16T22:00:00Z,20.0,,,0.0,[No Tax],0.0,Mail Handling (Ashley Smith),0460e0e7-9ea0-4099-9e13-cd0c4e8ee903,20.0,[System],2026-08-26T04:17:25Z
1457721965,,,,d26c49e4-997a-4236-a7fa-9c83bfd5fea8,b18bd23e-3578-4f5a-b185-b9f31fe0378f,,,,False,EUR,2026-08-29T04:17:25Z,1429954110,INV-0258,False,,,,,,2026-08-26T04:17:25Z,0.0,,Flex Fortnightly (Robin Andrews),0.0,,,,,,MEM-001,Membership Revenue,,False,False,False,False,e04f71a2-c16f-4b29-ab48-6e5869c3476e,,29,,1,False,,,2026-06-24T22:00:00Z,235.98,,Flex Fortnightly,0.0,[No Tax],0.0,Flex Fortnightly (Robin Andrews),d4b907d2-b04c-496f-870e-b14258210e4b,235.98,[System],2026-08-26T04:17:25Z
1457721966,,,,73f716c5-c153-408d-a247-1d79743ca929,b18bd23e-3578-4f5a-b185-b9f31fe0378f,,,,False,EUR,2026-08-29T04:17:25Z,1429954110,INV-0258,False,,,,,,2026-08-26T04:17:25Z,0.0,,Flex Fortnightly (Robin Andrews),0.0,,,,,,MEM-001,Membership Revenue,,False,False,False,False,e04f71a2-c16f-4b29-ab48-6e5869c3476e,,30,,1,False,,,2026-07-08T22:00:00Z,235.98,,Flex Fortnightly,0.0,[No Tax],0.0,Flex Fortnightly (Robin Andrews),557b0157-6f6d-414d-843c-3ed1a803e676,235.98,[System],2026-08-26T04:17:25Z
1457721967,,,,87090aa4-fbf2-40a4-8017-1c6f64770fb7,cd2bbb2c-3654-4737-b0b9-5c046bade0a2,,,,False,EUR,2026-08-29T04:17:25Z,1429954110,INV-0258,False,,,,,,2026-08-26T04:17:25Z,0.0,,Dedicated Desk Monthly (Victor Harrison),0.0,,,,,,MEM-001,Membership Revenue,,False,False,False,False,e04f71a2-c16f-4b29-ab48-6e5869c3476e,,31,,1,False,,,2026-07-09T22:00:00Z,298.76,,Dedicated Desk Monthly,0.0,[No Tax],0.0,Dedicated Desk Monthly (Victor Harrison),e2bc93d5-73cf-49c2-b7b9-5b17ebfc8878,298.76,[System],2026-08-26T04:17:25Z
1457721968,,,,586b31bc-64ca-4523-8d6c-2503f81b8dc2,cd2bbb2c-3654-4737-b0b9-5c046bade0a2,,,,False,EUR,2026-08-29T04:17:25Z,1429954110,INV-0258,False,,Parking Space,187767f0-c70f-471b-bf19-5104dccd985b,,,2026-08-26T04:17:25Z,0.0,,Parking Space (Victor Harrison),0.0,,,,,,PRD-001,Product Sales,,False,False,False,False,e04f71a2-c16f-4b29-ab48-6e5869c3476e,,32,,1,False,,,2026-07-09T22:00:00Z,75.0,,,0.0,[No Tax],0.0,Parking Space (Victor Harrison),cf572498-a849-42ea-88b4-e6bea334c413,75.0,[System],2026-08-26T04:17:25Z
1457721969,,,,3c2b415f-394f-4f2a-90da-b34745b1888e,1eb0805e-661d-4d6b-8c84-2a6b07efda5f,,,,False,EUR,2026-08-29T04:17:25Z,1429954110,INV-0258,False,,,,,,2026-08-26T04:17:25Z,0.0,,Private Office Small (Ashley Smith),0.0,,,,,,MEM-001,Membership Revenue,,False,False,False,False,e04f71a2-c16f-4b29-ab48-6e5869c3476e,,33,,1,False,,,2026-07-16T22:00:00Z,1082.52,,Private Office Small,0.0,[No Tax],0.0,Private Office Small (Ashley Smith),28e52850-7d66-498b-98c7-5598adb4b105,1082.52,[System],2026-08-26T04:17:25Z
1457721970,,,,e0c291aa-427c-4d66-93b5-1d72420d2cf8,1eb0805e-661d-4d6b-8c84-2a6b07efda5f,,,,False,EUR,2026-08-29T04:17:25Z,1429954110,INV-0258,False,,Mail Handling,6c2b893a-17d6-4c0f-938d-fa5f9433d2ab,,,2026-08-26T04:17:25Z,0.0,,Mail Handling (Ashley Smith),0.0,,,,,,PRD-001,Product Sales,,False,False,False,False,e04f71a2-c16f-4b29-ab48-6e5869c3476e,,34,,1,False,,,2026-07-16T22:00:00Z,20.0,,,0.0,[No Tax],0.0,Mail Handling (Ashley Smith),aa5e525e-a13f-4b46-9b87-81d29874e613,20.0,[System],2026-08-26T04:17:25Z
1457721971,,,,6a1033f5-0637-4efa-b222-58d7ecb59656,b18bd23e-3578-4f5a-b185-b9f31fe0378f,,,,False,EUR,2026-08-29T04:17:25Z,1429954110,INV-0258,False,,,,,,2026-08-26T04:17:25Z,0.0,,Flex Fortnightly (Robin Andrews),0.0,,,,,,MEM-001,Membership Revenue,,False,False,False,False,e04f71a2-c16f-4b29-ab48-6e5869c3476e,,35,,1,False,,,2026-07-22T22:00:00Z,235.98,,Flex Fortnightly,0.0,[No Tax],0.0,Flex Fortnightly (Robin Andrews),77ec9169-a816-4a16-abec-78cb61af988f,235.98,[System],2026-08-26T04:17:25Z
1457721972,,,,682c0e95-e838-4ddd-a47c-c842aa98cd75,a98c8df6-34c6-4ab5-8b7c-ebe99a8fe589,,,,False,EUR,2026-08-29T04:17:25Z,1429954110,INV-0258,False,,,,,,2026-08-26T04:17:25Z,0.0,,Flex Fortnightly (Ashley Smith),0.0,,,,,,MEM-001,Membership Revenue,,False,False,False,False,e04f71a2-c16f-4b29-ab48-6e5869c3476e,,36,,1,False,,,2026-07-28T22:00:00Z,250.0,,Flex Fortnightly,0.0,[No Tax],0.0,Flex Fortnightly (Ashley Smith),06057d6c-0491-4b54-8ab0-00298fe40cad,250.0,[System],2026-08-26T04:17:25Z
1457721973,,,,c2cc03a7-456a-407c-a9f9-b4b1a66b1649,a98c8df6-34c6-4ab5-8b7c-ebe99a8fe589,,,,False,EUR,2026-08-29T04:17:25Z,1429954110,INV-0258,False,,Parking Space,7623ea24-e621-4b73-8d65-c7b7c20dd195,,,2026-08-26T04:17:25Z,0.0,,Parking Space (Ashley Smith),0.0,,,,,,PRD-001,Product Sales,,False,False,False,False,e04f71a2-c16f-4b29-ab48-6e5869c3476e,,37,,1,False,,,2026-07-28T22:00:00Z,75.0,,,0.0,[No Tax],0.0,Parking Space (Ashley Smith),e57ecbc2-2083-4de1-a940-a92603c2628a,75.0,[System],2026-08-26T04:17:25Z
1457721974,,,,f43727d6-3988-4ffe-a31d-089269964fb8,b18bd23e-3578-4f5a-b185-b9f31fe0378f,,,,False,EUR,2026-08-29T04:17:25Z,1429954110,INV-0258,False,,,,,,2026-08-26T04:17:25Z,0.0,,Flex Fortnightly (Robin Andrews),0.0,,,,,,MEM-001,Membership Revenue,,False,False,False,False,e04f71a2-c16f-4b29-ab48-6e5869c3476e,,38,,1,False,,,2026-08-05T22:00:00Z,235.98,,Flex Fortnightly,0.0,[No Tax],0.0,Flex Fortnightly (Robin Andrews),7a4760f2-62ab-4b77-b129-8327f81e25b6,235.98,[System],2026-08-26T04:17:25Z
1457721975,,,,7fc1f4fc-3ae9-438a-a4ad-fdb0dc451c13,cd2bbb2c-3654-4737-b0b9-5c046bade0a2,,,,False,EUR,2026-08-29T04:17:25Z,1429954110,INV-0258,False,,,,,,2026-08-26T04:17:25Z,0.0,,Dedicated Desk Monthly (Victor Harrison),0.0,,,,,,MEM-001,Membership Revenue,,False,False,False,False,e04f71a2-c16f-4b29-ab48-6e5869c3476e,,39,,1,False,,,2026-08-09T22:00:00Z,298.76,,Dedicated Desk Monthly,0.0,[No Tax],0.0,Dedicated Desk Monthly (Victor Harrison),daabc35b-dc56-49d8-a88e-7632700dbea0,298.76,[System],2026-08-26T04:17:25Z
1457721976,,,,3103091c-4b9b-4da3-bacf-fb7588cfc143,cd2bbb2c-3654-4737-b0b9-5c046bade0a2,,,,False,EUR,2026-08-29T04:17:25Z,1429954110,INV-0258,False,,Parking Space,05788167-e1b6-4898-ba0f-ac6428d5905c,,,2026-08-26T04:17:25Z,0.0,,Parking Space (Victor Harrison),0.0,,,,,,PRD-001,Product Sales,,False,False,False,False,e04f71a2-c16f-4b29-ab48-6e5869c3476e,,40,,1,False,,,2026-08-09T22:00:00Z,75.0,,,0.0,[No Tax],0.0,Parking Space (Victor Harrison),2cbf2633-fc59-4caa-ba9f-f65cb156c677,75.0,[System],2026-08-26T04:17:25Z
1457721977,,,,c4b5a78a-549d-40a5-9a0e-999e75d6a217,a98c8df6-34c6-4ab5-8b7c-ebe99a8fe589,,,,False,EUR,2026-08-29T04:17:25Z,1429954110,INV-0258,False,,,,,,2026-08-26T04:17:25Z,0.0,,Flex Fortnightly (Ashley Smith),0.0,,,,,,MEM-001,Membership Revenue,,False,False,False,False,e04f71a2-c16f-4b29-ab48-6e5869c3476e,,41,,1,False,,,2026-08-11T22:00:00Z,250.0,,Flex Fortnightly,0.0,[No Tax],0.0,Flex Fortnightly (Ashley Smith),a1056f1b-6cd2-434f-bb71-0bd955b337cb,250.0,[System],2026-08-26T04:17:25Z
1457721978,,,,6e5366e1-9c89-4b35-837d-0c51138aae17,a98c8df6-34c6-4ab5-8b7c-ebe99a8fe589,,,,False,EUR,2026-08-29T04:17:25Z,1429954110,INV-0258,False,,Parking Space,da019c85-3d0d-4650-a50f-4405ba6dfb66,,,2026-08-26T04:17:25Z,0.0,,Parking Space (Ashley Smith),0.0,,,,,,PRD-001,Product Sales,,False,False,False,False,e04f71a2-c16f-4b29-ab48-6e5869c3476e,,42,,1,False,,,2026-08-11T22:00:00Z,75.0,,,0.0,[No Tax],0.0,Parking Space (Ashley Smith),b611dd68-34a3-4d8f-9c32-684c95d9145b,75.0,[System],2026-08-26T04:17:25Z
1457721979,,,,73b5797b-4517-45a6-b827-5207fdfcd959,1eb0805e-661d-4d6b-8c84-2a6b07efda5f,,,,False,EUR,2026-08-29T04:17:25Z,1429954110,INV-0258,False,,,,,,2026-08-26T04:17:25Z,0.0,,Private Office Small (Ashley Smith),0.0,,,,,,MEM-001,Membership Revenue,,False,False,False,False,e04f71a2-c16f-4b29-ab48-6e5869c3476e,,43,,1,False,,,2026-08-16T22:00:00Z,1082.52,,Private Office Small,0.0,[No Tax],0.0,Private Office Small (Ashley Smith),d6bc3900-a969-4327-ba14-7769d678124a,1082.52,[System],2026-08-26T04:17:25Z
1457721980,,,,f8a48526-aac0-4a8e-b191-06d704d2cb12,1eb0805e-661d-4d6b-8c84-2a6b07efda5f,,,,False,EUR,2026-08-29T04:17:25Z,1429954110,INV-0258,False,,Mail Handling,8df57275-a2d6-4e49-b8f6-25e51e94ebc4,,,2026-08-26T04:17:25Z,0.0,,Mail Handling (Ashley Smith),0.0,,,,,,PRD-001,Product Sales,,False,False,False,False,e04f71a2-c16f-4b29-ab48-6e5869c3476e,,44,,1,False,,,2026-08-16T22:00:00Z,20.0,,,0.0,[No Tax],0.0,Mail Handling (Ashley Smith),d56c7b44-d5a2-4f45-bd74-ac71f1925ab6,20.0,[System],2026-08-26T04:17:25Z
1457721981,,,,6cf8e7ec-d74c-4099-9a68-80a0c7dc0cfa,b18bd23e-3578-4f5a-b185-b9f31fe0378f,,,,False,EUR,2026-08-29T04:17:25Z,1429954110,INV-0258,False,,,,,,2026-08-26T04:17:25Z,0.0,,Flex Fortnightly (Robin Andrews),0.0,,,,,,MEM-001,Membership Revenue,,False,False,False,False,e04f71a2-c16f-4b29-ab48-6e5869c3476e,,45,,1,False,,,2026-08-19T22:00:00Z,235.98,,Flex Fortnightly,0.0,[No Tax],0.0,Flex Fortnightly (Robin Andrews),05d4b471-085e-4eef-ab5f-27d3b1c1b196,235.98,[System],2026-08-26T04:17:25Z
1457721982,,,,a3d7a19f-965c-46bc-b5c2-e9992cf193c3,a98c8df6-34c6-4ab5-8b7c-ebe99a8fe589,,,,False,EUR,2026-08-29T04:17:25Z,1429954110,INV-0258,False,,,,,,2026-08-26T04:17:25Z,0.0,,Flex Fortnightly (Ashley Smith),0.0,,,,,,MEM-001,Membership Revenue,,False,False,False,False,e04f71a2-c16f-4b29-ab48-6e5869c3476e,,46,,1,False,,,2026-08-25T22:00:00Z,250.0,,Flex Fortnightly,0.0,[No Tax],0.0,Flex Fortnightly (Ashley Smith),a4aa9dfc-ecfc-4c0e-a7a6-88edf9b97fda,250.0,[System],2026-08-26T04:17:25Z
1457721983,,,,c161efd6-716f-4851-afdb-1c2b4d7a0de1,a98c8df6-34c6-4ab5-8b7c-ebe99a8fe589,,,,False,EUR,2026-08-29T04:17:25Z,1429954110,INV-0258,False,,Parking Space,210e22c4-2d96-4234-9b7f-e3e970cea76c,,,2026-08-26T04:17:25Z,0.0,,Parking Space (Ashley Smith),0.0,,,,,,PRD-001,Product Sales,,False,False,False,False,e04f71a2-c16f-4b29-ab48-6e5869c3476e,,47,,1,False,,,2026-08-25T22:00:00Z,75.0,,,0.0,[No Tax],0.0,Parking Space (Ashley Smith),8252dbc2-ce51-423a-b365-5349dc204d5b,75.0,[System],2026-08-26T04:17:25Z
1457721984,,,,e63d5b93-2da2-4a5b-b0a4-e201efe252c1,cd2bbb2c-3654-4737-b0b9-5c046bade0a2,,,,False,EUR,2026-08-29T04:17:25Z,1429954110,INV-0258,False,,,,,,2026-08-26T04:17:25Z,0.0,,Dedicated Desk Monthly (Victor Harrison),0.0,,,,,,MEM-001,Membership Revenue,,False,False,False,False,e04f71a2-c16f-4b29-ab48-6e5869c3476e,,48,,1,False,,,2026-09-09T22:00:00Z,298.76,,Dedicated Desk Monthly,0.0,[No Tax],0.0,Dedicated Desk Monthly (Victor Harrison),d0a310da-1be0-42a5-800d-e73222416f57,298.76,[System],2026-08-26T04:17:25Z
1457721985,,,,164c52c2-3c32-4b10-ac21-54b40b47bef3,cd2bbb2c-3654-4737-b0b9-5c046bade0a2,,,,False,EUR,2026-08-29T04:17:25Z,1429954110,INV-0258,False,,Parking Space,121bfa9b-0f48-4963-8683-bde57a16a08b,,,2026-08-26T04:17:25Z,0.0,,Parking Space (Victor Harrison),0.0,,,,,,PRD-001,Product Sales,,False,False,False,False,e04f71a2-c16f-4b29-ab48-6e5869c3476e,,49,,1,False,,,2026-09-09T22:00:00Z,75.0,,,0.0,[No Tax],0.0,Parking Space (Victor Harrison),16d24068-01f2-40af-b966-a7bfe6bee88d,75.0,[System],2026-08-26T04:17:25Z
1457721986,,,,42d3983a-2a90-42a9-8a2a-22588f2a66bf,1eb0805e-661d-4d6b-8c84-2a6b07efda5f,,,,False,EUR,2026-08-29T04:17:25Z,1429954110,INV-0258,False,,,,,,2026-08-26T04:17:25Z,0.0,,Private Office Small (Ashley Smith),0.0,,,,,,MEM-001,Membership Revenue,,False,False,False,False,e04f71a2-c16f-4b29-ab48-6e5869c3476e,,50,,1,False,,,2026-09-16T22:00:00Z,1082.52,,Private Office Small,0.0,[No Tax],0.0,Private Office Small (Ashley Smith),02e38fd4-1d97-4a18-939d-4d440b16ca26,1082.52,[System],2026-08-26T04:17:25Z
1457721987,,,,486a875d-e074-4451-bd10-607c10407af5,1eb0805e-661d-4d6b-8c84-2a6b07efda5f,,,,False,EUR,2026-08-29T04:17:25Z,1429954110,INV-0258,False,,Mail Handling,1f524037-2fcd-46e8-90bb-63ed244003ac,,,2026-08-26T04:17:25Z,0.0,,Mail Handling (Ashley Smith),0.0,,,,,,PRD-001,Product Sales,,False,False,False,False,e04f71a2-c16f-4b29-ab48-6e5869c3476e,,51,,1,False,,,2026-09-16T22:00:00Z,20.0,,,0.0,[No Tax],0.0,Mail Handling (Ashley Smith),980f83af-6ea9-4317-9a00-9de4daa94da2,20.0,[System],2026-08-26T04:17:25Z
1457721988,,,,7607607e-5a0b-4a1f-bb10-65173a1bc21c,7129cea4-6c12-42bd-9565-7265f8b42fad,,,,False,EUR,2026-08-29T04:17:25Z,1429954110,INV-0258,False,,,,,,2026-08-26T04:17:25Z,0.0,,Hot Desk Monthly (Leanne Foster),0.0,,,,,,MEM-001,Membership Revenue,,False,False,False,False,e04f71a2-c16f-4b29-ab48-6e5869c3476e,,52,,1,False,,,2026-09-21T22:00:00Z,129.5,,Hot Desk Monthly,0.0,[No Tax],0.0,Hot Desk Monthly (Leanne Foster),c28ef088-d22d-4773-9ed0-b362e27f3ef2,129.5,[System],2026-08-26T04:17:25Z
1457721989,,,,ce2c9e05-371c-4974-9461-660e55223ab8,7129cea4-6c12-42bd-9565-7265f8b42fad,,,,False,EUR,2026-08-29T04:17:25Z,1429954110,INV-0258,False,,Mail Handling,0efa6744-0027-495a-86a9-9dd9d8338b6d,,,2026-08-26T04:17:25Z,0.0,,Mail Handling (Leanne Foster),0.0,,,,,,PRD-001,Product Sales,,False,False,False,False,e04f71a2-c16f-4b29-ab48-6e5869c3476e,,53,,1,False,,,2026-09-21T22:00:00Z,20.0,,,0.0,[No Tax],0.0,Mail Handling (Leanne Foster),951799b6-0cfe-4403-8530-14798522de8f,20.0,[System],2026-08-26T04:17:25Z
1457721990,,,,a8759a63-1c6e-4741-adc0-da11d9780be1,60220ba8-8c23-4162-87fb-4501cabf33b0,,,,False,EUR,2026-08-29T04:17:25Z,1429954110,INV-0258,False,,,,,,2026-08-26T04:17:25Z,0.0,,Hot Desk Quarterly (Tracy Harrison),0.0,,,,,,MEM-001,Membership Revenue,,False,False,False,False,e04f71a2-c16f-4b29-ab48-6e5869c3476e,,54,,1,False,,,2027-06-11T22:00:00Z,361.68,,Hot Desk Quarterly,0.0,[No Tax],0.0,Hot Desk Quarterly (Tracy Harrison),5189d14e-9be8-4665-8bd8-8a42079be1b9,361.68,[System],2026-08-26T04:17:25Z
1457722193,,,,15d178c9-af04-4593-9880-b8cf99d2f21d,60220ba8-8c23-4162-87fb-4501cabf33b0,,,,False,EUR,2026-08-29T04:17:25Z,1429954110,INV-0258,False,,Mail Handling,25ee3d1a-da9e-407c-a70d-2ccf355fd5d0,,,2026-08-26T04:17:25Z,0.0,,Mail Handling (Tracy Harrison),0.0,,,,,,PRD-001,Product Sales,,False,False,False,False,e04f71a2-c16f-4b29-ab48-6e5869c3476e,,55,,1,False,,,2027-06-11T22:00:00Z,20.0,,,0.0,[No Tax],0.0,Mail Handling (Tracy Harrison),d3087a72-f715-45d7-877d-8a8983bc953f,20.0,[System],2026-08-26T04:17:25Z
1457722194,,,,9479091a-2c3d-4444-bcc6-711b39f4d5f5,11351685-db46-4bc5-b905-1303b6682acc,,,,False,EUR,2026-08-29T04:17:25Z,1429954110,INV-0258,False,,,,,,2026-08-26T04:17:25Z,0.0,,Hot Desk Quarterly (Teresa Hopkins),0.0,,,,,,MEM-001,Membership Revenue,,False,False,False,False,e04f71a2-c16f-4b29-ab48-6e5869c3476e,,56,,1,False,,,2027-09-29T22:00:00Z,343.61,,Hot Desk Quarterly,0.0,[No Tax],0.0,Hot Desk Quarterly (Teresa Hopkins),f441eee5-1b17-4ff4-a202-430ba084d14d,343.61,[System],2026-08-26T04:17:25Z
1457722195,,,,,cf0b2aef-9c2c-4260-89ca-d0b3369287f7,,,,False,EUR,2026-08-29T04:17:28Z,1429954111,INV-0259,False,,,,,,2026-08-26T04:17:28Z,0.0,,Flex Weekly,,,,,,,MEM-001,Membership Revenue,,False,False,False,False,e04f71a2-c16f-4b29-ab48-6e5869c3476e,,0,,1,False,,,2025-09-11T22:00:00Z,50.0,,Flex Weekly,0.0,[No Tax],0.0,Flex Weekly,9a1248c8-1693-4de2-93ef-8fba44b2cdb9,50.0,[System],2026-08-26T04:17:28Z
1457722196,,,,,cf0b2aef-9c2c-4260-89ca-d0b3369287f7,,,,False,EUR,2026-08-29T04:17:28Z,1429954111,INV-0259,False,,Storage Locker,766551f3-ea62-49dd-8dde-10ca0a5341b0,,,2026-08-26T04:17:28Z,0.0,,Storage Locker,,,,,,,PRD-001,Product Sales,,False,False,False,False,e04f71a2-c16f-4b29-ab48-6e5869c3476e,,1,,1,False,,,2025-09-12T00:00:00Z,30.0,,,0.0,[No Tax],0.0,Storage Locker,0405db29-bcd2-4e83-9156-fac2c85c5a2d,30.0,[System],2026-08-26T04:17:28Z
1457723665,,,,,05d57e40-8523-4290-87a0-5c3f06ee7d2b,,,,False,EUR,2026-08-29T07:02:33Z,1429955100,INV-0260,False,,,,,,2026-08-26T07:02:33Z,0.0,,Dedicated Desk Monthly,,,,,,,MEM-001,Membership Revenue,,False,False,False,False,e04f71a2-c16f-4b29-ab48-6e5869c3476e,,0,,1,False,,,2025-07-24T22:00:00Z,329.93,,Dedicated Desk Monthly,0.0,[No Tax],0.0,Dedicated Desk Monthly,9937decb-b4fb-4e7a-8831-69bb5ed157a5,329.93,[System],2026-08-26T07:02:33Z
1457723666,,,,,05d57e40-8523-4290-87a0-5c3f06ee7d2b,,,,False,EUR,2026-08-29T07:02:33Z,1429955100,INV-0260,False,,Storage Locker,77f25c6a-6c5d-43b7-b357-1e33f307aefb,,,2026-08-26T07:02:33Z,0.0,,Storage Locker,,,,,,,PRD-001,Product Sales,,False,False,False,False,e04f71a2-c16f-4b29-ab48-6e5869c3476e,,1,,1,False,,,2025-07-24T22:00:00Z,30.0,,,0.0,[No Tax],0.0,Storage Locker,89de4065-ce3d-4ff3-a9e5-afb5c36f3eb1,30.0,[System],2026-08-26T07:02:33Z
1457723667,,,,ef76a07b-d90e-4132-b8ea-fcd0f1b7fa70,56d5f420-d042-45a7-9b7d-7bb85443c1ca,,,,False,EUR,2026-08-29T07:02:33Z,1429955100,INV-0260,False,,,,,,2026-08-26T07:02:33Z,0.0,,Flex Fortnightly (Leslie Warner),0.0,,,,,,MEM-001,Membership Revenue,,False,False,False,False,e04f71a2-c16f-4b29-ab48-6e5869c3476e,,2,,1,False,,,2025-10-05T22:00:00Z,250.0,,Flex Fortnightly,0.0,[No Tax],0.0,Flex Fortnightly (Leslie Warner),910233d3-53d1-4659-825d-18e3c5a3a052,250.0,[System],2026-08-26T07:02:33Z
1457723668,,,,0ffa0c87-2d99-45b1-b4f5-3bf5e6facc72,56d5f420-d042-45a7-9b7d-7bb85443c1ca,,,,False,EUR,2026-08-29T07:02:33Z,1429955100,INV-0260,False,,Parking Space,b8b5c34a-baa5-4161-8c53-ff34018a4021,,,2026-08-26T07:02:33Z,0.0,,Parking Space (Leslie Warner),0.0,,,,,,PRD-001,Product Sales,,False,False,False,False,e04f71a2-c16f-4b29-ab48-6e5869c3476e,,3,,1,False,,,2025-10-05T22:00:00Z,75.0,,,0.0,[No Tax],0.0,Parking Space (Leslie Warner),9bf78aed-f938-467f-8bc8-aa35a70c62c8,75.0,[System],2026-08-26T07:02:33Z
1457723669,,,,601c6211-538f-4cbf-a45d-64cb024ee2cd,56d5f420-d042-45a7-9b7d-7bb85443c1ca,,,,False,EUR,2026-08-29T07:02:33Z,1429955100,INV-0260,False,,,,,,2026-08-26T07:02:33Z,0.0,,Flex Fortnightly (Leslie Warner),0.0,,,,,,MEM-001,Membership Revenue,,False,False,False,False,e04f71a2-c16f-4b29-ab48-6e5869c3476e,,4,,1,False,,,2025-10-19T22:00:00Z,250.0,,Flex Fortnightly,0.0,[No Tax],0.0,Flex Fortnightly (Leslie Warner),c0b770cd-a4c0-4b15-93ae-baa778bc7965,250.0,[System],2026-08-26T07:02:33Z
1457723670,,,,30c61559-7e70-4af7-88fe-af15bcea652f,56d5f420-d042-45a7-9b7d-7bb85443c1ca,,,,False,EUR,2026-08-29T07:02:33Z,1429955100,INV-0260,False,,Parking Space,17d2f890-2a88-4d71-82d0-1261e9309ebe,,,2026-08-26T07:02:33Z,0.0,,Parking Space (Leslie Warner),0.0,,,,,,PRD-001,Product Sales,,False,False,False,False,e04f71a2-c16f-4b29-ab48-6e5869c3476e,,5,,1,False,,,2025-10-19T22:00:00Z,75.0,,,0.0,[No Tax],0.0,Parking Space (Leslie Warner),7d463236-e8b8-4f69-8c7a-5e1e638d56fc,75.0,[System],2026-08-26T07:02:33Z
1457723671,,,,06b52dd2-ea80-4b63-abe4-b0784225ee26,56d5f420-d042-45a7-9b7d-7bb85443c1ca,,,,False,EUR,2026-08-29T07:02:33Z,1429955100,INV-0260,False,,,,,,2026-08-26T07:02:33Z,0.0,,Flex Fortnightly (Leslie Warner),0.0,,,,,,MEM-001,Membership Revenue,,False,False,False,False,e04f71a2-c16f-4b29-ab48-6e5869c3476e,,6,,1,False,,,2025-11-02T23:00:00Z,250.0,,Flex Fortnightly,0.0,[No Tax],0.0,Flex Fortnightly (Leslie Warner),2e98f68f-8b5a-4b8b-b459-e8f9a1a3be84,250.0,[System],2026-08-26T07:02:33Z
1457723672,,,,4a6a61cf-65dd-48fa-84ea-b3ac469c964d,56d5f420-d042-45a7-9b7d-7bb85443c1ca,,,,False,EUR,2026-08-29T07:02:33Z,1429955100,INV-0260,False,,Parking Space,09a4d985-5b36-4fee-ab80-2e2fa31b54d2,,,2026-08-26T07:02:33Z,0.0,,Parking Space (Leslie Warner),0.0,,,,,,PRD-001,Product Sales,,False,False,False,False,e04f71a2-c16f-4b29-ab48-6e5869c3476e,,7,,1,False,,,2025-11-02T23:00:00Z,75.0,,,0.0,[No Tax],0.0,Parking Space (Leslie Warner),4928e264-b068-4768-94da-2c703a555e0c,75.0,[System],2026-08-26T07:02:33Z
1457723673,,,,7e19b687-00d5-44a7-ae4b-7a9ee843bada,56d5f420-d042-45a7-9b7d-7bb85443c1ca,,,,False,EUR,2026-08-29T07:02:33Z,1429955100,INV-0260,False,,,,,,2026-08-26T07:02:33Z,0.0,,Flex Fortnightly (Leslie Warner),0.0,,,,,,MEM-001,Membership Revenue,,False,False,False,False,e04f71a2-c16f-4b29-ab48-6e5869c3476e,,8,,1,False,,,2025-11-16T23:00:00Z,250.0,,Flex Fortnightly,0.0,[No Tax],0.0,Flex Fortnightly (Leslie Warner),8caa0905-b632-4a30-a95f-6bb9e443ef4b,250.0,[System],2026-08-26T07:02:33Z
1457723674,,,,3d249323-e9a0-438a-8946-1b58b47c8c3b,56d5f420-d042-45a7-9b7d-7bb85443c1ca,,,,False,EUR,2026-08-29T07:02:33Z,1429955100,INV-0260,False,,Parking Space,f3c38121-c4ab-4df5-b0c0-e03ffc5a7e8b,,,2026-08-26T07:02:33Z,0.0,,Parking Space (Leslie Warner),0.0,,,,,,PRD-001,Product Sales,,False,False,False,False,e04f71a2-c16f-4b29-ab48-6e5869c3476e,,9,,1,False,,,2025-11-16T23:00:00Z,75.0,,,0.0,[No Tax],0.0,Parking Space (Leslie Warner),ff3dcf31-a4fb-4b40-b69f-10b449f70405,75.0,[System],2026-08-26T07:02:33Z
1457723675,,,,77f3ab63-b749-43c6-8718-6e07b912f976,56d5f420-d042-45a7-9b7d-7bb85443c1ca,,,,False,EUR,2026-08-29T07:02:33Z,1429955100,INV-0260,False,,,,,,2026-08-26T07:02:33Z,0.0,,Flex Fortnightly (Leslie Warner),0.0,,,,,,MEM-001,Membership Revenue,,False,False,False,False,e04f71a2-c16f-4b29-ab48-6e5869c3476e,,10,,1,False,,,2025-11-30T23:00:00Z,250.0,,Flex Fortnightly,0.0,[No Tax],0.0,Flex Fortnightly (Leslie Warner),67ce5ea1-6bbc-45fd-b2cd-83ba70e70141,250.0,[System],2026-08-26T07:02:33Z
1457723676,,,,a8de2b75-f266-4d33-8af8-e33324916cdc,56d5f420-d042-45a7-9b7d-7bb85443c1ca,,,,False,EUR,2026-08-29T07:02:33Z,1429955100,INV-0260,False,,Parking Space,03bc11fb-56e0-4602-9c8c-8ad484201df6,,,2026-08-26T07:02:33Z,0.0,,Parking Space (Leslie Warner),0.0,,,,,,PRD-001,Product Sales,,False,False,False,False,e04f71a2-c16f-4b29-ab48-6e5869c3476e,,11,,1,False,,,2025-11-30T23:00:00Z,75.0,,,0.0,[No Tax],0.0,Parking Space (Leslie Warner),640ac496-3efc-4e47-aff8-9947c59aed26,75.0,[System],2026-08-26T07:02:33Z
1457723677,,,,d6785443-d689-4215-924d-1719011c0bf0,56d5f420-d042-45a7-9b7d-7bb85443c1ca,,,,False,EUR,2026-08-29T07:02:33Z,1429955100,INV-0260,False,,,,,,2026-08-26T07:02:33Z,0.0,,Flex Fortnightly (Leslie Warner),0.0,,,,,,MEM-001,Membership Revenue,,False,False,False,False,e04f71a2-c16f-4b29-ab48-6e5869c3476e,,12,,1,False,,,2025-12-14T23:00:00Z,250.0,,Flex Fortnightly,0.0,[No Tax],0.0,Flex Fortnightly (Leslie Warner),8f3913e9-4a67-4cb9-93d3-389b29254b88,250.0,[System],2026-08-26T07:02:33Z
1457723678,,,,8b273e1b-0e74-456d-843f-129e542b6559,56d5f420-d042-45a7-9b7d-7bb85443c1ca,,,,False,EUR,2026-08-29T07:02:33Z,1429955100,INV-0260,False,,Parking Space,c436df66-6a45-4a45-8918-1bc780eeb112,,,2026-08-26T07:02:33Z,0.0,,Parking Space (Leslie Warner),0.0,,,,,,PRD-001,Product Sales,,False,False,False,False,e04f71a2-c16f-4b29-ab48-6e5869c3476e,,13,,1,False,,,2025-12-14T23:00:00Z,75.0,,,0.0,[No Tax],0.0,Parking Space (Leslie Warner),53b1de90-2150-4144-b5cf-11fa53bd9e6d,75.0,[System],2026-08-26T07:02:33Z
1457723679,,,,b5edd5cf-202e-4580-a49e-8436cae5f65f,56d5f420-d042-45a7-9b7d-7bb85443c1ca,,,,False,EUR,2026-08-29T07:02:33Z,1429955100,INV-0260,False,,,,,,2026-08-26T07:02:33Z,0.0,,Flex Fortnightly (Leslie Warner),0.0,,,,,,MEM-001,Membership Revenue,,False,False,False,False,e04f71a2-c16f-4b29-ab48-6e5869c3476e,,14,,1,False,,,2025-12-28T23:00:00Z,250.0,,Flex Fortnightly,0.0,[No Tax],0.0,Flex Fortnightly (Leslie Warner),842a0edb-3076-48f6-91dc-0cc672ebcbd3,250.0,[System],2026-08-26T07:02:33Z
1457723680,,,,3b53a151-fa85-4845-b1a7-be3925780352,56d5f420-d042-45a7-9b7d-7bb85443c1ca,,,,False,EUR,2026-08-29T07:02:33Z,1429955100,INV-0260,False,,Parking Space,7dcce5fe-8e1d-4209-9e4e-029b22107b7d,,,2026-08-26T07:02:33Z,0.0,,Parking Space (Leslie Warner),0.0,,,,,,PRD-001,Product Sales,,False,False,False,False,e04f71a2-c16f-4b29-ab48-6e5869c3476e,,15,,1,False,,,2025-12-28T23:00:00Z,75.0,,,0.0,[No Tax],0.0,Parking Space (Leslie Warner),2e620869-7b76-499d-b3a4-7b6d663aa203,75.0,[System],2026-08-26T07:02:33Z
1457723681,,,,bc8db75e-ef3a-49a9-a453-e2e9b6a84cb5,56d5f420-d042-45a7-9b7d-7bb85443c1ca,,,,False,EUR,2026-08-29T07:02:33Z,1429955100,INV-0260,False,,,,,,2026-08-26T07:02:33Z,0.0,,Flex Fortnightly (Leslie Warner),0.0,,,,,,MEM-001,Membership Revenue,,False,False,False,False,e04f71a2-c16f-4b29-ab48-6e5869c3476e,,16,,1,False,,,2026-01-11T23:00:00Z,250.0,,Flex Fortnightly,0.0,[No Tax],0.0,Flex Fortnightly (Leslie Warner),4242b03c-2291-4b4d-b58d-910a01c2a3cb,250.0,[System],2026-08-26T07:02:33Z
1457723682,,,,bb0a0ed3-789a-4eaf-9712-68756d41d0fb,56d5f420-d042-45a7-9b7d-7bb85443c1ca,,,,False,EUR,2026-08-29T07:02:33Z,1429955100,INV-0260,False,,Parking Space,24319fca-57e7-4be3-9ffd-6018a808e889,,,2026-08-26T07:02:33Z,0.0,,Parking Space (Leslie Warner),0.0,,,,,,PRD-001,Product Sales,,False,False,False,False,e04f71a2-c16f-4b29-ab48-6e5869c3476e,,17,,1,False,,,2026-01-11T23:00:00Z,75.0,,,0.0,[No Tax],0.0,Parking Space (Leslie Warner),99cb7251-70a7-42c8-8226-998f4621298e,75.0,[System],2026-08-26T07:02:33Z
1457723683,,,,0059b0b2-1ecf-48c9-a18b-353fb5f3aeb0,56d5f420-d042-45a7-9b7d-7bb85443c1ca,,,,False,EUR,2026-08-29T07:02:33Z,1429955100,INV-0260,False,,,,,,2026-08-26T07:02:33Z,0.0,,Flex Fortnightly (Leslie Warner),0.0,,,,,,MEM-001,Membership Revenue,,False,False,False,False,e04f71a2-c16f-4b29-ab48-6e5869c3476e,,18,,1,False,,,2026-01-25T23:00:00Z,250.0,,Flex Fortnightly,0.0,[No Tax],0.0,Flex Fortnightly (Leslie Warner),4e7257a7-669c-4f23-99f0-f24eed61942e,250.0,[System],2026-08-26T07:02:33Z
1457723684,,,,05b8096d-dac8-44e6-bac3-018bbf6141a9,56d5f420-d042-45a7-9b7d-7bb85443c1ca,,,,False,EUR,2026-08-29T07:02:33Z,1429955100,INV-0260,False,,Parking Space,595844dd-9e0e-4c09-a459-9558cdb93230,,,2026-08-26T07:02:33Z,0.0,,Parking Space (Leslie Warner),0.0,,,,,,PRD-001,Product Sales,,False,False,False,False,e04f71a2-c16f-4b29-ab48-6e5869c3476e,,19,,1,False,,,2026-01-25T23:00:00Z,75.0,,,0.0,[No Tax],0.0,Parking Space (Leslie Warner),d7e39001-0b49-4e4b-8f45-56c3976e9075,75.0,[System],2026-08-26T07:02:33Z
1457723685,,,,283d183a-1cb4-49cc-9f84-b362a707d207,56d5f420-d042-45a7-9b7d-7bb85443c1ca,,,,False,EUR,2026-08-29T07:02:33Z,1429955100,INV-0260,False,,,,,,2026-08-26T07:02:33Z,0.0,,Flex Fortnightly (Leslie Warner),0.0,,,,,,MEM-001,Membership Revenue,,False,False,False,False,e04f71a2-c16f-4b29-ab48-6e5869c3476e,,20,,1,False,,,2026-02-08T23:00:00Z,250.0,,Flex Fortnightly,0.0,[No Tax],0.0,Flex Fortnightly (Leslie Warner),f42ed4ce-062f-4a64-ba02-5575d67cf66e,250.0,[System],2026-08-26T07:02:33Z
1457723686,,,,9167c06a-5e32-4d37-b70f-7f8a0d2b5bbc,56d5f420-d042-45a7-9b7d-7bb85443c1ca,,,,False,EUR,2026-08-29T07:02:33Z,1429955100,INV-0260,False,,Parking Space,f5359eb2-8d45-46dd-9864-69dd0ca6cf1d,,,2026-08-26T07:02:33Z,0.0,,Parking Space (Leslie Warner),0.0,,,,,,PRD-001,Product Sales,,False,False,False,False,e04f71a2-c16f-4b29-ab48-6e5869c3476e,,21,,1,False,,,2026-02-08T23:00:00Z,75.0,,,0.0,[No Tax],0.0,Parking Space (Leslie Warner),d5d880b8-f695-4f81-a3ba-4e99c6952512,75.0,[System],2026-08-26T07:02:33Z
1457723687,,,,b91bf106-c22e-4bfd-9738-633ac9f310a4,56d5f420-d042-45a7-9b7d-7bb85443c1ca,,,,False,EUR,2026-08-29T07:02:33Z,1429955100,INV-0260,False,,,,,,2026-08-26T07:02:33Z,0.0,,Flex Fortnightly (Leslie Warner),0.0,,,,,,MEM-001,Membership Revenue,,False,False,False,False,e04f71a2-c16f-4b29-ab48-6e5869c3476e,,22,,1,False,,,2026-02-22T23:00:00Z,250.0,,Flex Fortnightly,0.0,[No Tax],0.0,Flex Fortnightly (Leslie Warner),f6cf448c-d48f-4f62-b8a1-f3bffa9e1964,250.0,[System],2026-08-26T07:02:33Z
1457723688,,,,e04adf3c-e59d-4165-8d31-1ae031ece782,56d5f420-d042-45a7-9b7d-7bb85443c1ca,,,,False,EUR,2026-08-29T07:02:33Z,1429955100,INV-0260,False,,Parking Space,95bbbb63-3a6f-4504-996c-02dedde2296d,,,2026-08-26T07:02:33Z,0.0,,Parking Space (Leslie Warner),0.0,,,,,,PRD-001,Product Sales,,False,False,False,False,e04f71a2-c16f-4b29-ab48-6e5869c3476e,,23,,1,False,,,2026-02-22T23:00:00Z,75.0,,,0.0,[No Tax],0.0,Parking Space (Leslie Warner),355d31ff-e0ca-4063-968a-16dbc54eda2e,75.0,[System],2026-08-26T07:02:33Z
1457723689,,,,da40b686-b2f4-4315-84ee-7f8b2b3e25ca,56d5f420-d042-45a7-9b7d-7bb85443c1ca,,,,False,EUR,2026-08-29T07:02:33Z,1429955100,INV-0260,False,,,,,,2026-08-26T07:02:33Z,0.0,,Flex Fortnightly (Leslie Warner),0.0,,,,,,MEM-001,Membership Revenue,,False,False,False,False,e04f71a2-c16f-4b29-ab48-6e5869c3476e,,24,,1,False,,,2026-03-08T23:00:00Z,250.0,,Flex Fortnightly,0.0,[No Tax],0.0,Flex Fortnightly (Leslie Warner),a738834b-2514-4359-9735-01bd4afb8ef4,250.0,[System],2026-08-26T07:02:33Z
1457723690,,,,e551b245-5497-4e92-8f92-ea7516c37204,56d5f420-d042-45a7-9b7d-7bb85443c1ca,,,,False,EUR,2026-08-29T07:02:33Z,1429955100,INV-0260,False,,Parking Space,54b75b3f-d423-47b8-978e-4200691fc4a5,,,2026-08-26T07:02:33Z,0.0,,Parking Space (Leslie Warner),0.0,,,,,,PRD-001,Product Sales,,False,False,False,False,e04f71a2-c16f-4b29-ab48-6e5869c3476e,,25,,1,False,,,2026-03-08T23:00:00Z,75.0,,,0.0,[No Tax],0.0,Parking Space (Leslie Warner),ae15348d-c162-4d7e-a7cc-4fc8ffae978f,75.0,[System],2026-08-26T07:02:33Z
1457723691,,,,1e0de76a-181d-40ff-b974-de5d5208d73a,56d5f420-d042-45a7-9b7d-7bb85443c1ca,,,,False,EUR,2026-08-29T07:02:33Z,1429955100,INV-0260,False,,,,,,2026-08-26T07:02:33Z,0.0,,Flex Fortnightly (Leslie Warner),0.0,,,,,,MEM-001,Membership Revenue,,False,False,False,False,e04f71a2-c16f-4b29-ab48-6e5869c3476e,,26,,1,False,,,2026-03-22T23:00:00Z,250.0,,Flex Fortnightly,0.0,[No Tax],0.0,Flex Fortnightly (Leslie Warner),37ecd338-fff9-47e3-85dd-602ad855b9f6,250.0,[System],2026-08-26T07:02:33Z
1457723692,,,,ef85ac55-e1d7-442e-9956-001010680b4b,56d5f420-d042-45a7-9b7d-7bb85443c1ca,,,,False,EUR,2026-08-29T07:02:33Z,1429955100,INV-0260,False,,Parking Space,5a73e867-198a-4426-86f3-da0be91247cb,,,2026-08-26T07:02:33Z,0.0,,Parking Space (Leslie Warner),0.0,,,,,,PRD-001,Product Sales,,False,False,False,False,e04f71a2-c16f-4b29-ab48-6e5869c3476e,,27,,1,False,,,2026-03-22T23:00:00Z,75.0,,,0.0,[No Tax],0.0,Parking Space (Leslie Warner),13ede15d-ffb9-4f5f-9b3f-332adf599b00,75.0,[System],2026-08-26T07:02:33Z
1457723693,,,,64d204f1-34df-4f6b-ae60-7d35a61e24ce,56d5f420-d042-45a7-9b7d-7bb85443c1ca,,,,False,EUR,2026-08-29T07:02:33Z,1429955100,INV-0260,False,,,,,,2026-08-26T07:02:33Z,0.0,,Flex Fortnightly (Leslie Warner),0.0,,,,,,MEM-001,Membership Revenue,,False,False,False,False,e04f71a2-c16f-4b29-ab48-6e5869c3476e,,28,,1,False,,,2026-04-05T22:00:00Z,250.0,,Flex Fortnightly,0.0,[No Tax],0.0,Flex Fortnightly (Leslie Warner),e489aeba-9efc-4913-a8d4-8104f1d999d9,250.0,[System],2026-08-26T07:02:33Z
1457723694,,,,dd0f21c5-305c-4c0f-83cf-e05c15135335,56d5f420-d042-45a7-9b7d-7bb85443c1ca,,,,False,EUR,2026-08-29T07:02:33Z,1429955100,INV-0260,False,,Parking Space,054c744e-8c2b-4eb7-a719-c050d41fb6c5,,,2026-08-26T07:02:33Z,0.0,,Parking Space (Leslie Warner),0.0,,,,,,PRD-001,Product Sales,,False,False,False,False,e04f71a2-c16f-4b29-ab48-6e5869c3476e,,29,,1,False,,,2026-04-05T22:00:00Z,75.0,,,0.0,[No Tax],0.0,Parking Space (Leslie Warner),12688c93-fc4e-4574-9cd6-184e877afaac,75.0,[System],2026-08-26T07:02:33Z
1457723695,,,,d6238b03-c46a-4eab-99b5-3d9531f58473,56d5f420-d042-45a7-9b7d-7bb85443c1ca,,,,False,EUR,2026-08-29T07:02:33Z,1429955100,INV-0260,False,,,,,,2026-08-26T07:02:33Z,0.0,,Flex Fortnightly (Leslie Warner),0.0,,,,,,MEM-001,Membership Revenue,,False,False,False,False,e04f71a2-c16f-4b29-ab48-6e5869c3476e,,30,,1,False,,,2026-04-19T22:00:00Z,250.0,,Flex Fortnightly,0.0,[No Tax],0.0,Flex Fortnightly (Leslie Warner),75db2b2c-ef00-4d3e-88f9-a0e286c0f665,250.0,[System],2026-08-26T07:02:33Z
1457723696,,,,c80ccc7d-21f5-41ea-a674-29518c6e9d5d,56d5f420-d042-45a7-9b7d-7bb85443c1ca,,,,False,EUR,2026-08-29T07:02:33Z,1429955100,INV-0260,False,,Parking Space,165acf2b-1430-466e-a087-499e30806643,,,2026-08-26T07:02:33Z,0.0,,Parking Space (Leslie Warner),0.0,,,,,,PRD-001,Product Sales,,False,False,False,False,e04f71a2-c16f-4b29-ab48-6e5869c3476e,,31,,1,False,,,2026-04-19T22:00:00Z,75.0,,,0.0,[No Tax],0.0,Parking Space (Leslie Warner),7b3e1f5d-d504-4ab5-b520-f19f2f128007,75.0,[System],2026-08-26T07:02:33Z
1457723697,,,,6a7178fb-515d-4f42-a4d1-7e65166b5e95,56d5f420-d042-45a7-9b7d-7bb85443c1ca,,,,False,EUR,2026-08-29T07:02:33Z,1429955100,INV-0260,False,,,,,,2026-08-26T07:02:33Z,0.0,,Flex Fortnightly (Leslie Warner),0.0,,,,,,MEM-001,Membership Revenue,,False,False,False,False,e04f71a2-c16f-4b29-ab48-6e5869c3476e,,32,,1,False,,,2026-05-03T22:00:00Z,250.0,,Flex Fortnightly,0.0,[No Tax],0.0,Flex Fortnightly (Leslie Warner),78776aa9-1f5d-4781-a9da-4a990034bf82,250.0,[System],2026-08-26T07:02:33Z
1457723698,,,,088539c8-8712-4f3c-8da9-810ee4c612da,56d5f420-d042-45a7-9b7d-7bb85443c1ca,,,,False,EUR,2026-08-29T07:02:33Z,1429955100,INV-0260,False,,Parking Space,454aef1a-4a85-45dc-bd9e-ab38131f2588,,,2026-08-26T07:02:33Z,0.0,,Parking Space (Leslie Warner),0.0,,,,,,PRD-001,Product Sales,,False,False,False,False,e04f71a2-c16f-4b29-ab48-6e5869c3476e,,33,,1,False,,,2026-05-03T22:00:00Z,75.0,,,0.0,[No Tax],0.0,Parking Space (Leslie Warner),1b918aa3-7b50-45f1-8a74-3598eb89c044,75.0,[System],2026-08-26T07:02:33Z
1457723699,,,,30711aa2-3fba-4c39-b7fc-da6ec39275ef,56d5f420-d042-45a7-9b7d-7bb85443c1ca,,,,False,EUR,2026-08-29T07:02:33Z,1429955100,INV-0260,False,,,,,,2026-08-26T07:02:33Z,0.0,,Flex Fortnightly (Leslie Warner),0.0,,,,,,MEM-001,Membership Revenue,,False,False,False,False,e04f71a2-c16f-4b29-ab48-6e5869c3476e,,34,,1,False,,,2026-05-17T22:00:00Z,250.0,,Flex Fortnightly,0.0,[No Tax],0.0,Flex Fortnightly (Leslie Warner),416fbd88-8cc8-4f64-80ab-1095daafd866,250.0,[System],2026-08-26T07:02:33Z
1457723700,,,,49215ddd-8ef8-4dc3-bdf8-61d6e8a276c1,56d5f420-d042-45a7-9b7d-7bb85443c1ca,,,,False,EUR,2026-08-29T07:02:33Z,1429955100,INV-0260,False,,Parking Space,42c19ae4-bcc1-4be1-bc5b-356753f6998c,,,2026-08-26T07:02:33Z,0.0,,Parking Space (Leslie Warner),0.0,,,,,,PRD-001,Product Sales,,False,False,False,False,e04f71a2-c16f-4b29-ab48-6e5869c3476e,,35,,1,False,,,2026-05-17T22:00:00Z,75.0,,,0.0,[No Tax],0.0,Parking Space (Leslie Warner),ac892a98-4869-4c09-a877-8dc5e9d652d1,75.0,[System],2026-08-26T07:02:33Z
1457723701,,,,0742a159-6fdf-4f4a-928a-064268482703,56d5f420-d042-45a7-9b7d-7bb85443c1ca,,,,False,EUR,2026-08-29T07:02:33Z,1429955100,INV-0260,False,,,,,,2026-08-26T07:02:33Z,0.0,,Flex Fortnightly (Leslie Warner),0.0,,,,,,MEM-001,Membership Revenue,,False,False,False,False,e04f71a2-c16f-4b29-ab48-6e5869c3476e,,36,,1,False,,,2026-05-31T22:00:00Z,250.0,,Flex Fortnightly,0.0,[No Tax],0.0,Flex Fortnightly (Leslie Warner),005d05de-e745-4a17-b44c-9950adaeb7ad,250.0,[System],2026-08-26T07:02:33Z
1457723702,,,,3d6e1c1b-27c2-49ac-a2ea-e4ba8ccf9307,56d5f420-d042-45a7-9b7d-7bb85443c1ca,,,,False,EUR,2026-08-29T07:02:33Z,1429955100,INV-0260,False,,Parking Space,3d22b2dc-ab35-483f-822c-bb0b64145622,,,2026-08-26T07:02:33Z,0.0,,Parking Space (Leslie Warner),0.0,,,,,,PRD-001,Product Sales,,False,False,False,False,e04f71a2-c16f-4b29-ab48-6e5869c3476e,,37,,1,False,,,2026-05-31T22:00:00Z,75.0,,,0.0,[No Tax],0.0,Parking Space (Leslie Warner),a35dd21a-5ac2-4581-94ad-a3e9d7df7b50,75.0,[System],2026-08-26T07:02:33Z
1457723703,,,,11f63586-4ad7-493c-b665-3ea7258561bc,56d5f420-d042-45a7-9b7d-7bb85443c1ca,,,,False,EUR,2026-08-29T07:02:33Z,1429955100,INV-0260,False,,,,,,2026-08-26T07:02:33Z,0.0,,Flex Fortnightly (Leslie Warner),0.0,,,,,,MEM-001,Membership Revenue,,False,False,False,False,e04f71a2-c16f-4b29-ab48-6e5869c3476e,,38,,1,False,,,2026-06-14T22:00:00Z,250.0,,Flex Fortnightly,0.0,[No Tax],0.0,Flex Fortnightly (Leslie Warner),49059c80-23ae-4fe1-b61e-7f3a939ef8db,250.0,[System],2026-08-26T07:02:33Z
1457723704,,,,6321093a-4f03-4602-817e-3a54f63ce48d,56d5f420-d042-45a7-9b7d-7bb85443c1ca,,,,False,EUR,2026-08-29T07:02:33Z,1429955100,INV-0260,False,,Parking Space,121cb9b3-7e99-440a-9f8d-8bbdcfb13a1e,,,2026-08-26T07:02:33Z,0.0,,Parking Space (Leslie Warner),0.0,,,,,,PRD-001,Product Sales,,False,False,False,False,e04f71a2-c16f-4b29-ab48-6e5869c3476e,,39,,1,False,,,2026-06-14T22:00:00Z,75.0,,,0.0,[No Tax],0.0,Parking Space (Leslie Warner),000d375d-de18-433f-aabf-abed8cdc5319,75.0,[System],2026-08-26T07:02:33Z
1457723705,,,,87c60c29-659a-4776-b8e3-620c6e6bc89d,56d5f420-d042-45a7-9b7d-7bb85443c1ca,,,,False,EUR,2026-08-29T07:02:33Z,1429955100,INV-0260,False,,,,,,2026-08-26T07:02:33Z,0.0,,Flex Fortnightly (Leslie Warner),0.0,,,,,,MEM-001,Membership Revenue,,False,False,False,False,e04f71a2-c16f-4b29-ab48-6e5869c3476e,,40,,1,False,,,2026-06-28T22:00:00Z,250.0,,Flex Fortnightly,0.0,[No Tax],0.0,Flex Fortnightly (Leslie Warner),b993bbf8-dd0f-4fd1-b554-21c917821e98,250.0,[System],2026-08-26T07:02:33Z
1457723706,,,,2019391e-d095-4f6a-85f9-b0f7df318f53,56d5f420-d042-45a7-9b7d-7bb85443c1ca,,,,False,EUR,2026-08-29T07:02:33Z,1429955100,INV-0260,False,,Parking Space,797c27d4-a360-49b0-9954-1e5e2dc50efd,,,2026-08-26T07:02:33Z,0.0,,Parking Space (Leslie Warner),0.0,,,,,,PRD-001,Product Sales,,False,False,False,False,e04f71a2-c16f-4b29-ab48-6e5869c3476e,,41,,1,False,,,2026-06-28T22:00:00Z,75.0,,,0.0,[No Tax],0.0,Parking Space (Leslie Warner),3dedcd9a-4dcc-4256-84fa-8d1c2d869446,75.0,[System],2026-08-26T07:02:33Z
1457723707,,,,412dc663-cc75-4820-90f8-f02d1263d3fe,56d5f420-d042-45a7-9b7d-7bb85443c1ca,,,,False,EUR,2026-08-29T07:02:33Z,1429955100,INV-0260,False,,,,,,2026-08-26T07:02:33Z,0.0,,Flex Fortnightly (Leslie Warner),0.0,,,,,,MEM-001,Membership Revenue,,False,False,False,False,e04f71a2-c16f-4b29-ab48-6e5869c3476e,,42,,1,False,,,2026-07-12T22:00:00Z,250.0,,Flex Fortnightly,0.0,[No Tax],0.0,Flex Fortnightly (Leslie Warner),5bb5299c-f94e-4ee3-a02b-ba7e2c5c1f5e,250.0,[System],2026-08-26T07:02:33Z
1457723910,,,,0966571f-186f-4bd0-809b-a5240063d532,56d5f420-d042-45a7-9b7d-7bb85443c1ca,,,,False,EUR,2026-08-29T07:02:33Z,1429955100,INV-0260,False,,Parking Space,050d9f8b-e31f-4fd3-8300-5fc3d1cc7466,,,2026-08-26T07:02:33Z,0.0,,Parking Space (Leslie Warner),0.0,,,,,,PRD-001,Product Sales,,False,False,False,False,e04f71a2-c16f-4b29-ab48-6e5869c3476e,,43,,1,False,,,2026-07-12T22:00:00Z,75.0,,,0.0,[No Tax],0.0,Parking Space (Leslie Warner),c527b667-d2d8-47da-8980-facdb2e31783,75.0,[System],2026-08-26T07:02:33Z
1457723911,,,,007d40e9-d1ba-4d3d-9296-d7ee7451d01f,56d5f420-d042-45a7-9b7d-7bb85443c1ca,,,,False,EUR,2026-08-29T07:02:33Z,1429955100,INV-0260,False,,,,,,2026-08-26T07:02:33Z,0.0,,Flex Fortnightly (Leslie Warner),0.0,,,,,,MEM-001,Membership Revenue,,False,False,False,False,e04f71a2-c16f-4b29-ab48-6e5869c3476e,,44,,1,False,,,2026-07-26T22:00:00Z,250.0,,Flex Fortnightly,0.0,[No Tax],0.0,Flex Fortnightly (Leslie Warner),9d174b2d-0f33-4cba-9a12-e4b5ea7e32e0,250.0,[System],2026-08-26T07:02:33Z
1457723912,,,,b59fe7e4-c6b5-4119-860b-ae54b89f4248,56d5f420-d042-45a7-9b7d-7bb85443c1ca,,,,False,EUR,2026-08-29T07:02:33Z,1429955100,INV-0260,False,,Parking Space,099ae276-4189-4983-9f03-b9aa30abde02,,,2026-08-26T07:02:33Z,0.0,,Parking Space (Leslie Warner),0.0,,,,,,PRD-001,Product Sales,,False,False,False,False,e04f71a2-c16f-4b29-ab48-6e5869c3476e,,45,,1,False,,,2026-07-26T22:00:00Z,75.0,,,0.0,[No Tax],0.0,Parking Space (Leslie Warner),46b90306-b762-46fb-bfe9-bad96c7c4249,75.0,[System],2026-08-26T07:02:33Z
1457723913,,,,f89e5fd2-5ecb-4728-92d6-48792332a77e,56d5f420-d042-45a7-9b7d-7bb85443c1ca,,,,False,EUR,2026-08-29T07:02:33Z,1429955100,INV-0260,False,,,,,,2026-08-26T07:02:33Z,0.0,,Flex Fortnightly (Leslie Warner),0.0,,,,,,MEM-001,Membership Revenue,,False,False,False,False,e04f71a2-c16f-4b29-ab48-6e5869c3476e,,46,,1,False,,,2026-08-09T22:00:00Z,250.0,,Flex Fortnightly,0.0,[No Tax],0.0,Flex Fortnightly (Leslie Warner),86774b8c-e30a-4220-824c-fe752ce8f64a,250.0,[System],2026-08-26T07:02:33Z
1457723914,,,,a0f23940-5d03-4965-8f7a-f594c2579ccb,56d5f420-d042-45a7-9b7d-7bb85443c1ca,,,,False,EUR,2026-08-29T07:02:33Z,1429955100,INV-0260,False,,Parking Space,3c38c0fc-cdbc-4f48-a760-5bb3356e5eb9,,,2026-08-26T07:02:33Z,0.0,,Parking Space (Leslie Warner),0.0,,,,,,PRD-001,Product Sales,,False,False,False,False,e04f71a2-c16f-4b29-ab48-6e5869c3476e,,47,,1,False,,,2026-08-09T22:00:00Z,75.0,,,0.0,[No Tax],0.0,Parking Space (Leslie Warner),036888d5-0d5d-4b9c-9f02-e7bb6d274003,75.0,[System],2026-08-26T07:02:33Z
1457723915,,,,315b1972-629e-43eb-9eab-f5000110bc1b,56d5f420-d042-45a7-9b7d-7bb85443c1ca,,,,False,EUR,2026-08-29T07:02:33Z,1429955100,INV-0260,False,,,,,,2026-08-26T07:02:33Z,0.0,,Flex Fortnightly (Leslie Warner),0.0,,,,,,MEM-001,Membership Revenue,,False,False,False,False,e04f71a2-c16f-4b29-ab48-6e5869c3476e,,48,,1,False,,,2026-08-23T22:00:00Z,250.0,,Flex Fortnightly,0.0,[No Tax],0.0,Flex Fortnightly (Leslie Warner),cc9acef7-514f-466d-b255-a5a50d706f68,250.0,[System],2026-08-26T07:02:33Z
1457723916,,,,160fd9dd-cdb8-40e4-ba4b-c0e08dda1171,56d5f420-d042-45a7-9b7d-7bb85443c1ca,,,,False,EUR,2026-08-29T07:02:33Z,1429955100,INV-0260,False,,Parking Space,f493c7a8-9434-4336-ae23-5cff07162830,,,2026-08-26T07:02:33Z,0.0,,Parking Space (Leslie Warner),0.0,,,,,,PRD-001,Product Sales,,False,False,False,False,e04f71a2-c16f-4b29-ab48-6e5869c3476e,,49,,1,False,,,2026-08-23T22:00:00Z,75.0,,,0.0,[No Tax],0.0,Parking Space (Leslie Warner),40379429-ec2c-4da2-87cb-7468b2e87c29,75.0,[System],2026-08-26T07:02:33Z
1457723917,,,,01fdad79-fab9-4856-8c76-4b587ac63546,1a5c76ee-f959-44e4-84ca-ab0a373ed503,,,,False,EUR,2026-08-29T07:02:33Z,1429955100,INV-0260,False,,,,,,2026-08-26T07:02:33Z,0.0,,Flex Weekly (Gemma Ferguson),0.0,,,,,,MEM-001,Membership Revenue,,False,False,False,False,e04f71a2-c16f-4b29-ab48-6e5869c3476e,,50,,1,False,,,2026-09-07T22:00:00Z,44.46,,Flex Weekly,0.0,[No Tax],0.0,Flex Weekly (Gemma Ferguson),9c859cba-222c-41c8-afcb-1eb1835d440c,44.46,[System],2026-08-26T07:02:33Z
1457723918,,,,f7c221a6-a580-46b4-985a-8c10e501b294,bdcb9d2c-ab81-4e8e-9968-3a380ef40ce8,,,,False,EUR,2026-08-29T07:02:33Z,1429955100,INV-0260,False,,,,,,2026-08-26T07:02:33Z,0.0,,Hot Desk Monthly (Gemma Elliott),0.0,,,,,,MEM-001,Membership Revenue,,False,False,False,False,e04f71a2-c16f-4b29-ab48-6e5869c3476e,,51,,1,False,,,2027-03-01T23:00:00Z,140.86,,Hot Desk Monthly,0.0,[No Tax],0.0,Hot Desk Monthly (Gemma Elliott),40437c7a-00cc-45bd-88ec-d4398626ee71,140.86,[System],2026-08-26T07:02:33Z
1457723919,,,,afeca51b-e361-47b8-8737-4e9a281b19be,bdcb9d2c-ab81-4e8e-9968-3a380ef40ce8,,,,False,EUR,2026-08-29T07:02:33Z,1429955100,INV-0260,False,,Mail Handling,52470fb2-7445-4888-b814-e9422d703433,,,2026-08-26T07:02:33Z,0.0,,Mail Handling (Gemma Elliott),0.0,,,,,,PRD-001,Product Sales,,False,False,False,False,e04f71a2-c16f-4b29-ab48-6e5869c3476e,,52,,1,False,,,2027-03-01T23:00:00Z,20.0,,,0.0,[No Tax],0.0,Mail Handling (Gemma Elliott),3ae1ef38-82c6-4c0b-a34a-91c376ac8fff,20.0,[System],2026-08-26T07:02:33Z
1457725716,,,,,2cadbe78-c732-4476-861a-9bc67be72c08,,,,False,EUR,2026-08-29T10:04:25Z,1429955509,INV-0262,False,,,,,,2026-08-26T10:04:25Z,0.0,,Flex Fortnightly,,,,,,,MEM-001,Membership Revenue,,False,False,False,False,e04f71a2-c16f-4b29-ab48-6e5869c3476e,,0,,1,False,,,2026-06-11T22:00:00Z,250.0,,Flex Fortnightly,0.0,[No Tax],0.0,Flex Fortnightly,1ec01d42-8dc7-4e1a-bf3a-da83394a7bc9,250.0,[System],2026-08-26T10:04:25Z
1457725717,,,,,2cadbe78-c732-4476-861a-9bc67be72c08,,,,False,EUR,2026-08-29T10:04:25Z,1429955509,INV-0262,False,,Parking Space,40ac3827-9dac-429c-bc39-46c6d9733eb8,,,2026-08-26T10:04:25Z,0.0,,Parking Space,,,,,,,PRD-001,Product Sales,,False,False,False,False,e04f71a2-c16f-4b29-ab48-6e5869c3476e,,1,,1,False,,,2026-06-11T22:00:00Z,75.0,,,0.0,[No Tax],0.0,Parking Space,1b686d9c-d16a-4855-8257-39c0385bd84c,75.0,[System],2026-08-26T10:04:25Z
1457725720,,,,,0a9a0857-2e1e-483d-ba08-cae73a0bbc33,,,,False,EUR,2026-08-29T10:04:25Z,1429955511,INV-0263,False,,,,,,2026-08-26T10:04:25Z,0.0,,Flex Fortnightly,,,,,,,MEM-001,Membership Revenue,,False,False,False,False,e04f71a2-c16f-4b29-ab48-6e5869c3476e,,0,,1,False,,,2026-02-24T23:00:00Z,250.0,,Flex Fortnightly,0.0,[No Tax],0.0,Flex Fortnightly,b73e6074-1d8f-4f92-96ca-68f7339c6c2a,250.0,[System],2026-08-26T10:04:25Z
1457725721,,,,,7f0f1a8c-3ca8-4617-ba11-750067c207e1,,,,False,EUR,2026-08-29T10:04:25Z,1429955512,INV-0264,False,,,,,,2026-08-26T10:04:25Z,0.0,,Flex Weekly,,,,,,,MEM-001,Membership Revenue,,False,False,False,False,e04f71a2-c16f-4b29-ab48-6e5869c3476e,,0,,1,False,,,2026-08-06T22:00:00Z,50.0,,Flex Weekly,0.0,[No Tax],0.0,Flex Weekly,c1b6e3c9-6980-44e3-8bd6-f3713e7f2778,50.0,[System],2026-08-26T10:04:25Z
1457725722,,,,,7f0f1a8c-3ca8-4617-ba11-750067c207e1,,,,False,EUR,2026-08-29T10:04:25Z,1429955512,INV-0264,False,,Parking Space,ee8fe950-326b-4bc4-98c9-680e06e23a5e,,,2026-08-26T10:04:25Z,0.0,,Parking Space,,,,,,,PRD-001,Product Sales,,False,False,False,False,e04f71a2-c16f-4b29-ab48-6e5869c3476e,,1,,1,False,,,2026-08-06T22:00:00Z,75.0,,,0.0,[No Tax],0.0,Parking Space,7bd86595-e971-4083-9956-c08898d33831,75.0,[System],2026-08-26T10:04:25Z
1457725723,,,,,080f8ea5-dcf0-401e-a264-fb8b2a6abf70,,,,False,EUR,2026-08-29T10:04:27Z,1429955513,INV-0266,False,,,,,,2026-08-26T10:04:27Z,0.0,,Flex Fortnightly,,,,,,,MEM-001,Membership Revenue,,False,False,False,False,e04f71a2-c16f-4b29-ab48-6e5869c3476e,,0,,1,False,,,2026-08-21T22:00:00Z,250.0,,Flex Fortnightly,0.0,[No Tax],0.0,Flex Fortnightly,58b2fdd3-9bd3-4814-919e-dde8a65cef02,250.0,[System],2026-08-26T10:04:27Z
1457725724,,,,,080f8ea5-dcf0-401e-a264-fb8b2a6abf70,,,,False,EUR,2026-08-29T10:04:27Z,1429955513,INV-0266,False,,Mail Handling,90d5129d-38c2-4fa3-83fa-1e9eff3d0ca5,,,2026-08-26T10:04:27Z,0.0,,Mail Handling,,,,,,,PRD-001,Product Sales,,False,False,False,False,e04f71a2-c16f-4b29-ab48-6e5869c3476e,,1,,1,False,,,2026-08-21T22:00:00Z,20.0,,,0.0,[No Tax],0.0,Mail Handling,24fd044a-8912-4b6d-b9b2-3ce14063d77b,20.0,[System],2026-08-26T10:04:27Z
1457725726,,,,,26a1c65c-e9f2-4046-bc10-1c51f17cf495,,,,False,EUR,2026-08-29T10:04:27Z,1429955515,INV-0267,False,,,,,,2026-08-26T10:04:27Z,0.0,,Private Office Large,,,,,,,MEM-001,Membership Revenue,,False,False,False,False,e04f71a2-c16f-4b29-ab48-6e5869c3476e,,0,,1,False,,,2026-07-22T22:00:00Z,2000.0,,Private Office Large,0.0,[No Tax],0.0,Private Office Large,28de680b-0ad0-4714-b184-f164864bd9cb,2000.0,[System],2026-08-26T10:04:27Z
1457725727,,,,,88086567-17a0-4218-9b78-9c2e5dba4483,,,,False,EUR,2026-08-29T10:04:27Z,1429955516,INV-0269,False,,,,,,2026-08-26T10:04:28Z,0.0,,Hot Desk Monthly,,,,,,,MEM-001,Membership Revenue,,False,False,False,False,e04f71a2-c16f-4b29-ab48-6e5869c3476e,,0,,1,False,,,2026-04-27T22:00:00Z,134.94,,Hot Desk Monthly,0.0,[No Tax],0.0,Hot Desk Monthly,1368d7b3-b1c4-4a45-b366-5f343656361d,134.94,[System],2026-08-26T10:04:28Z
1457727755,,,,,8dc73148-3ee5-403c-86ba-c020eaec57da,,,,False,EUR,2026-08-29T10:04:29Z,1429955520,INV-0271,False,,,,,,2026-08-26T10:04:29Z,0.0,,Hot Desk Monthly,,,,,,,MEM-001,Membership Revenue,,False,False,False,False,e04f71a2-c16f-4b29-ab48-6e5869c3476e,,0,,1,False,,,2026-08-14T22:00:00Z,150.0,,Hot Desk Monthly,0.0,[No Tax],0.0,Hot Desk Monthly,c32c7c81-b290-4441-9b77-0ce3c1384f24,150.0,[System],2026-08-26T10:04:29Z
1457727758,,,,,c2034b47-1027-4fec-b92a-064d48bdd135,,,,False,EUR,2026-08-29T10:04:30Z,1429955523,INV-0272,False,,,,,,2026-08-26T10:04:30Z,0.0,,Private Office Large,,,,,,,MEM-001,Membership Revenue,,False,False,False,False,e04f71a2-c16f-4b29-ab48-6e5869c3476e,,0,,1,False,,,2025-12-05T23:00:00Z,2000.0,,Private Office Large,0.0,[No Tax],0.0,Private Office Large,36c52a50-515b-4f2d-a286-7f54e2cd03ab,2000.0,[System],2026-08-26T10:04:30Z
1457727761,,,,,1657f767-e59a-49fc-a23b-effc1bee7fee,,,,False,EUR,2026-08-29T10:04:35Z,1429955526,INV-0275,False,,,,,,2026-08-26T10:04:35Z,0.0,,Private Office Large,,,,,,,MEM-001,Membership Revenue,,False,False,False,False,e04f71a2-c16f-4b29-ab48-6e5869c3476e,,0,,1,False,,,2025-12-04T23:00:00Z,2000.0,,Private Office Large,0.0,[No Tax],0.0,Private Office Large,02c3e064-4593-41dc-8d88-607991dddf55,2000.0,[System],2026-08-26T10:04:35Z
1457727762,,,,,98b2ac8f-475a-4038-8609-c3387d034106,,,,False,EUR,2026-08-29T10:04:35Z,1429955527,INV-0276,False,,,,,,2026-08-26T10:04:35Z,0.0,,Flex Weekly,,,,,,,MEM-001,Membership Revenue,,False,False,False,False,e04f71a2-c16f-4b29-ab48-6e5869c3476e,,0,,1,False,,,2025-05-31T22:00:00Z,50.0,,Flex Weekly,0.0,[No Tax],0.0,Flex Weekly,65c547cd-1233-4cdb-bccc-d0791881c3ce,50.0,[System],2026-08-26T10:04:35Z
1457727763,,,,,98b2ac8f-475a-4038-8609-c3387d034106,,,,False,EUR,2026-08-29T10:04:35Z,1429955527,INV-0276,False,,Storage Locker,f140db6e-6aa4-45ff-9e8a-f92db4cd45e8,,,2026-08-26T10:04:35Z,0.0,,Storage Locker,,,,,,,PRD-001,Product Sales,,False,False,False,False,e04f71a2-c16f-4b29-ab48-6e5869c3476e,,1,,1,False,,,2025-05-31T22:00:00Z,30.0,,,0.0,[No Tax],0.0,Storage Locker,bbe8e1fd-0c6f-4dc3-a427-d517bb037a70,30.0,[System],2026-08-26T10:04:35Z
1457727764,,,,,cf0b2aef-9c2c-4260-89ca-d0b3369287f7,,,,False,EUR,2026-08-29T10:04:36Z,1429955528,INV-0278,False,,,,,,2026-08-26T10:04:36Z,0.0,,Flex Weekly,,,,,,,MEM-001,Membership Revenue,,False,False,False,False,e04f71a2-c16f-4b29-ab48-6e5869c3476e,,0,,1,False,,,2025-09-18T22:00:00Z,50.0,,Flex Weekly,0.0,[No Tax],0.0,Flex Weekly,d12c4535-bb73-42e6-aaa7-81bd78e2c47b,50.0,[System],2026-08-26T10:04:36Z
1457727765,,,,,cf0b2aef-9c2c-4260-89ca-d0b3369287f7,,,,False,EUR,2026-08-29T10:04:36Z,1429955528,INV-0278,False,,Storage Locker,2bd09e5e-ebe6-40a4-a1f4-18dc8b1d6d16,,,2026-08-26T10:04:36Z,0.0,,Storage Locker,,,,,,,PRD-001,Product Sales,,False,False,False,False,e04f71a2-c16f-4b29-ab48-6e5869c3476e,,1,,1,False,,,2025-09-18T22:00:00Z,30.0,,,0.0,[No Tax],0.0,Storage Locker,29377ea4-1ee9-4e0a-82ef-86a4e30cc980,30.0,[System],2026-08-26T10:04:36Z
1457725869,,,,,ccd407f4-d6ae-4205-b329-40995062b471,,,,False,EUR,2026-08-29T10:04:25Z,1429955588,INV-0261,False,,,,,,2026-08-26T10:04:25Z,0.0,,Flex Weekly,,,,,,,MEM-001,Membership Revenue,,False,False,False,False,e04f71a2-c16f-4b29-ab48-6e5869c3476e,,0,,1,False,,,2026-03-07T23:00:00Z,44.93,,Flex Weekly,0.0,[No Tax],0.0,Flex Weekly,30ae7150-3206-4d10-b603-9a08d86cd205,44.93,[System],2026-08-26T10:04:25Z
1457725870,,,,,ccd407f4-d6ae-4205-b329-40995062b471,,,,False,EUR,2026-08-29T10:04:25Z,1429955588,INV-0261,False,,Mail Handling,95422f81-e991-435d-9a8f-8577bae6f648,,,2026-08-26T10:04:25Z,0.0,,Mail Handling,,,,,,,PRD-001,Product Sales,,False,False,False,False,e04f71a2-c16f-4b29-ab48-6e5869c3476e,,1,,1,False,,,2026-03-07T23:00:00Z,20.0,,,0.0,[No Tax],0.0,Mail Handling,72d6bf23-5614-4ff0-b530-570649383f3c,20.0,[System],2026-08-26T10:04:25Z
1457725871,,,,,86e280a9-0c42-4769-9eb5-38309a5de047,,,,False,EUR,2026-08-29T10:04:26Z,1429955589,INV-0265,False,,,,,,2026-08-26T10:04:27Z,0.0,,Private Office Large,,,,,,,MEM-001,Membership Revenue,,False,False,False,False,e04f71a2-c16f-4b29-ab48-6e5869c3476e,,0,,1,False,,,2026-03-27T23:00:00Z,1883.84,,Private Office Large,0.0,[No Tax],0.0,Private Office Large,c23284c4-d88d-474f-bf2d-41d31377f25f,1883.84,[System],2026-08-26T10:04:27Z
1457725872,,,,,2b593c66-b701-450c-bd4b-6ac15d83abde,,,,False,EUR,2026-08-29T10:04:27Z,1429955590,INV-0268,False,,,,,,2026-08-26T10:04:27Z,0.0,,Flex Fortnightly,,,,,,,MEM-001,Membership Revenue,,False,False,False,False,e04f71a2-c16f-4b29-ab48-6e5869c3476e,,0,,1,False,,,2026-05-01T22:00:00Z,250.0,,Flex Fortnightly,0.0,[No Tax],0.0,Flex Fortnightly,b7e9327a-f8b1-430a-bfc1-278d8de6cad1,250.0,[System],2026-08-26T10:04:27Z
1457725873,,,,,2b593c66-b701-450c-bd4b-6ac15d83abde,,,,False,EUR,2026-08-29T10:04:27Z,1429955590,INV-0268,False,,Storage Locker,00bc7bc8-5d9c-4d41-9227-4fbe50fc896f,,,2026-08-26T10:04:27Z,0.0,,Storage Locker,,,,,,,PRD-001,Product Sales,,False,False,False,False,e04f71a2-c16f-4b29-ab48-6e5869c3476e,,1,,1,False,,,2026-05-01T22:00:00Z,30.0,,,0.0,[No Tax],0.0,Storage Locker,88f2a47d-a5e3-412d-a694-d349734c0131,30.0,[System],2026-08-26T10:04:27Z
1457725875,,,,,bb5cc407-6124-4726-8a18-bc3c30a59991,,,,False,EUR,2026-08-29T10:04:28Z,1429955592,INV-0270,False,,,,,,2026-08-26T10:04:28Z,0.0,,Dedicated Desk Monthly,,,,,,,MEM-001,Membership Revenue,,False,False,False,False,e04f71a2-c16f-4b29-ab48-6e5869c3476e,,0,,1,False,,,2026-08-12T22:00:00Z,350.0,,Dedicated Desk Monthly,0.0,[No Tax],0.0,Dedicated Desk Monthly,973a2390-50fa-400c-893a-79cb2ffd78b9,350.0,[System],2026-08-26T10:04:28Z
1457725876,,,,,bb5cc407-6124-4726-8a18-bc3c30a59991,,,,False,EUR,2026-08-29T10:04:28Z,1429955592,INV-0270,False,,Mail Handling,f31ffa0d-ee77-4217-8c2d-647058be0573,,,2026-08-26T10:04:28Z,0.0,,Mail Handling,,,,,,,PRD-001,Product Sales,,False,False,False,False,e04f71a2-c16f-4b29-ab48-6e5869c3476e,,1,,1,False,,,2026-08-12T22:00:00Z,20.0,,,0.0,[No Tax],0.0,Mail Handling,07ccc25b-258a-499b-8e19-9b7967321f15,20.0,[System],2026-08-26T10:04:28Z
1457725878,,,,,2ea47e1e-3154-4e0a-89fd-6878233ad8fa,,,,False,EUR,2026-08-29T10:04:30Z,1429955594,INV-0273,False,,,,,,2026-08-26T10:04:30Z,0.0,,Private Office Small,,,,,,,MEM-001,Membership Revenue,,False,False,False,False,e04f71a2-c16f-4b29-ab48-6e5869c3476e,,0,,1,False,,,2025-12-08T23:00:00Z,1200.0,,Private Office Small,0.0,[No Tax],0.0,Private Office Small,6bd81962-712b-4073-b530-f9a541f88f13,1200.0,[System],2026-08-26T10:04:30Z
1457725880,,,,,deb914d0-ec9e-45b0-8927-b1f8a20aa6bf,,,,False,EUR,2026-08-29T10:04:32Z,1429955596,INV-0274,False,,,,,,2026-08-26T10:04:32Z,0.0,,Flex Fortnightly,,,,,,,MEM-001,Membership Revenue,,False,False,False,False,e04f71a2-c16f-4b29-ab48-6e5869c3476e,,0,,1,False,,,2025-11-16T23:00:00Z,250.0,,Flex Fortnightly,0.0,[No Tax],0.0,Flex Fortnightly,2dcb913a-55ff-4471-b22a-a3339e3790a2,250.0,[System],2026-08-26T10:04:32Z
1457725881,,,,,deb914d0-ec9e-45b0-8927-b1f8a20aa6bf,,,,False,EUR,2026-08-29T10:04:32Z,1429955596,INV-0274,False,,Parking Space,f85b2ea7-35b1-4ad0-8ad0-8877a594bcd4,,,2026-08-26T10:04:32Z,0.0,,Parking Space,,,,,,,PRD-001,Product Sales,,False,False,False,False,e04f71a2-c16f-4b29-ab48-6e5869c3476e,,1,,1,False,,,2025-11-16T23:00:00Z,75.0,,,0.0,[No Tax],0.0,Parking Space,7e40d043-c968-443a-a999-5b23749e870e,75.0,[System],2026-08-26T10:04:32Z
1457725882,,,,,05d57e40-8523-4290-87a0-5c3f06ee7d2b,,,,False,EUR,2026-08-29T10:04:35Z,1429955597,INV-0277,False,,,,,,2026-08-26T10:04:35Z,0.0,,Dedicated Desk Monthly,,,,,,,MEM-001,Membership Revenue,,False,False,False,False,e04f71a2-c16f-4b29-ab48-6e5869c3476e,,0,,1,False,,,2025-08-24T22:00:00Z,329.93,,Dedicated Desk Monthly,0.0,[No Tax],0.0,Dedicated Desk Monthly,cd38809d-c573-4b44-8f13-19276079943e,329.93,[System],2026-08-26T10:04:35Z
1457725883,,,,,05d57e40-8523-4290-87a0-5c3f06ee7d2b,,,,False,EUR,2026-08-29T10:04:35Z,1429955597,INV-0277,False,,Storage Locker,d54c2a92-4379-4a36-b377-af6a41092694,,,2026-08-26T10:04:35Z,0.0,,Storage Locker,,,,,,,PRD-001,Product Sales,,False,False,False,False,e04f71a2-c16f-4b29-ab48-6e5869c3476e,,1,,1,False,,,2025-08-24T22:00:00Z,30.0,,,0.0,[No Tax],0.0,Storage Locker,9dd026a6-3f76-4afa-a1d0-c6650f0fe5fa,30.0,[System],2026-08-26T10:04:35Z
1457732184,,,,,2cadbe78-c732-4476-861a-9bc67be72c08,,,,False,EUR,2026-08-29T17:03:00Z,1429959374,INV-0279,False,,,,,,2026-08-26T17:03:00Z,0.0,,Flex Fortnightly,,,,,,,MEM-001,Membership Revenue,,False,False,False,False,e04f71a2-c16f-4b29-ab48-6e5869c3476e,,0,,1,False,,,2026-06-25T22:00:00Z,250.0,,Flex Fortnightly,0.0,[No Tax],0.0,Flex Fortnightly,4f0b3f45-b2c6-4345-a46f-9c606d52171a,250.0,[System],2026-08-26T17:03:00Z
1457732185,,,,,2cadbe78-c732-4476-861a-9bc67be72c08,,,,False,EUR,2026-08-29T17:03:00Z,1429959374,INV-0279,False,,Parking Space,d999b39f-dbf3-43df-8830-997706e20943,,,2026-08-26T17:03:00Z,0.0,,Parking Space,,,,,,,PRD-001,Product Sales,,False,False,False,False,e04f71a2-c16f-4b29-ab48-6e5869c3476e,,1,,1,False,,,2026-06-25T22:00:00Z,75.0,,,0.0,[No Tax],0.0,Parking Space,431f4e1b-3d50-4495-b8a5-56dce5e7598a,75.0,[System],2026-08-26T17:03:00Z
1457732186,,,,,2b593c66-b701-450c-bd4b-6ac15d83abde,,,,False,EUR,2026-08-29T17:03:00Z,1429959375,INV-0282,False,,,,,,2026-08-26T17:03:00Z,0.0,,Flex Fortnightly,,,,,,,MEM-001,Membership Revenue,,False,False,False,False,e04f71a2-c16f-4b29-ab48-6e5869c3476e,,0,,1,False,,,2026-05-15T22:00:00Z,250.0,,Flex Fortnightly,0.0,[No Tax],0.0,Flex Fortnightly,d4f25ac2-f021-465e-b345-ac9855a76bcd,250.0,[System],2026-08-26T17:03:00Z
1457732187,,,,,2b593c66-b701-450c-bd4b-6ac15d83abde,,,,False,EUR,2026-08-29T17:03:00Z,1429959375,INV-0282,False,,Storage Locker,0b657866-d882-423e-806f-6c2cf54d9ebc,,,2026-08-26T17:03:00Z,0.0,,Storage Locker,,,,,,,PRD-001,Product Sales,,False,False,False,False,e04f71a2-c16f-4b29-ab48-6e5869c3476e,,1,,1,False,,,2026-05-15T22:00:00Z,30.0,,,0.0,[No Tax],0.0,Storage Locker,148d5ba1-e501-4518-88fc-e541c4733647,30.0,[System],2026-08-26T17:03:00Z
1457732188,,,,,ccd407f4-d6ae-4205-b329-40995062b471,,,,False,EUR,2026-08-29T17:03:00Z,1429959376,INV-0283,False,,,,,,2026-08-26T17:03:00Z,0.0,,Flex Weekly,,,,,,,MEM-001,Membership Revenue,,False,False,False,False,e04f71a2-c16f-4b29-ab48-6e5869c3476e,,0,,1,False,,,2026-03-14T23:00:00Z,44.93,,Flex Weekly,0.0,[No Tax],0.0,Flex Weekly,1deec21e-fa2b-434b-95b6-8e7a2c43a5ce,44.93,[System],2026-08-26T17:03:00Z
1457732189,,,,,ccd407f4-d6ae-4205-b329-40995062b471,,,,False,EUR,2026-08-29T17:03:00Z,1429959376,INV-0283,False,,Mail Handling,ed6396cc-1109-49f5-8cc3-a741f30c49f8,,,2026-08-26T17:03:00Z,0.0,,Mail Handling,,,,,,,PRD-001,Product Sales,,False,False,False,False,e04f71a2-c16f-4b29-ab48-6e5869c3476e,,1,,1,False,,,2026-03-14T23:00:00Z,20.0,,,0.0,[No Tax],0.0,Mail Handling,00e23193-fcac-451f-a1de-1107622d8b99,20.0,[System],2026-08-26T17:03:00Z
1457734920,,,,,26a1c65c-e9f2-4046-bc10-1c51f17cf495,,,,False,EUR,2026-08-29T17:03:00Z,1429959379,INV-0285,False,,,,,,2026-08-26T17:03:00Z,0.0,,Private Office Large,,,,,,,MEM-001,Membership Revenue,,False,False,False,False,e04f71a2-c16f-4b29-ab48-6e5869c3476e,,0,,1,False,,,2026-08-22T22:00:00Z,2000.0,,Private Office Large,0.0,[No Tax],0.0,Private Office Large,9c0aac4c-e139-4085-ad59-4ebf9905bd87,2000.0,[System],2026-08-26T17:03:00Z
1457734921,,,,,7f0f1a8c-3ca8-4617-ba11-750067c207e1,,,,False,EUR,2026-08-29T17:03:01Z,1429959380,INV-0287,False,,,,,,2026-08-26T17:03:01Z,0.0,,Flex Weekly,,,,,,,MEM-001,Membership Revenue,,False,False,False,False,e04f71a2-c16f-4b29-ab48-6e5869c3476e,,0,,1,False,,,2026-08-13T22:00:00Z,50.0,,Flex Weekly,0.0,[No Tax],0.0,Flex Weekly,70c0d6af-1068-4faf-829a-301b95ffbf27,50.0,[System],2026-08-26T17:03:01Z
1457734922,,,,,7f0f1a8c-3ca8-4617-ba11-750067c207e1,,,,False,EUR,2026-08-29T17:03:01Z,1429959380,INV-0287,False,,Parking Space,fa0be2a2-da69-4e99-8b00-9dea72db196d,,,2026-08-26T17:03:01Z,0.0,,Parking Space,,,,,,,PRD-001,Product Sales,,False,False,False,False,e04f71a2-c16f-4b29-ab48-6e5869c3476e,,1,,1,False,,,2026-08-13T22:00:00Z,75.0,,,0.0,[No Tax],0.0,Parking Space,7724f8bf-b499-4688-8ca4-1a978f713731,75.0,[System],2026-08-26T17:03:01Z
1457734933,,,,,2ea47e1e-3154-4e0a-89fd-6878233ad8fa,,,,False,EUR,2026-08-29T17:03:02Z,1429959386,INV-0288,False,,,,,,2026-08-26T17:03:02Z,0.0,,Private Office Small,,,,,,,MEM-001,Membership Revenue,,False,False,False,False,e04f71a2-c16f-4b29-ab48-6e5869c3476e,,0,,1,False,,,2026-01-08T23:00:00Z,1200.0,,Private Office Small,0.0,[No Tax],0.0,Private Office Small,3abdbba6-9df5-4985-974a-7cc24e759cc0,1200.0,[System],2026-08-26T17:03:02Z
1457734934,,,,,deb914d0-ec9e-45b0-8927-b1f8a20aa6bf,,,,False,EUR,2026-08-29T17:03:02Z,1429959387,INV-0289,False,,,,,,2026-08-26T17:03:02Z,0.0,,Flex Fortnightly,,,,,,,MEM-001,Membership Revenue,,False,False,False,False,e04f71a2-c16f-4b29-ab48-6e5869c3476e,,0,,1,False,,,2025-11-30T23:00:00Z,250.0,,Flex Fortnightly,0.0,[No Tax],0.0,Flex Fortnightly,16fdbbcc-f9cb-42b4-b76f-dc4e082dcd05,250.0,[System],2026-08-26T17:03:02Z
1457734935,,,,,deb914d0-ec9e-45b0-8927-b1f8a20aa6bf,,,,False,EUR,2026-08-29T17:03:02Z,1429959387,INV-0289,False,,Parking Space,a469fb18-ebab-4ec9-a7ef-b8947ff85712,,,2026-08-26T17:03:02Z,0.0,,Parking Space,,,,,,,PRD-001,Product Sales,,False,False,False,False,e04f71a2-c16f-4b29-ab48-6e5869c3476e,,1,,1,False,,,2025-11-30T23:00:00Z,75.0,,,0.0,[No Tax],0.0,Parking Space,44573bca-ee8b-4594-b8ff-cd6f87b751c2,75.0,[System],2026-08-26T17:03:02Z
1457734633,,,,,86e280a9-0c42-4769-9eb5-38309a5de047,,,,False,EUR,2026-08-29T17:03:00Z,1429959486,INV-0281,False,,,,,,2026-08-26T17:03:00Z,0.0,,Private Office Large,,,,,,,MEM-001,Membership Revenue,,False,False,False,False,e04f71a2-c16f-4b29-ab48-6e5869c3476e,,0,,1,False,,,2026-04-27T22:00:00Z,1883.84,,Private Office Large,0.0,[No Tax],0.0,Private Office Large,6eefcf1b-290f-4aae-850e-51c8b13eb5fe,1883.84,[System],2026-08-26T17:03:00Z
1457734634,,,,,0a9a0857-2e1e-483d-ba08-cae73a0bbc33,,,,False,EUR,2026-08-29T17:03:00Z,1429959487,INV-0280,False,,,,,,2026-08-26T17:03:00Z,0.0,,Flex Fortnightly,,,,,,,MEM-001,Membership Revenue,,False,False,False,False,e04f71a2-c16f-4b29-ab48-6e5869c3476e,,0,,1,False,,,2026-03-10T23:00:00Z,250.0,,Flex Fortnightly,0.0,[No Tax],0.0,Flex Fortnightly,57e412a9-c00c-4302-b25d-ac992a11e975,250.0,[System],2026-08-26T17:03:00Z
1457734635,,,,,88086567-17a0-4218-9b78-9c2e5dba4483,,,,False,EUR,2026-08-29T17:03:00Z,1429959488,INV-0284,False,,,,,,2026-08-26T17:03:00Z,0.0,,Hot Desk Monthly,,,,,,,MEM-001,Membership Revenue,,False,False,False,False,e04f71a2-c16f-4b29-ab48-6e5869c3476e,,0,,1,False,,,2026-05-27T22:00:00Z,134.94,,Hot Desk Monthly,0.0,[No Tax],0.0,Hot Desk Monthly,e8dd9dac-cf79-4124-a2aa-e01982247d45,134.94,[System],2026-08-26T17:03:00Z
1457734640,,,,,c2034b47-1027-4fec-b92a-064d48bdd135,,,,False,EUR,2026-08-29T17:03:01Z,1429959493,INV-0286,False,,,,,,2026-08-26T17:03:01Z,0.0,,Private Office Large,,,,,,,MEM-001,Membership Revenue,,False,False,False,False,e04f71a2-c16f-4b29-ab48-6e5869c3476e,,0,,1,False,,,2026-01-05T23:00:00Z,2000.0,,Private Office Large,0.0,[No Tax],0.0,Private Office Large,d39c5374-8298-450d-a0e8-edba2e31ac39,2000.0,[System],2026-08-26T17:03:01Z
1457734648,,,,,d0e0f13b-7d3e-41fe-a05a-f7488fe8f088,,,,False,EUR,2026-08-29T17:03:03Z,1429959499,INV-0290,False,,,,,,2026-08-26T17:03:03Z,0.0,,Dedicated Desk Monthly,,,,,,,MEM-001,Membership Revenue,,False,False,False,False,e04f71a2-c16f-4b29-ab48-6e5869c3476e,,0,,1,False,,,2026-08-17T22:00:00Z,350.0,,Dedicated Desk Monthly,0.0,[No Tax],0.0,Dedicated Desk Monthly,0b2a9168-63ea-47e8-89b3-77cba5ad2df6,350.0,[System],2026-08-26T17:03:03Z
1457734649,,,,,d0e0f13b-7d3e-41fe-a05a-f7488fe8f088,,,,False,EUR,2026-08-29T17:03:03Z,1429959499,INV-0290,False,,Storage Locker,ec84c78a-c8d1-4953-8f26-c831cdf6a6c9,,,2026-08-26T17:03:03Z,0.0,,Storage Locker,,,,,,,PRD-001,Product Sales,,False,False,False,False,e04f71a2-c16f-4b29-ab48-6e5869c3476e,,1,,1,False,,,2026-08-17T22:00:00Z,30.0,,,0.0,[No Tax],0.0,Storage Locker,c867dd87-50bb-4c04-8d2c-429b54879269,30.0,[System],2026-08-26T17:03:03Z
1457734652,,,,,1657f767-e59a-49fc-a23b-effc1bee7fee,,,,False,EUR,2026-08-29T17:03:04Z,1429959501,INV-0292,False,,,,,,2026-08-26T17:03:04Z,0.0,,Private Office Large,,,,,,,MEM-001,Membership Revenue,,False,False,False,False,e04f71a2-c16f-4b29-ab48-6e5869c3476e,,0,,1,False,,,2026-01-04T23:00:00Z,2000.0,,Private Office Large,0.0,[No Tax],0.0,Private Office Large,64a50b2d-3f12-4d80-a726-3c65186c9469,2000.0,[System],2026-08-26T17:03:04Z
1457734653,,,,,98b2ac8f-475a-4038-8609-c3387d034106,,,,False,EUR,2026-08-29T17:03:04Z,1429959502,INV-0291,False,,,,,,2026-08-26T17:03:04Z,0.0,,Flex Weekly,,,,,,,MEM-001,Membership Revenue,,False,False,False,False,e04f71a2-c16f-4b29-ab48-6e5869c3476e,,0,,1,False,,,2025-06-07T22:00:00Z,50.0,,Flex Weekly,0.0,[No Tax],0.0,Flex Weekly,edbc8ad0-057c-4df0-8928-b5338c0b4b43,50.0,[System],2026-08-26T17:03:04Z
1457734654,,,,,98b2ac8f-475a-4038-8609-c3387d034106,,,,False,EUR,2026-08-29T17:03:04Z,1429959502,INV-0291,False,,Storage Locker,34d68efc-0891-49da-9211-84f8d7f1e1d9,,,2026-08-26T17:03:04Z,0.0,,Storage Locker,,,,,,,PRD-001,Product Sales,,False,False,False,False,e04f71a2-c16f-4b29-ab48-6e5869c3476e,,1,,1,False,,,2025-06-07T22:00:00Z,30.0,,,0.0,[No Tax],0.0,Storage Locker,47047f6f-d9bd-4497-a1e9-5f5425169d3e,30.0,[System],2026-08-26T17:03:04Z
1457734655,,,,,05d57e40-8523-4290-87a0-5c3f06ee7d2b,,,,False,EUR,2026-08-29T17:03:04Z,1429959503,INV-0293,False,,,,,,2026-08-26T17:03:04Z,0.0,,Dedicated Desk Monthly,,,,,,,MEM-001,Membership Revenue,,False,False,False,False,e04f71a2-c16f-4b29-ab48-6e5869c3476e,,0,,1,False,,,2025-09-24T22:00:00Z,329.93,,Dedicated Desk Monthly,0.0,[No Tax],0.0,Dedicated Desk Monthly,3b07b075-aa58-44fd-9a6e-d29e96b87d0d,329.93,[System],2026-08-26T17:03:04Z
1457734656,,,,,05d57e40-8523-4290-87a0-5c3f06ee7d2b,,,,False,EUR,2026-08-29T17:03:04Z,1429959503,INV-0293,False,,Storage Locker,c0f9ce73-548b-4e67-8bd5-7806456a5f46,,,2026-08-26T17:03:04Z,0.0,,Storage Locker,,,,,,,PRD-001,Product Sales,,False,False,False,False,e04f71a2-c16f-4b29-ab48-6e5869c3476e,,1,,1,False,,,2025-09-24T22:00:00Z,30.0,,,0.0,[No Tax],0.0,Storage Locker,7b3ddfb3-d375-4e40-9e15-c0fe00ee6ef6,30.0,[System],2026-08-26T17:03:04Z
1457734659,,,,,cf0b2aef-9c2c-4260-89ca-d0b3369287f7,,,,False,EUR,2026-08-29T17:03:05Z,1429959505,INV-0294,False,,,,,,2026-08-26T17:03:05Z,0.0,,Flex Weekly,,,,,,,MEM-001,Membership Revenue,,False,False,False,False,e04f71a2-c16f-4b29-ab48-6e5869c3476e,,0,,1,False,,,2025-09-25T22:00:00Z,50.0,,Flex Weekly,0.0,[No Tax],0.0,Flex Weekly,bcfd0939-0ec6-40a6-a2dc-e6ea873e8bc0,50.0,[System],2026-08-26T17:03:05Z
1457734660,,,,,cf0b2aef-9c2c-4260-89ca-d0b3369287f7,,,,False,EUR,2026-08-29T17:03:05Z,1429959505,INV-0294,False,,Storage Locker,09cf35fa-8e7a-45df-8dd7-ef1f0109718c,,,2026-08-26T17:03:05Z,0.0,,Storage Locker,,,,,,,PRD-001,Product Sales,,False,False,False,False,e04f71a2-c16f-4b29-ab48-6e5869c3476e,,1,,1,False,,,2025-09-25T22:00:00Z,30.0,,,0.0,[No Tax],0.0,Storage Locker,fa65108b-fc6f-470d-8b49-013225e9c61b,30.0,[System],2026-08-26T17:03:05Z
1457737427,,,,,2cadbe78-c732-4476-861a-9bc67be72c08,,,,False,EUR,2026-08-29T22:02:00Z,1429961531,INV-0299,False,,,,,,2026-08-26T22:02:00Z,0.0,,Flex Fortnightly,,,,,,,MEM-001,Membership Revenue,,False,False,False,False,e04f71a2-c16f-4b29-ab48-6e5869c3476e,,0,,1,False,,,2026-07-09T22:00:00Z,250.0,,Flex Fortnightly,0.0,[No Tax],0.0,Flex Fortnightly,ad4f6370-07b8-442a-b245-c4e82870aae6,250.0,[System],2026-08-26T22:02:00Z
1457737428,,,,,2cadbe78-c732-4476-861a-9bc67be72c08,,,,False,EUR,2026-08-29T22:02:00Z,1429961531,INV-0299,False,,Parking Space,55eaef43-f5a3-40cc-88ba-691f8cf60ec1,,,2026-08-26T22:02:00Z,0.0,,Parking Space,,,,,,,PRD-001,Product Sales,,False,False,False,False,e04f71a2-c16f-4b29-ab48-6e5869c3476e,,1,,1,False,,,2026-07-09T22:00:00Z,75.0,,,0.0,[No Tax],0.0,Parking Space,58a321b6-dba4-4da1-a1ad-7b3d5573fd4b,75.0,[System],2026-08-26T22:02:00Z
1457737429,,,,,7f0f1a8c-3ca8-4617-ba11-750067c207e1,,,,False,EUR,2026-08-29T22:02:00Z,1429961532,INV-0297,False,,,,,,2026-08-26T22:02:00Z,0.0,,Flex Weekly,,,,,,,MEM-001,Membership Revenue,,False,False,False,False,e04f71a2-c16f-4b29-ab48-6e5869c3476e,,0,,1,False,,,2026-08-20T22:00:00Z,50.0,,Flex Weekly,0.0,[No Tax],0.0,Flex Weekly,0e95c5e7-4c53-4d20-9ca6-76a08cc7791b,50.0,[System],2026-08-26T22:02:00Z
1457737430,,,,,7f0f1a8c-3ca8-4617-ba11-750067c207e1,,,,False,EUR,2026-08-29T22:02:00Z,1429961532,INV-0297,False,,Parking Space,7670f376-3527-4122-bba1-c1b0bbfb2804,,,2026-08-26T22:02:00Z,0.0,,Parking Space,,,,,,,PRD-001,Product Sales,,False,False,False,False,e04f71a2-c16f-4b29-ab48-6e5869c3476e,,1,,1,False,,,2026-08-20T22:00:00Z,75.0,,,0.0,[No Tax],0.0,Parking Space,2cfaa688-6241-40bb-ab80-a41a9ad21f70,75.0,[System],2026-08-26T22:02:00Z
1457737138,,,,,86e280a9-0c42-4769-9eb5-38309a5de047,,,,False,EUR,2026-08-29T22:01:45Z,1429961586,INV-0295,False,,,,,,2026-08-26T22:01:45Z,0.0,,Private Office Large,,,,,,,MEM-001,Membership Revenue,,False,False,False,False,e04f71a2-c16f-4b29-ab48-6e5869c3476e,,0,,1,False,,,2026-05-27T22:00:00Z,1883.84,,Private Office Large,0.0,[No Tax],0.0,Private Office Large,d78097d2-ff4d-46d9-a701-041b2e8bf81c,1883.84,[System],2026-08-26T22:01:45Z
1457737976,,,,,2b593c66-b701-450c-bd4b-6ac15d83abde,,,,False,EUR,2026-08-29T22:02:00Z,1429961609,INV-0298,False,,,,,,2026-08-26T22:02:00Z,0.0,,Flex Fortnightly,,,,,,,MEM-001,Membership Revenue,,False,False,False,False,e04f71a2-c16f-4b29-ab48-6e5869c3476e,,0,,1,False,,,2026-05-29T22:00:00Z,250.0,,Flex Fortnightly,0.0,[No Tax],0.0,Flex Fortnightly,1263279a-a589-4dcd-87a1-cd3b4107e7a4,250.0,[System],2026-08-26T22:02:00Z
1457737977,,,,,2b593c66-b701-450c-bd4b-6ac15d83abde,,,,False,EUR,2026-08-29T22:02:00Z,1429961609,INV-0298,False,,Storage Locker,128a9313-b0ef-41ff-916a-9dbb4a89a6bd,,,2026-08-26T22:02:00Z,0.0,,Storage Locker,,,,,,,PRD-001,Product Sales,,False,False,False,False,e04f71a2-c16f-4b29-ab48-6e5869c3476e,,1,,1,False,,,2026-05-29T22:00:00Z,30.0,,,0.0,[No Tax],0.0,Storage Locker,279ba146-7341-4d76-970c-3a73e35ae5bd,30.0,[System],2026-08-26T22:02:00Z
1457737978,,,,,0a9a0857-2e1e-483d-ba08-cae73a0bbc33,,,,False,EUR,2026-08-29T22:02:00Z,1429961610,INV-0296,False,,,,,,2026-08-26T22:02:00Z,0.0,,Flex Fortnightly,,,,,,,MEM-001,Membership Revenue,,False,False,False,False,e04f71a2-c16f-4b29-ab48-6e5869c3476e,,0,,1,False,,,2026-03-24T23:00:00Z,250.0,,Flex Fortnightly,0.0,[No Tax],0.0,Flex Fortnightly,4a22d09d-9f8b-4436-995f-430b3b10d4b4,250.0,[System],2026-08-26T22:02:00Z
1457737979,,,,,ccd407f4-d6ae-4205-b329-40995062b471,,,,False,EUR,2026-08-29T22:02:00Z,1429961611,INV-0300,False,,,,,,2026-08-26T22:02:00Z,0.0,,Flex Weekly,,,,,,,MEM-001,Membership Revenue,,False,False,False,False,e04f71a2-c16f-4b29-ab48-6e5869c3476e,,0,,1,False,,,2026-03-21T23:00:00Z,44.93,,Flex Weekly,0.0,[No Tax],0.0,Flex Weekly,224ab81e-c603-46c8-8b9f-552787306d8f,44.93,[System],2026-08-26T22:02:00Z
1457737980,,,,,ccd407f4-d6ae-4205-b329-40995062b471,,,,False,EUR,2026-08-29T22:02:00Z,1429961611,INV-0300,False,,Mail Handling,100e2f56-63ca-4bc4-a009-050f5251fa41,,,2026-08-26T22:02:00Z,0.0,,Mail Handling,,,,,,,PRD-001,Product Sales,,False,False,False,False,e04f71a2-c16f-4b29-ab48-6e5869c3476e,,1,,1,False,,,2026-03-21T23:00:00Z,20.0,,,0.0,[No Tax],0.0,Mail Handling,8cc16779-cfaa-46d4-8759-cf41e2471998,20.0,[System],2026-08-26T22:02:00Z
1457737996,,,,,88086567-17a0-4218-9b78-9c2e5dba4483,,,,False,EUR,2026-08-29T22:02:01Z,1429961624,INV-0301,False,,,,,,2026-08-26T22:02:01Z,0.0,,Hot Desk Monthly,,,,,,,MEM-001,Membership Revenue,,False,False,False,False,e04f71a2-c16f-4b29-ab48-6e5869c3476e,,0,,1,False,,,2026-06-27T22:00:00Z,134.94,,Hot Desk Monthly,0.0,[No Tax],0.0,Hot Desk Monthly,4fe91f06-b18f-45fb-ae36-98567baf0324,134.94,[System],2026-08-26T22:02:01Z
1457738004,,,,,c2034b47-1027-4fec-b92a-064d48bdd135,,,,False,EUR,2026-08-29T22:02:04Z,1429961631,INV-0304,False,,,,,,2026-08-26T22:02:04Z,0.0,,Private Office Large,,,,,,,MEM-001,Membership Revenue,,False,False,False,False,e04f71a2-c16f-4b29-ab48-6e5869c3476e,,0,,1,False,,,2026-02-05T23:00:00Z,2000.0,,Private Office Large,0.0,[No Tax],0.0,Private Office Large,e3f4a04d-d2ff-4e57-8eae-f427122ee097,2000.0,[System],2026-08-26T22:02:04Z
1457738011,,,,,1657f767-e59a-49fc-a23b-effc1bee7fee,,,,False,EUR,2026-08-29T22:02:06Z,1429961634,INV-0306,False,,,,,,2026-08-26T22:02:06Z,0.0,,Private Office Large,,,,,,,MEM-001,Membership Revenue,,False,False,False,False,e04f71a2-c16f-4b29-ab48-6e5869c3476e,,0,,1,False,,,2026-02-04T23:00:00Z,2000.0,,Private Office Large,0.0,[No Tax],0.0,Private Office Large,d37f9b14-aca0-4607-8bf1-358f3ddc467f,2000.0,[System],2026-08-26T22:02:06Z
1457738012,,,,,98b2ac8f-475a-4038-8609-c3387d034106,,,,False,EUR,2026-08-29T22:02:06Z,1429961635,INV-0307,False,,,,,,2026-08-26T22:02:06Z,0.0,,Flex Weekly,,,,,,,MEM-001,Membership Revenue,,False,False,False,False,e04f71a2-c16f-4b29-ab48-6e5869c3476e,,0,,1,False,,,2025-06-14T22:00:00Z,50.0,,Flex Weekly,0.0,[No Tax],0.0,Flex Weekly,8779e6ba-d402-44f8-8890-2b4148fcbc54,50.0,[System],2026-08-26T22:02:06Z
1457738013,,,,,98b2ac8f-475a-4038-8609-c3387d034106,,,,False,EUR,2026-08-29T22:02:06Z,1429961635,INV-0307,False,,Storage Locker,8049b911-0c91-4915-aef3-81411501693c,,,2026-08-26T22:02:06Z,0.0,,Storage Locker,,,,,,,PRD-001,Product Sales,,False,False,False,False,e04f71a2-c16f-4b29-ab48-6e5869c3476e,,1,,1,False,,,2025-06-14T22:00:00Z,30.0,,,0.0,[No Tax],0.0,Storage Locker,f90253cf-5696-4d2e-9588-77c4e779b3a2,30.0,[System],2026-08-26T22:02:06Z
1457738052,,,,,2ea47e1e-3154-4e0a-89fd-6878233ad8fa,,,,False,EUR,2026-08-29T22:02:02Z,1429962046,INV-0302,False,,,,,,2026-08-26T22:02:02Z,0.0,,Private Office Small,,,,,,,MEM-001,Membership Revenue,,False,False,False,False,e04f71a2-c16f-4b29-ab48-6e5869c3476e,,0,,1,False,,,2026-02-08T23:00:00Z,1200.0,,Private Office Small,0.0,[No Tax],0.0,Private Office Small,20b48e7e-5a85-4ef1-90c6-92d584608913,1200.0,[System],2026-08-26T22:02:02Z
1457738053,,,,,deb914d0-ec9e-45b0-8927-b1f8a20aa6bf,,,,False,EUR,2026-08-29T22:02:03Z,1429962047,INV-0303,False,,,,,,2026-08-26T22:02:03Z,0.0,,Flex Fortnightly,,,,,,,MEM-001,Membership Revenue,,False,False,False,False,e04f71a2-c16f-4b29-ab48-6e5869c3476e,,0,,1,False,,,2025-12-14T23:00:00Z,250.0,,Flex Fortnightly,0.0,[No Tax],0.0,Flex Fortnightly,5d583a21-3a96-4fd3-8e3e-113e9da61910,250.0,[System],2026-08-26T22:02:03Z
1457738054,,,,,deb914d0-ec9e-45b0-8927-b1f8a20aa6bf,,,,False,EUR,2026-08-29T22:02:03Z,1429962047,INV-0303,False,,Parking Space,453a330e-8080-4de9-85bb-eb4775a70116,,,2026-08-26T22:02:03Z,0.0,,Parking Space,,,,,,,PRD-001,Product Sales,,False,False,False,False,e04f71a2-c16f-4b29-ab48-6e5869c3476e,,1,,1,False,,,2025-12-14T23:00:00Z,75.0,,,0.0,[No Tax],0.0,Parking Space,16492eb0-e097-4972-bcda-f01285261ea4,75.0,[System],2026-08-26T22:02:03Z
1457738073,,,,,05d57e40-8523-4290-87a0-5c3f06ee7d2b,,,,False,EUR,2026-08-29T22:02:06Z,1429962052,INV-0305,False,,,,,,2026-08-26T22:02:06Z,0.0,,Dedicated Desk Monthly,,,,,,,MEM-001,Membership Revenue,,False,False,False,False,e04f71a2-c16f-4b29-ab48-6e5869c3476e,,0,,1,False,,,2025-10-24T22:00:00Z,329.93,,Dedicated Desk Monthly,0.0,[No Tax],0.0,Dedicated Desk Monthly,7523d148-96f8-4d14-b79e-7b6b45c2b5f1,329.93,[System],2026-08-26T22:02:06Z
1457738074,,,,,05d57e40-8523-4290-87a0-5c3f06ee7d2b,,,,False,EUR,2026-08-29T22:02:06Z,1429962052,INV-0305,False,,Storage Locker,d704f55f-fe4f-4e7c-8967-5abc2bb6f817,,,2026-08-26T22:02:06Z,0.0,,Storage Locker,,,,,,,PRD-001,Product Sales,,False,False,False,False,e04f71a2-c16f-4b29-ab48-6e5869c3476e,,1,,1,False,,,2025-10-24T22:00:00Z,30.0,,,0.0,[No Tax],0.0,Storage Locker,d2e167e8-7635-49cb-b66c-8e9c017c6c7d,30.0,[System],2026-08-26T22:02:06Z
1457738014,,,,,cf0b2aef-9c2c-4260-89ca-d0b3369287f7,,,,False,EUR,2026-08-29T22:02:56Z,1429962141,INV-0308,False,,,,,,2026-08-26T22:02:56Z,0.0,,Flex Weekly,,,,,,,MEM-001,Membership Revenue,,False,False,False,False,e04f71a2-c16f-4b29-ab48-6e5869c3476e,,0,,1,False,,,2025-10-02T22:00:00Z,50.0,,Flex Weekly,0.0,[No Tax],0.0,Flex Weekly,764a07f5-39b1-4e2b-8433-8e9b84145926,50.0,[System],2026-08-26T22:02:56Z
1457738015,,,,,cf0b2aef-9c2c-4260-89ca-d0b3369287f7,,,,False,EUR,2026-08-29T22:02:56Z,1429962141,INV-0308,False,,Storage Locker,610f5f4e-e375-4eb3-8e7b-f382453e10a7,,,2026-08-26T22:02:56Z,0.0,,Storage Locker,,,,,,,PRD-001,Product Sales,,False,False,False,False,e04f71a2-c16f-4b29-ab48-6e5869c3476e,,1,,1,False,,,2025-10-02T22:00:00Z,30.0,,,0.0,[No Tax],0.0,Storage Locker,799f30de-6988-4f92-b3fc-954283f51a14,30.0,[System],2026-08-26T22:02:56Z
1457740111,,,,,ccd407f4-d6ae-4205-b329-40995062b471,,,,False,EUR,2026-08-30T04:02:05Z,1429962795,INV-0310,False,,,,,,2026-08-27T04:02:05Z,0.0,,Flex Weekly,,,,,,,MEM-001,Membership Revenue,,False,False,False,False,e04f71a2-c16f-4b29-ab48-6e5869c3476e,,0,,1,False,,,2026-03-28T23:00:00Z,44.93,,Flex Weekly,0.0,[No Tax],0.0,Flex Weekly,52d8276f-b7a9-4660-93a3-a25fc2bfe08d,44.93,[System],2026-08-27T04:02:05Z
1457740112,,,,,ccd407f4-d6ae-4205-b329-40995062b471,,,,False,EUR,2026-08-30T04:02:05Z,1429962795,INV-0310,False,,Mail Handling,1b09098b-1722-4203-a9d6-3f38aeb0eb12,,,2026-08-27T04:02:05Z,0.0,,Mail Handling,,,,,,,PRD-001,Product Sales,,False,False,False,False,e04f71a2-c16f-4b29-ab48-6e5869c3476e,,1,,1,False,,,2026-03-28T23:00:00Z,20.0,,,0.0,[No Tax],0.0,Mail Handling,ff84bd16-4974-4f85-b81e-58b41f38f36d,20.0,[System],2026-08-27T04:02:05Z
1457740216,,,,,7f0f1a8c-3ca8-4617-ba11-750067c207e1,,,,False,EUR,2026-08-30T04:02:03Z,1429962967,INV-0309,False,,,,,,2026-08-27T04:02:03Z,0.0,,Flex Weekly,,,,,,,MEM-001,Membership Revenue,,False,False,False,False,e04f71a2-c16f-4b29-ab48-6e5869c3476e,,0,,1,False,,,2026-08-27T22:00:00Z,50.0,,Flex Weekly,0.0,[No Tax],0.0,Flex Weekly,cbb6df4a-fb38-4681-9772-3c9ac085de93,50.0,[System],2026-08-27T04:02:03Z
1457740217,,,,,7f0f1a8c-3ca8-4617-ba11-750067c207e1,,,,False,EUR,2026-08-30T04:02:03Z,1429962967,INV-0309,False,,Parking Space,2ef124a7-a4e4-4d59-a97f-c7620f5ac7f6,,,2026-08-27T04:02:03Z,0.0,,Parking Space,,,,,,,PRD-001,Product Sales,,False,False,False,False,e04f71a2-c16f-4b29-ab48-6e5869c3476e,,1,,1,False,,,2026-08-27T22:00:00Z,75.0,,,0.0,[No Tax],0.0,Parking Space,24bdf120-afe5-4c7d-9e57-9a483b92fc6f,75.0,[System],2026-08-27T04:02:03Z
1457740247,,,,,2b593c66-b701-450c-bd4b-6ac15d83abde,,,,False,EUR,2026-08-30T04:02:09Z,1429962993,INV-0311,False,,,,,,2026-08-27T04:02:09Z,0.0,,Flex Fortnightly,,,,,,,MEM-001,Membership Revenue,,False,False,False,False,e04f71a2-c16f-4b29-ab48-6e5869c3476e,,0,,1,False,,,2026-06-12T22:00:00Z,250.0,,Flex Fortnightly,0.0,[No Tax],0.0,Flex Fortnightly,ec6c930e-0518-4b99-b865-f5b640ad0c39,250.0,[System],2026-08-27T04:02:09Z
1457740248,,,,,2b593c66-b701-450c-bd4b-6ac15d83abde,,,,False,EUR,2026-08-30T04:02:09Z,1429962993,INV-0311,False,,Storage Locker,63a0b673-dddf-440f-9991-5994fa7f4248,,,2026-08-27T04:02:09Z,0.0,,Storage Locker,,,,,,,PRD-001,Product Sales,,False,False,False,False,e04f71a2-c16f-4b29-ab48-6e5869c3476e,,1,,1,False,,,2026-06-12T22:00:00Z,30.0,,,0.0,[No Tax],0.0,Storage Locker,02a1b30c-1826-46db-ab17-2e4dbb284c5e,30.0,[System],2026-08-27T04:02:09Z
1457740267,,,,,86e280a9-0c42-4769-9eb5-38309a5de047,,,,False,EUR,2026-08-30T04:02:27Z,1429963011,INV-0312,False,,,,,,2026-08-27T04:02:27Z,0.0,,Private Office Large,,,,,,,MEM-001,Membership Revenue,,False,False,False,False,e04f71a2-c16f-4b29-ab48-6e5869c3476e,,0,,1,False,,,2026-06-27T22:00:00Z,1883.84,,Private Office Large,0.0,[No Tax],0.0,Private Office Large,b5634289-1828-4569-88e3-bfb3cb81f571,1883.84,[System],2026-08-27T04:02:27Z
1457740783,,,,,0a9a0857-2e1e-483d-ba08-cae73a0bbc33,,,,False,EUR,2026-08-30T04:02:33Z,1429963020,INV-0313,False,,,,,,2026-08-27T04:02:33Z,0.0,,Flex Fortnightly,,,,,,,MEM-001,Membership Revenue,,False,False,False,False,e04f71a2-c16f-4b29-ab48-6e5869c3476e,,0,,1,False,,,2026-04-07T22:00:00Z,250.0,,Flex Fortnightly,0.0,[No Tax],0.0,Flex Fortnightly,e3d10404-dc3b-4b50-9cbd-bcf03ff3c65c,250.0,[System],2026-08-27T04:02:33Z
1457740823,,,,,88086567-17a0-4218-9b78-9c2e5dba4483,,,,False,EUR,2026-08-30T04:03:06Z,1429963047,INV-0314,False,,,,,,2026-08-27T04:03:06Z,0.0,,Hot Desk Monthly,,,,,,,MEM-001,Membership Revenue,,False,False,False,False,e04f71a2-c16f-4b29-ab48-6e5869c3476e,,0,,1,False,,,2026-07-27T22:00:00Z,134.94,,Hot Desk Monthly,0.0,[No Tax],0.0,Hot Desk Monthly,03e68046-e4d4-4177-bb5a-d83c56a8109e,134.94,[System],2026-08-27T04:03:06Z
1457740825,,,,,2cadbe78-c732-4476-861a-9bc67be72c08,,,,False,EUR,2026-08-30T04:03:08Z,1429963049,INV-0315,False,,,,,,2026-08-27T04:03:08Z,0.0,,Flex Fortnightly,,,,,,,MEM-001,Membership Revenue,,False,False,False,False,e04f71a2-c16f-4b29-ab48-6e5869c3476e,,0,,1,False,,,2026-07-23T22:00:00Z,250.0,,Flex Fortnightly,0.0,[No Tax],0.0,Flex Fortnightly,656f2613-5742-4b7a-8b7c-b52b7df45a16,250.0,[System],2026-08-27T04:03:08Z
1457740826,,,,,2cadbe78-c732-4476-861a-9bc67be72c08,,,,False,EUR,2026-08-30T04:03:08Z,1429963049,INV-0315,False,,Parking Space,04607dca-2bd7-49c0-a154-c6c4e4645ace,,,2026-08-27T04:03:08Z,0.0,,Parking Space,,,,,,,PRD-001,Product Sales,,False,False,False,False,e04f71a2-c16f-4b29-ab48-6e5869c3476e,,1,,1,False,,,2026-07-23T22:00:00Z,75.0,,,0.0,[No Tax],0.0,Parking Space,ef082d83-4a9a-4836-af7d-469c0479faed,75.0,[System],2026-08-27T04:03:08Z
1457741196,,,,,2ea47e1e-3154-4e0a-89fd-6878233ad8fa,,,,False,EUR,2026-08-30T04:04:32Z,1429963636,INV-0318,False,,,,,,2026-08-27T04:04:32Z,0.0,,Private Office Small,,,,,,,MEM-001,Membership Revenue,,False,False,False,False,e04f71a2-c16f-4b29-ab48-6e5869c3476e,,0,,1,False,,,2026-03-08T23:00:00Z,1200.0,,Private Office Small,0.0,[No Tax],0.0,Private Office Small,9c3b20f8-b404-497a-861d-d5734435ed8b,1200.0,[System],2026-08-27T04:04:32Z
1457741197,,,,,c2034b47-1027-4fec-b92a-064d48bdd135,,,,False,EUR,2026-08-30T04:04:32Z,1429963637,INV-0317,False,,,,,,2026-08-27T04:04:32Z,0.0,,Private Office Large,,,,,,,MEM-001,Membership Revenue,,False,False,False,False,e04f71a2-c16f-4b29-ab48-6e5869c3476e,,0,,1,False,,,2026-03-05T23:00:00Z,2000.0,,Private Office Large,0.0,[No Tax],0.0,Private Office Large,13e5f7a7-2d6b-4e10-ae24-891b059791d7,2000.0,[System],2026-08-27T04:04:32Z
1457741156,,,,,deb914d0-ec9e-45b0-8927-b1f8a20aa6bf,,,,False,EUR,2026-08-30T04:04:30Z,1429963722,INV-0316,False,,,,,,2026-08-27T04:04:30Z,0.0,,Flex Fortnightly,,,,,,,MEM-001,Membership Revenue,,False,False,False,False,e04f71a2-c16f-4b29-ab48-6e5869c3476e,,0,,1,False,,,2025-12-28T23:00:00Z,250.0,,Flex Fortnightly,0.0,[No Tax],0.0,Flex Fortnightly,558b0685-c0fd-4c5e-af27-d0682f5041c9,250.0,[System],2026-08-27T04:04:30Z
1457741157,,,,,deb914d0-ec9e-45b0-8927-b1f8a20aa6bf,,,,False,EUR,2026-08-30T04:04:30Z,1429963722,INV-0316,False,,Parking Space,a93c4072-1db2-4bd7-9e5e-843762ac7275,,,2026-08-27T04:04:30Z,0.0,,Parking Space,,,,,,,PRD-001,Product Sales,,False,False,False,False,e04f71a2-c16f-4b29-ab48-6e5869c3476e,,1,,1,False,,,2025-12-28T23:00:00Z,75.0,,,0.0,[No Tax],0.0,Parking Space,a9bc933d-3cd6-4a2d-a25e-d2ff89a3ff17,75.0,[System],2026-08-27T04:04:30Z
1457741307,,,,,98b2ac8f-475a-4038-8609-c3387d034106,,,,False,EUR,2026-08-30T04:05:03Z,1429963750,INV-0320,False,,,,,,2026-08-27T04:05:03Z,0.0,,Flex Weekly,,,,,,,MEM-001,Membership Revenue,,False,False,False,False,e04f71a2-c16f-4b29-ab48-6e5869c3476e,,0,,1,False,,,2025-06-21T22:00:00Z,50.0,,Flex Weekly,0.0,[No Tax],0.0,Flex Weekly,a5e5993e-f9d6-4122-abde-594774e6b8c6,50.0,[System],2026-08-27T04:05:03Z
1457741308,,,,,98b2ac8f-475a-4038-8609-c3387d034106,,,,False,EUR,2026-08-30T04:05:03Z,1429963750,INV-0320,False,,Storage Locker,2ba3f1b8-c293-429c-90f4-8314d0313796,,,2026-08-27T04:05:03Z,0.0,,Storage Locker,,,,,,,PRD-001,Product Sales,,False,False,False,False,e04f71a2-c16f-4b29-ab48-6e5869c3476e,,1,,1,False,,,2025-06-21T22:00:00Z,30.0,,,0.0,[No Tax],0.0,Storage Locker,9fe5ecf4-7f5a-4011-b760-6576cc52145a,30.0,[System],2026-08-27T04:05:03Z
1457741309,,,,,1657f767-e59a-49fc-a23b-effc1bee7fee,,,,False,EUR,2026-08-30T04:05:05Z,1429963751,INV-0321,False,,,,,,2026-08-27T04:05:05Z,0.0,,Private Office Large,,,,,,,MEM-001,Membership Revenue,,False,False,False,False,e04f71a2-c16f-4b29-ab48-6e5869c3476e,,0,,1,False,,,2026-03-04T23:00:00Z,2000.0,,Private Office Large,0.0,[No Tax],0.0,Private Office Large,a06bda59-5c59-41ae-b6b4-69734b048abd,2000.0,[System],2026-08-27T04:05:05Z
1457741322,,,,,cf0b2aef-9c2c-4260-89ca-d0b3369287f7,,,,False,EUR,2026-08-30T04:05:06Z,1429963753,INV-0322,False,,,,,,2026-08-27T04:05:06Z,0.0,,Flex Weekly,,,,,,,MEM-001,Membership Revenue,,False,False,False,False,e04f71a2-c16f-4b29-ab48-6e5869c3476e,,0,,1,False,,,2025-10-09T22:00:00Z,50.0,,Flex Weekly,0.0,[No Tax],0.0,Flex Weekly,36732e36-01cc-44cd-991a-509d432e19e3,50.0,[System],2026-08-27T04:05:06Z
1457741323,,,,,cf0b2aef-9c2c-4260-89ca-d0b3369287f7,,,,False,EUR,2026-08-30T04:05:06Z,1429963753,INV-0322,False,,Storage Locker,7249d194-e0e6-41e0-a5c3-88c7d1483836,,,2026-08-27T04:05:06Z,0.0,,Storage Locker,,,,,,,PRD-001,Product Sales,,False,False,False,False,e04f71a2-c16f-4b29-ab48-6e5869c3476e,,1,,1,False,,,2025-10-09T22:00:00Z,30.0,,,0.0,[No Tax],0.0,Storage Locker,97584efe-c88f-408e-9027-f90abb43b444,30.0,[System],2026-08-27T04:05:06Z
1457741270,,,,,05d57e40-8523-4290-87a0-5c3f06ee7d2b,,,,False,EUR,2026-08-30T04:05:02Z,1429963865,INV-0319,False,,,,,,2026-08-27T04:05:02Z,0.0,,Dedicated Desk Monthly,,,,,,,MEM-001,Membership Revenue,,False,False,False,False,e04f71a2-c16f-4b29-ab48-6e5869c3476e,,0,,1,False,,,2025-11-24T23:00:00Z,329.93,,Dedicated Desk Monthly,0.0,[No Tax],0.0,Dedicated Desk Monthly,8516fb4a-b57a-498d-b43e-0d52070c1ae9,329.93,[System],2026-08-27T04:05:02Z
1457741271,,,,,05d57e40-8523-4290-87a0-5c3f06ee7d2b,,,,False,EUR,2026-08-30T04:05:02Z,1429963865,INV-0319,False,,Storage Locker,9f9b68d2-4b99-40a9-beb4-cee3fcf76c87,,,2026-08-27T04:05:02Z,0.0,,Storage Locker,,,,,,,PRD-001,Product Sales,,False,False,False,False,e04f71a2-c16f-4b29-ab48-6e5869c3476e,,1,,1,False,,,2025-11-24T23:00:00Z,30.0,,,0.0,[No Tax],0.0,Storage Locker,09144e0f-0ac9-4311-8037-fe80671f4312,30.0,[System],2026-08-27T04:05:02Z
1457749288,,,,,0a9a0857-2e1e-483d-ba08-cae73a0bbc33,,,,False,EUR,2026-08-30T10:03:05Z,1429964955,INV-0323,False,,,,,,2026-08-27T10:03:05Z,0.0,,Flex Fortnightly,,,,,,,MEM-001,Membership Revenue,,False,False,False,False,e04f71a2-c16f-4b29-ab48-6e5869c3476e,,0,,1,False,,,2026-04-21T22:00:00Z,250.0,,Flex Fortnightly,0.0,[No Tax],0.0,Flex Fortnightly,df8a423a-a3f3-4077-804f-10a4319feddb,250.0,[System],2026-08-27T10:03:05Z
1457749289,,,,,86e280a9-0c42-4769-9eb5-38309a5de047,,,,False,EUR,2026-08-30T10:03:05Z,1429964956,INV-0325,False,,,,,,2026-08-27T10:03:05Z,0.0,,Private Office Large,,,,,,,MEM-001,Membership Revenue,,False,False,False,False,e04f71a2-c16f-4b29-ab48-6e5869c3476e,,0,,1,False,,,2026-07-27T22:00:00Z,1883.84,,Private Office Large,0.0,[No Tax],0.0,Private Office Large,8812f832-a61d-40eb-b1fa-8217397dfca3,1883.84,[System],2026-08-27T10:03:05Z
1457749291,,,,,2b593c66-b701-450c-bd4b-6ac15d83abde,,,,False,EUR,2026-08-30T10:03:05Z,1429964958,INV-0326,False,,,,,,2026-08-27T10:03:05Z,0.0,,Flex Fortnightly,,,,,,,MEM-001,Membership Revenue,,False,False,False,False,e04f71a2-c16f-4b29-ab48-6e5869c3476e,,0,,1,False,,,2026-06-26T22:00:00Z,250.0,,Flex Fortnightly,0.0,[No Tax],0.0,Flex Fortnightly,d047cd47-a9f0-4760-82e3-0012de40b3fc,250.0,[System],2026-08-27T10:03:05Z
1457749292,,,,,2b593c66-b701-450c-bd4b-6ac15d83abde,,,,False,EUR,2026-08-30T10:03:05Z,1429964958,INV-0326,False,,Storage Locker,f4219637-d8a6-4047-bacd-90a50544c560,,,2026-08-27T10:03:05Z,0.0,,Storage Locker,,,,,,,PRD-001,Product Sales,,False,False,False,False,e04f71a2-c16f-4b29-ab48-6e5869c3476e,,1,,1,False,,,2026-06-26T22:00:00Z,30.0,,,0.0,[No Tax],0.0,Storage Locker,26cdd00d-3a33-4f7a-8cc9-4f07a408cb75,30.0,[System],2026-08-27T10:03:05Z
1457749301,,,,,88086567-17a0-4218-9b78-9c2e5dba4483,,,,False,EUR,2026-08-30T10:03:06Z,1429964963,INV-0327,False,,,,,,2026-08-27T10:03:06Z,0.0,,Hot Desk Monthly,,,,,,,MEM-001,Membership Revenue,,False,False,False,False,e04f71a2-c16f-4b29-ab48-6e5869c3476e,,0,,1,False,,,2026-08-27T22:00:00Z,134.94,,Hot Desk Monthly,0.0,[No Tax],0.0,Hot Desk Monthly,cab94271-23ed-4919-aa6b-ccc929acbad2,134.94,[System],2026-08-27T10:03:06Z
1457749303,,,,,2cadbe78-c732-4476-861a-9bc67be72c08,,,,False,EUR,2026-08-30T10:03:06Z,1429964965,INV-0328,False,,,,,,2026-08-27T10:03:06Z,0.0,,Flex Fortnightly,,,,,,,MEM-001,Membership Revenue,,False,False,False,False,e04f71a2-c16f-4b29-ab48-6e5869c3476e,,0,,1,False,,,2026-08-06T22:00:00Z,250.0,,Flex Fortnightly,0.0,[No Tax],0.0,Flex Fortnightly,88d618c4-7c3a-4a69-84d4-ead7629884c0,250.0,[System],2026-08-27T10:03:06Z
1457749304,,,,,2cadbe78-c732-4476-861a-9bc67be72c08,,,,False,EUR,2026-08-30T10:03:06Z,1429964965,INV-0328,False,,Parking Space,ff9a5bdf-1e3e-42e4-bb3e-4992c8821a8f,,,2026-08-27T10:03:06Z,0.0,,Parking Space,,,,,,,PRD-001,Product Sales,,False,False,False,False,e04f71a2-c16f-4b29-ab48-6e5869c3476e,,1,,1,False,,,2026-08-06T22:00:00Z,75.0,,,0.0,[No Tax],0.0,Parking Space,abb9006e-a79b-4bcc-a800-630d2519d854,75.0,[System],2026-08-27T10:03:06Z
1457749305,,,,,2ea47e1e-3154-4e0a-89fd-6878233ad8fa,,,,False,EUR,2026-08-30T10:03:06Z,1429964966,INV-0329,False,,,,,,2026-08-27T10:03:06Z,0.0,,Private Office Small,,,,,,,MEM-001,Membership Revenue,,False,False,False,False,e04f71a2-c16f-4b29-ab48-6e5869c3476e,,0,,1,False,,,2026-04-08T22:00:00Z,1200.0,,Private Office Small,0.0,[No Tax],0.0,Private Office Small,842c7bdd-6cff-429e-acee-694f49f6304b,1200.0,[System],2026-08-27T10:03:06Z
1457747388,,,,,ccd407f4-d6ae-4205-b329-40995062b471,,,,False,EUR,2026-08-30T10:03:05Z,1429966892,INV-0324,False,,,,,,2026-08-27T10:03:05Z,0.0,,Flex Weekly,,,,,,,MEM-001,Membership Revenue,,False,False,False,False,e04f71a2-c16f-4b29-ab48-6e5869c3476e,,0,,1,False,,,2026-04-04T22:00:00Z,44.93,,Flex Weekly,0.0,[No Tax],0.0,Flex Weekly,53294eac-630f-4bba-9415-04f852d1c660,44.93,[System],2026-08-27T10:03:05Z
1457747389,,,,,ccd407f4-d6ae-4205-b329-40995062b471,,,,False,EUR,2026-08-30T10:03:05Z,1429966892,INV-0324,False,,Mail Handling,6b66da8b-0113-43fd-be83-40a819decec3,,,2026-08-27T10:03:05Z,0.0,,Mail Handling,,,,,,,PRD-001,Product Sales,,False,False,False,False,e04f71a2-c16f-4b29-ab48-6e5869c3476e,,1,,1,False,,,2026-04-04T22:00:00Z,20.0,,,0.0,[No Tax],0.0,Mail Handling,cbf42c09-4713-4b82-ae3c-8a2f840d5905,20.0,[System],2026-08-27T10:03:05Z
1457747390,,,,,c2034b47-1027-4fec-b92a-064d48bdd135,,,,False,EUR,2026-08-30T10:03:06Z,1429966893,INV-0330,False,,,,,,2026-08-27T10:03:06Z,0.0,,Private Office Large,,,,,,,MEM-001,Membership Revenue,,False,False,False,False,e04f71a2-c16f-4b29-ab48-6e5869c3476e,,0,,1,False,,,2026-04-05T22:00:00Z,2000.0,,Private Office Large,0.0,[No Tax],0.0,Private Office Large,6dd38273-08d2-42b4-a558-cfc831e885a3,2000.0,[System],2026-08-27T10:03:06Z
1457747396,,,,,05d57e40-8523-4290-87a0-5c3f06ee7d2b,,,,False,EUR,2026-08-30T10:03:08Z,1429966896,INV-0332,False,,,,,,2026-08-27T10:03:08Z,0.0,,Dedicated Desk Monthly,,,,,,,MEM-001,Membership Revenue,,False,False,False,False,e04f71a2-c16f-4b29-ab48-6e5869c3476e,,0,,1,False,,,2025-12-24T23:00:00Z,329.93,,Dedicated Desk Monthly,0.0,[No Tax],0.0,Dedicated Desk Monthly,98bb7651-3a7e-4c30-b294-0672a45cbecf,329.93,[System],2026-08-27T10:03:08Z
1457747397,,,,,05d57e40-8523-4290-87a0-5c3f06ee7d2b,,,,False,EUR,2026-08-30T10:03:08Z,1429966896,INV-0332,False,,Storage Locker,ec7d3b79-9a46-44d5-b392-b7af85f6c75a,,,2026-08-27T10:03:08Z,0.0,,Storage Locker,,,,,,,PRD-001,Product Sales,,False,False,False,False,e04f71a2-c16f-4b29-ab48-6e5869c3476e,,1,,1,False,,,2025-12-24T23:00:00Z,30.0,,,0.0,[No Tax],0.0,Storage Locker,4fa6436f-546a-4fa0-a68b-865cf0d8f00c,30.0,[System],2026-08-27T10:03:08Z
1457749314,,,,,deb914d0-ec9e-45b0-8927-b1f8a20aa6bf,,,,False,EUR,2026-08-30T10:03:07Z,1429966992,INV-0331,False,,,,,,2026-08-27T10:03:07Z,0.0,,Flex Fortnightly,,,,,,,MEM-001,Membership Revenue,,False,False,False,False,e04f71a2-c16f-4b29-ab48-6e5869c3476e,,0,,1,False,,,2026-01-11T23:00:00Z,250.0,,Flex Fortnightly,0.0,[No Tax],0.0,Flex Fortnightly,76958519-2c3a-41e1-83f4-73cb7f8f5ede,250.0,[System],2026-08-27T10:03:07Z
1457749315,,,,,deb914d0-ec9e-45b0-8927-b1f8a20aa6bf,,,,False,EUR,2026-08-30T10:03:07Z,1429966992,INV-0331,False,,Parking Space,b28a9666-3fdb-46d8-bb8c-70bceed83365,,,2026-08-27T10:03:07Z,0.0,,Parking Space,,,,,,,PRD-001,Product Sales,,False,False,False,False,e04f71a2-c16f-4b29-ab48-6e5869c3476e,,1,,1,False,,,2026-01-11T23:00:00Z,75.0,,,0.0,[No Tax],0.0,Parking Space,51e31c5c-9088-4e93-b40b-2ddc7119a890,75.0,[System],2026-08-27T10:03:07Z
1457749316,,,,,1657f767-e59a-49fc-a23b-effc1bee7fee,,,,False,EUR,2026-08-30T10:03:08Z,1429966993,INV-0333,False,,,,,,2026-08-27T10:03:08Z,0.0,,Private Office Large,,,,,,,MEM-001,Membership Revenue,,False,False,False,False,e04f71a2-c16f-4b29-ab48-6e5869c3476e,,0,,1,False,,,2026-04-04T22:00:00Z,2000.0,,Private Office Large,0.0,[No Tax],0.0,Private Office Large,c63bd9aa-9ecc-4d9f-b358-92baf8e052d8,2000.0,[System],2026-08-27T10:03:08Z
1457749317,,,,,98b2ac8f-475a-4038-8609-c3387d034106,,,,False,EUR,2026-08-30T10:03:09Z,1429966994,INV-0334,False,,,,,,2026-08-27T10:03:09Z,0.0,,Flex Weekly,,,,,,,MEM-001,Membership Revenue,,False,False,False,False,e04f71a2-c16f-4b29-ab48-6e5869c3476e,,0,,1,False,,,2025-06-28T22:00:00Z,50.0,,Flex Weekly,0.0,[No Tax],0.0,Flex Weekly,c37ff278-cf64-43e4-baaf-0926fa0504d1,50.0,[System],2026-08-27T10:03:09Z
1457749318,,,,,98b2ac8f-475a-4038-8609-c3387d034106,,,,False,EUR,2026-08-30T10:03:09Z,1429966994,INV-0334,False,,Storage Locker,b3e349b2-d9ac-47fb-8b23-3eb2d4f42727,,,2026-08-27T10:03:09Z,0.0,,Storage Locker,,,,,,,PRD-001,Product Sales,,False,False,False,False,e04f71a2-c16f-4b29-ab48-6e5869c3476e,,1,,1,False,,,2025-06-28T22:00:00Z,30.0,,,0.0,[No Tax],0.0,Storage Locker,7b79fd01-6ec0-40f2-98af-ef8fb802aea8,30.0,[System],2026-08-27T10:03:09Z
1457749319,,,,,cf0b2aef-9c2c-4260-89ca-d0b3369287f7,,,,False,EUR,2026-08-30T10:03:09Z,1429966995,INV-0335,False,,,,,,2026-08-27T10:03:09Z,0.0,,Flex Weekly,,,,,,,MEM-001,Membership Revenue,,False,False,False,False,e04f71a2-c16f-4b29-ab48-6e5869c3476e,,0,,1,False,,,2025-10-16T22:00:00Z,50.0,,Flex Weekly,0.0,[No Tax],0.0,Flex Weekly,5e601322-ac7a-47fa-a00b-ab8137c13749,50.0,[System],2026-08-27T10:03:09Z
1457749320,,,,,cf0b2aef-9c2c-4260-89ca-d0b3369287f7,,,,False,EUR,2026-08-30T10:03:09Z,1429966995,INV-0335,False,,Storage Locker,86d8d1a7-da54-4981-b334-9b016636e705,,,2026-08-27T10:03:09Z,0.0,,Storage Locker,,,,,,,PRD-001,Product Sales,,False,False,False,False,e04f71a2-c16f-4b29-ab48-6e5869c3476e,,1,,1,False,,,2025-10-16T22:00:00Z,30.0,,,0.0,[No Tax],0.0,Storage Locker,758d8de2-adf5-41c8-9ed2-56f58947ac7d,30.0,[System],2026-08-27T10:03:09Z
1457757416,,,,,ccd407f4-d6ae-4205-b329-40995062b471,,,,False,EUR,2026-08-30T16:02:37Z,1429968704,INV-0337,False,,,,,,2026-08-27T16:02:37Z,0.0,,Flex Weekly,,,,,,,MEM-001,Membership Revenue,,False,False,False,False,e04f71a2-c16f-4b29-ab48-6e5869c3476e,,0,,1,False,,,2026-04-11T22:00:00Z,44.93,,Flex Weekly,0.0,[No Tax],0.0,Flex Weekly,a2597ec9-674b-4c2b-906d-4a8be2084a40,44.93,[System],2026-08-27T16:02:37Z
1457757417,,,,,ccd407f4-d6ae-4205-b329-40995062b471,,,,False,EUR,2026-08-30T16:02:37Z,1429968704,INV-0337,False,,Mail Handling,8e70dbed-fecd-4af1-b079-c59bd4d2cf1f,,,2026-08-27T16:02:37Z,0.0,,Mail Handling,,,,,,,PRD-001,Product Sales,,False,False,False,False,e04f71a2-c16f-4b29-ab48-6e5869c3476e,,1,,1,False,,,2026-04-11T22:00:00Z,20.0,,,0.0,[No Tax],0.0,Mail Handling,a57429e6-06d2-4bdf-bac4-3fcbd2a74367,20.0,[System],2026-08-27T16:02:37Z
1457758464,,,,,0a9a0857-2e1e-483d-ba08-cae73a0bbc33,,,,False,EUR,2026-08-30T16:02:36Z,1429969601,INV-0336,False,,,,,,2026-08-27T16:02:36Z,0.0,,Flex Fortnightly,,,,,,,MEM-001,Membership Revenue,,False,False,False,False,e04f71a2-c16f-4b29-ab48-6e5869c3476e,,0,,1,False,,,2026-05-05T22:00:00Z,250.0,,Flex Fortnightly,0.0,[No Tax],0.0,Flex Fortnightly,03766523-7822-4bd3-b4f3-f9856fb22f32,250.0,[System],2026-08-27T16:02:36Z
1457758471,,,,,c2034b47-1027-4fec-b92a-064d48bdd135,,,,False,EUR,2026-08-30T16:02:39Z,1429969608,INV-0342,False,,,,,,2026-08-27T16:02:39Z,0.0,,Private Office Large,,,,,,,MEM-001,Membership Revenue,,False,False,False,False,e04f71a2-c16f-4b29-ab48-6e5869c3476e,,0,,1,False,,,2026-05-05T22:00:00Z,2000.0,,Private Office Large,0.0,[No Tax],0.0,Private Office Large,88b1071a-d295-496c-802b-02d73c9e420e,2000.0,[System],2026-08-27T16:02:39Z
1457758472,,,,,2ea47e1e-3154-4e0a-89fd-6878233ad8fa,,,,False,EUR,2026-08-30T16:02:39Z,1429969609,INV-0343,False,,,,,,2026-08-27T16:02:39Z,0.0,,Private Office Small,,,,,,,MEM-001,Membership Revenue,,False,False,False,False,e04f71a2-c16f-4b29-ab48-6e5869c3476e,,0,,1,False,,,2026-05-08T22:00:00Z,1200.0,,Private Office Small,0.0,[No Tax],0.0,Private Office Small,d2d83868-400b-45bd-9e05-681a823ef514,1200.0,[System],2026-08-27T16:02:39Z
1457758475,,,,,1657f767-e59a-49fc-a23b-effc1bee7fee,,,,False,EUR,2026-08-30T16:02:40Z,1429969612,INV-0344,False,,,,,,2026-08-27T16:02:40Z,0.0,,Private Office Large,,,,,,,MEM-001,Membership Revenue,,False,False,False,False,e04f71a2-c16f-4b29-ab48-6e5869c3476e,,0,,1,False,,,2026-05-04T22:00:00Z,2000.0,,Private Office Large,0.0,[No Tax],0.0,Private Office Large,9048c46a-bde4-4d9e-9e8a-79237003e2df,2000.0,[System],2026-08-27T16:02:40Z
1457757419,,,,,2b593c66-b701-450c-bd4b-6ac15d83abde,,,,False,EUR,2026-08-30T16:02:38Z,1429970524,INV-0338,False,,,,,,2026-08-27T16:02:38Z,0.0,,Flex Fortnightly,,,,,,,MEM-001,Membership Revenue,,False,False,False,False,e04f71a2-c16f-4b29-ab48-6e5869c3476e,,0,,1,False,,,2026-07-10T22:00:00Z,250.0,,Flex Fortnightly,0.0,[No Tax],0.0,Flex Fortnightly,9527e3bf-7afc-4a0e-bde9-0f13a3501538,250.0,[System],2026-08-27T16:02:38Z
1457757420,,,,,2b593c66-b701-450c-bd4b-6ac15d83abde,,,,False,EUR,2026-08-30T16:02:38Z,1429970524,INV-0338,False,,Storage Locker,d948698a-cefe-4b2d-860f-9a58a16adb92,,,2026-08-27T16:02:38Z,0.0,,Storage Locker,,,,,,,PRD-001,Product Sales,,False,False,False,False,e04f71a2-c16f-4b29-ab48-6e5869c3476e,,1,,1,False,,,2026-07-10T22:00:00Z,30.0,,,0.0,[No Tax],0.0,Storage Locker,1da53abb-e517-412c-b1ac-a80ae71e6d4d,30.0,[System],2026-08-27T16:02:38Z
1457757423,,,,,86e280a9-0c42-4769-9eb5-38309a5de047,,,,False,EUR,2026-08-30T16:02:38Z,1429970526,INV-0339,False,,,,,,2026-08-27T16:02:38Z,0.0,,Private Office Large,,,,,,,MEM-001,Membership Revenue,,False,False,False,False,e04f71a2-c16f-4b29-ab48-6e5869c3476e,,0,,1,False,,,2026-08-27T22:00:00Z,1883.84,,Private Office Large,0.0,[No Tax],0.0,Private Office Large,24940a35-c6ad-4924-ad6f-47aef91038a3,1883.84,[System],2026-08-27T16:02:38Z
1457757427,,,,,2cadbe78-c732-4476-861a-9bc67be72c08,,,,False,EUR,2026-08-30T16:02:38Z,1429970530,INV-0340,False,,,,,,2026-08-27T16:02:38Z,0.0,,Flex Fortnightly,,,,,,,MEM-001,Membership Revenue,,False,False,False,False,e04f71a2-c16f-4b29-ab48-6e5869c3476e,,0,,1,False,,,2026-08-20T22:00:00Z,250.0,,Flex Fortnightly,0.0,[No Tax],0.0,Flex Fortnightly,a665c8b6-7994-4557-bed9-cbf9f106427f,250.0,[System],2026-08-27T16:02:38Z
1457757428,,,,,2cadbe78-c732-4476-861a-9bc67be72c08,,,,False,EUR,2026-08-30T16:02:38Z,1429970530,INV-0340,False,,Parking Space,6719e1d1-633e-40e9-aeab-7ff30249377a,,,2026-08-27T16:02:38Z,0.0,,Parking Space,,,,,,,PRD-001,Product Sales,,False,False,False,False,e04f71a2-c16f-4b29-ab48-6e5869c3476e,,1,,1,False,,,2026-08-20T22:00:00Z,75.0,,,0.0,[No Tax],0.0,Parking Space,f0df09f6-f663-4222-a12b-a512a219b6bc,75.0,[System],2026-08-27T16:02:38Z
1457757438,,,,,deb914d0-ec9e-45b0-8927-b1f8a20aa6bf,,,,False,EUR,2026-08-30T16:02:39Z,1429970536,INV-0341,False,,,,,,2026-08-27T16:02:39Z,0.0,,Flex Fortnightly,,,,,,,MEM-001,Membership Revenue,,False,False,False,False,e04f71a2-c16f-4b29-ab48-6e5869c3476e,,0,,1,False,,,2026-01-25T23:00:00Z,250.0,,Flex Fortnightly,0.0,[No Tax],0.0,Flex Fortnightly,0fcfdc52-cfd9-4aee-8fe8-c6ae9e8b388e,250.0,[System],2026-08-27T16:02:39Z
1457757439,,,,,deb914d0-ec9e-45b0-8927-b1f8a20aa6bf,,,,False,EUR,2026-08-30T16:02:39Z,1429970536,INV-0341,False,,Parking Space,8d362e40-96e4-4b44-9b9c-09a4dfe4be29,,,2026-08-27T16:02:39Z,0.0,,Parking Space,,,,,,,PRD-001,Product Sales,,False,False,False,False,e04f71a2-c16f-4b29-ab48-6e5869c3476e,,1,,1,False,,,2026-01-25T23:00:00Z,75.0,,,0.0,[No Tax],0.0,Parking Space,992bde0f-6be6-4205-81ed-fd6183c912e8,75.0,[System],2026-08-27T16:02:39Z
1457759069,,,,,98b2ac8f-475a-4038-8609-c3387d034106,,,,False,EUR,2026-08-30T16:02:40Z,1429970542,INV-0345,False,,,,,,2026-08-27T16:02:40Z,0.0,,Flex Weekly,,,,,,,MEM-001,Membership Revenue,,False,False,False,False,e04f71a2-c16f-4b29-ab48-6e5869c3476e,,0,,1,False,,,2025-07-05T22:00:00Z,50.0,,Flex Weekly,0.0,[No Tax],0.0,Flex Weekly,16c04562-5378-4082-99eb-c319a472672a,50.0,[System],2026-08-27T16:02:40Z
1457759070,,,,,98b2ac8f-475a-4038-8609-c3387d034106,,,,False,EUR,2026-08-30T16:02:40Z,1429970542,INV-0345,False,,Storage Locker,a9294ee2-3068-4f5f-9c8e-034fb6b2cd50,,,2026-08-27T16:02:40Z,0.0,,Storage Locker,,,,,,,PRD-001,Product Sales,,False,False,False,False,e04f71a2-c16f-4b29-ab48-6e5869c3476e,,1,,1,False,,,2025-07-05T22:00:00Z,30.0,,,0.0,[No Tax],0.0,Storage Locker,91f8030b-86c3-4962-aa00-9606f4e25469,30.0,[System],2026-08-27T16:02:40Z
1457759071,,,,,05d57e40-8523-4290-87a0-5c3f06ee7d2b,,,,False,EUR,2026-08-30T16:02:40Z,1429970543,INV-0346,False,,,,,,2026-08-27T16:02:40Z,0.0,,Dedicated Desk Monthly,,,,,,,MEM-001,Membership Revenue,,False,False,False,False,e04f71a2-c16f-4b29-ab48-6e5869c3476e,,0,,1,False,,,2026-01-24T23:00:00Z,329.93,,Dedicated Desk Monthly,0.0,[No Tax],0.0,Dedicated Desk Monthly,4bd2ecf1-005d-4bdd-9fc1-0b00d0a45783,329.93,[System],2026-08-27T16:02:40Z
1457759072,,,,,05d57e40-8523-4290-87a0-5c3f06ee7d2b,,,,False,EUR,2026-08-30T16:02:40Z,1429970543,INV-0346,False,,Storage Locker,89c31b09-61dd-4062-91f3-16d9410d4c62,,,2026-08-27T16:02:40Z,0.0,,Storage Locker,,,,,,,PRD-001,Product Sales,,False,False,False,False,e04f71a2-c16f-4b29-ab48-6e5869c3476e,,1,,1,False,,,2026-01-24T23:00:00Z,30.0,,,0.0,[No Tax],0.0,Storage Locker,e54b6b8a-a721-47f9-8057-e10362d36d19,30.0,[System],2026-08-27T16:02:40Z
1457759073,,,,,cf0b2aef-9c2c-4260-89ca-d0b3369287f7,,,,False,EUR,2026-08-30T16:02:41Z,1429970544,INV-0347,False,,,,,,2026-08-27T16:02:41Z,0.0,,Flex Weekly,,,,,,,MEM-001,Membership Revenue,,False,False,False,False,e04f71a2-c16f-4b29-ab48-6e5869c3476e,,0,,1,False,,,2025-10-23T22:00:00Z,50.0,,Flex Weekly,0.0,[No Tax],0.0,Flex Weekly,dae74f69-efa3-4c13-843e-7987a28854a1,50.0,[System],2026-08-27T16:02:41Z
1457759074,,,,,cf0b2aef-9c2c-4260-89ca-d0b3369287f7,,,,False,EUR,2026-08-30T16:02:41Z,1429970544,INV-0347,False,,Storage Locker,b3eadc88-48b5-4a69-b895-ef3797feef10,,,2026-08-27T16:02:41Z,0.0,,Storage Locker,,,,,,,PRD-001,Product Sales,,False,False,False,False,e04f71a2-c16f-4b29-ab48-6e5869c3476e,,1,,1,False,,,2025-10-23T22:00:00Z,30.0,,,0.0,[No Tax],0.0,Storage Locker,b00c899f-82ee-465f-a967-81e662bd8b54,30.0,[System],2026-08-27T16:02:41Z
1457763084,,,,,2b593c66-b701-450c-bd4b-6ac15d83abde,,,,False,EUR,2026-08-30T22:01:54Z,1429972783,INV-0348,False,,,,,,2026-08-27T22:01:54Z,0.0,,Flex Fortnightly,,,,,,,MEM-001,Membership Revenue,,False,False,False,False,e04f71a2-c16f-4b29-ab48-6e5869c3476e,,0,,1,False,,,2026-07-24T22:00:00Z,250.0,,Flex Fortnightly,0.0,[No Tax],0.0,Flex Fortnightly,45bf1e1a-8735-4a8c-869a-cc60fc65f8ce,250.0,[System],2026-08-27T22:01:54Z
1457763085,,,,,2b593c66-b701-450c-bd4b-6ac15d83abde,,,,False,EUR,2026-08-30T22:01:54Z,1429972783,INV-0348,False,,Storage Locker,f6d38c01-be69-4470-ad59-a704242fb0d7,,,2026-08-27T22:01:54Z,0.0,,Storage Locker,,,,,,,PRD-001,Product Sales,,False,False,False,False,e04f71a2-c16f-4b29-ab48-6e5869c3476e,,1,,1,False,,,2026-07-24T22:00:00Z,30.0,,,0.0,[No Tax],0.0,Storage Locker,a1077ea3-8b2c-4b9d-a66f-4e85676bed8c,30.0,[System],2026-08-27T22:01:54Z
1457763407,,,,,ccd407f4-d6ae-4205-b329-40995062b471,,,,False,EUR,2026-08-30T22:02:47Z,1429972799,INV-0349,False,,,,,,2026-08-27T22:02:47Z,0.0,,Flex Weekly,,,,,,,MEM-001,Membership Revenue,,False,False,False,False,e04f71a2-c16f-4b29-ab48-6e5869c3476e,,0,,1,False,,,2026-04-18T22:00:00Z,44.93,,Flex Weekly,0.0,[No Tax],0.0,Flex Weekly,346f6197-fde4-4353-8f1a-edad6bd8a1c0,44.93,[System],2026-08-27T22:02:47Z
1457763408,,,,,ccd407f4-d6ae-4205-b329-40995062b471,,,,False,EUR,2026-08-30T22:02:47Z,1429972799,INV-0349,False,,Mail Handling,077282db-c474-4e75-a039-7b8d516a4d36,,,2026-08-27T22:02:47Z,0.0,,Mail Handling,,,,,,,PRD-001,Product Sales,,False,False,False,False,e04f71a2-c16f-4b29-ab48-6e5869c3476e,,1,,1,False,,,2026-04-18T22:00:00Z,20.0,,,0.0,[No Tax],0.0,Mail Handling,2b4e2d78-bf53-4769-9bbb-af7aceba0522,20.0,[System],2026-08-27T22:02:47Z
1457763438,,,,,0a9a0857-2e1e-483d-ba08-cae73a0bbc33,,,,False,EUR,2026-08-30T22:03:30Z,1429972824,INV-0351,False,,,,,,2026-08-27T22:03:30Z,0.0,,Flex Fortnightly,,,,,,,MEM-001,Membership Revenue,,False,False,False,False,e04f71a2-c16f-4b29-ab48-6e5869c3476e,,0,,1,False,,,2026-05-19T22:00:00Z,250.0,,Flex Fortnightly,0.0,[No Tax],0.0,Flex Fortnightly,361c22fd-7ca9-47cf-beae-5b9ebabb794a,250.0,[System],2026-08-27T22:03:30Z
1457763444,,,,,2ea47e1e-3154-4e0a-89fd-6878233ad8fa,,,,False,EUR,2026-08-30T22:05:13Z,1429972829,INV-0353,False,,,,,,2026-08-27T22:05:13Z,0.0,,Private Office Small,,,,,,,MEM-001,Membership Revenue,,False,False,False,False,e04f71a2-c16f-4b29-ab48-6e5869c3476e,,0,,1,False,,,2026-06-08T22:00:00Z,1200.0,,Private Office Small,0.0,[No Tax],0.0,Private Office Small,d5bead6c-c209-48aa-9e61-de6f6bfff6d1,1200.0,[System],2026-08-27T22:05:13Z
1457763471,,,,,1657f767-e59a-49fc-a23b-effc1bee7fee,,,,False,EUR,2026-08-30T22:05:42Z,1429972839,INV-0355,False,,,,,,2026-08-27T22:05:42Z,0.0,,Private Office Large,,,,,,,MEM-001,Membership Revenue,,False,False,False,False,e04f71a2-c16f-4b29-ab48-6e5869c3476e,,0,,1,False,,,2026-06-04T22:00:00Z,2000.0,,Private Office Large,0.0,[No Tax],0.0,Private Office Large,349b93fe-f5ce-46bd-a647-ea7d0d584ebb,2000.0,[System],2026-08-27T22:05:42Z
1457763357,,,,,8dc73148-3ee5-403c-86ba-c020eaec57da,,,,False,EUR,2026-08-30T22:02:56Z,1429972895,INV-0350,False,,,,,,2026-08-27T22:02:56Z,0.0,,Hot Desk Monthly,,,,,,,MEM-001,Membership Revenue,,False,False,False,False,e04f71a2-c16f-4b29-ab48-6e5869c3476e,,0,,1,False,,,2026-09-14T22:00:00Z,150.0,,Hot Desk Monthly,0.0,[No Tax],0.0,Hot Desk Monthly,69610d4a-8900-4893-ac20-23520b53cc66,150.0,[System],2026-08-27T22:02:56Z
1457763358,2b024fa2-6fc8-4ddf-98a9-8807e238d8bf,,,,,,,,False,EUR,2026-08-30T22:02:56Z,1429972895,INV-0350,False,,AV Equipment,b90a8198-85a6-46c4-94e8-53f10101ce4f,,,2026-08-27T22:02:56Z,0.0,,- AV Equipment,,,,,,,PRD-001,Product Sales,,False,False,False,False,e04f71a2-c16f-4b29-ab48-6e5869c3476e,,1,,1,False,,,2026-08-23T11:00:00Z,25.0,,,0.0,[No Tax],0.0,- AV Equipment,11efa894-50ef-44ce-a60b-97d4f9ec3f58,25.0,[System],2026-08-27T22:02:56Z
1457763398,,,,,deb914d0-ec9e-45b0-8927-b1f8a20aa6bf,,,,False,EUR,2026-08-30T22:04:53Z,1429972923,INV-0352,False,,,,,,2026-08-27T22:04:53Z,0.0,,Flex Fortnightly,,,,,,,MEM-001,Membership Revenue,,False,False,False,False,e04f71a2-c16f-4b29-ab48-6e5869c3476e,,0,,1,False,,,2026-02-08T23:00:00Z,250.0,,Flex Fortnightly,0.0,[No Tax],0.0,Flex Fortnightly,84ca12f9-3574-49f3-91b5-c0aa5fef093c,250.0,[System],2026-08-27T22:04:53Z
1457763399,,,,,deb914d0-ec9e-45b0-8927-b1f8a20aa6bf,,,,False,EUR,2026-08-30T22:04:53Z,1429972923,INV-0352,False,,Parking Space,4b87f50a-4531-45f4-ac39-043eec49a441,,,2026-08-27T22:04:53Z,0.0,,Parking Space,,,,,,,PRD-001,Product Sales,,False,False,False,False,e04f71a2-c16f-4b29-ab48-6e5869c3476e,,1,,1,False,,,2026-02-08T23:00:00Z,75.0,,,0.0,[No Tax],0.0,Parking Space,a83637e2-0952-4a5e-bc3d-de4ccd19ffd7,75.0,[System],2026-08-27T22:04:53Z
1457763610,,,,,c2034b47-1027-4fec-b92a-064d48bdd135,,,,False,EUR,2026-08-30T22:05:17Z,1429972927,INV-0354,False,,,,,,2026-08-27T22:05:17Z,0.0,,Private Office Large,,,,,,,MEM-001,Membership Revenue,,False,False,False,False,e04f71a2-c16f-4b29-ab48-6e5869c3476e,,0,,1,False,,,2026-06-05T22:00:00Z,2000.0,,Private Office Large,0.0,[No Tax],0.0,Private Office Large,e252206f-30b3-4add-9ce5-84d1ca100ee5,2000.0,[System],2026-08-27T22:05:17Z
1457763486,,,,,05d57e40-8523-4290-87a0-5c3f06ee7d2b,,,,False,EUR,2026-08-30T22:05:59Z,1429973049,INV-0356,False,,,,,,2026-08-27T22:05:59Z,0.0,,Dedicated Desk Monthly,,,,,,,MEM-001,Membership Revenue,,False,False,False,False,e04f71a2-c16f-4b29-ab48-6e5869c3476e,,0,,1,False,,,2026-02-24T23:00:00Z,329.93,,Dedicated Desk Monthly,0.0,[No Tax],0.0,Dedicated Desk Monthly,52a7225f-f5ac-4fc6-9142-21a35366118d,329.93,[System],2026-08-27T22:05:59Z
1457763487,,,,,05d57e40-8523-4290-87a0-5c3f06ee7d2b,,,,False,EUR,2026-08-30T22:05:59Z,1429973049,INV-0356,False,,Storage Locker,13c3facb-e494-4689-8558-2ee76c9b4767,,,2026-08-27T22:05:59Z,0.0,,Storage Locker,,,,,,,PRD-001,Product Sales,,False,False,False,False,e04f71a2-c16f-4b29-ab48-6e5869c3476e,,1,,1,False,,,2026-02-24T23:00:00Z,30.0,,,0.0,[No Tax],0.0,Storage Locker,946015de-0e8e-48c1-8fba-7e073635fe81,30.0,[System],2026-08-27T22:05:59Z
1457763716,,,,,98b2ac8f-475a-4038-8609-c3387d034106,,,,False,EUR,2026-08-30T22:06:01Z,1429973054,INV-0357,False,,,,,,2026-08-27T22:06:01Z,0.0,,Flex Weekly,,,,,,,MEM-001,Membership Revenue,,False,False,False,False,e04f71a2-c16f-4b29-ab48-6e5869c3476e,,0,,1,False,,,2025-07-12T22:00:00Z,50.0,,Flex Weekly,0.0,[No Tax],0.0,Flex Weekly,a030b0cd-bac6-4b07-b31e-0a539a80998d,50.0,[System],2026-08-27T22:06:01Z
1457763717,,,,,98b2ac8f-475a-4038-8609-c3387d034106,,,,False,EUR,2026-08-30T22:06:01Z,1429973054,INV-0357,False,,Storage Locker,617c3a7d-4772-4cd8-8501-eb05e0554ca9,,,2026-08-27T22:06:01Z,0.0,,Storage Locker,,,,,,,PRD-001,Product Sales,,False,False,False,False,e04f71a2-c16f-4b29-ab48-6e5869c3476e,,1,,1,False,,,2025-07-12T22:00:00Z,30.0,,,0.0,[No Tax],0.0,Storage Locker,c68f109b-54a4-44fb-8ecc-dd878dceba37,30.0,[System],2026-08-27T22:06:01Z
1457763721,,,,,cf0b2aef-9c2c-4260-89ca-d0b3369287f7,,,,False,EUR,2026-08-30T22:06:21Z,1429973056,INV-0358,False,,,,,,2026-08-27T22:06:21Z,0.0,,Flex Weekly,,,,,,,MEM-001,Membership Revenue,,False,False,False,False,e04f71a2-c16f-4b29-ab48-6e5869c3476e,,0,,1,False,,,2025-10-30T23:00:00Z,50.0,,Flex Weekly,0.0,[No Tax],0.0,Flex Weekly,4ca83a0a-a19c-4aa5-82d6-3e069e07efa6,50.0,[System],2026-08-27T22:06:21Z
1457763722,,,,,cf0b2aef-9c2c-4260-89ca-d0b3369287f7,,,,False,EUR,2026-08-30T22:06:21Z,1429973056,INV-0358,False,,Storage Locker,f32325af-aaef-4b3e-826b-9ad1860af996,,,2026-08-27T22:06:21Z,0.0,,Storage Locker,,,,,,,PRD-001,Product Sales,,False,False,False,False,e04f71a2-c16f-4b29-ab48-6e5869c3476e,,1,,1,False,,,2025-10-30T23:00:00Z,30.0,,,0.0,[No Tax],0.0,Storage Locker,faecd550-228a-4557-a6cb-4df2a6cca5ba,30.0,[System],2026-08-27T22:06:21Z
1457767022,,,,,ccd407f4-d6ae-4205-b329-40995062b471,,,,False,EUR,2026-08-31T04:01:39Z,1429973981,INV-0359,False,,,,,,2026-08-28T04:01:39Z,0.0,,Flex Weekly,,,,,,,MEM-001,Membership Revenue,,False,False,False,False,e04f71a2-c16f-4b29-ab48-6e5869c3476e,,0,,1,False,,,2026-04-25T22:00:00Z,44.93,,Flex Weekly,0.0,[No Tax],0.0,Flex Weekly,bf25f938-20f8-41d0-9855-e510cb5ae34f,44.93,[System],2026-08-28T04:01:39Z
1457767023,,,,,ccd407f4-d6ae-4205-b329-40995062b471,,,,False,EUR,2026-08-31T04:01:39Z,1429973981,INV-0359,False,,Mail Handling,1e014874-c245-4f5b-9de6-00a4f780ac84,,,2026-08-28T04:01:39Z,0.0,,Mail Handling,,,,,,,PRD-001,Product Sales,,False,False,False,False,e04f71a2-c16f-4b29-ab48-6e5869c3476e,,1,,1,False,,,2026-04-25T22:00:00Z,20.0,,,0.0,[No Tax],0.0,Mail Handling,2187b386-3545-4899-9918-e0e2ad972953,20.0,[System],2026-08-28T04:01:39Z
1457767668,,,,,0a9a0857-2e1e-483d-ba08-cae73a0bbc33,,,,False,EUR,2026-08-31T04:02:01Z,1429974608,INV-0360,False,,,,,,2026-08-28T04:02:01Z,0.0,,Flex Fortnightly,,,,,,,MEM-001,Membership Revenue,,False,False,False,False,e04f71a2-c16f-4b29-ab48-6e5869c3476e,,0,,1,False,,,2026-06-02T22:00:00Z,250.0,,Flex Fortnightly,0.0,[No Tax],0.0,Flex Fortnightly,9fdb763b-ae11-4d60-a817-99d0e1377c8c,250.0,[System],2026-08-28T04:02:01Z
1457767899,,,,,2b593c66-b701-450c-bd4b-6ac15d83abde,,,,False,EUR,2026-08-31T04:04:33Z,1429974818,INV-0361,False,,,,,,2026-08-28T04:04:33Z,0.0,,Flex Fortnightly,,,,,,,MEM-001,Membership Revenue,,False,False,False,False,e04f71a2-c16f-4b29-ab48-6e5869c3476e,,0,,1,False,,,2026-08-07T22:00:00Z,250.0,,Flex Fortnightly,0.0,[No Tax],0.0,Flex Fortnightly,3e10dd13-bc7d-45b0-b611-44e5bb78abcd,250.0,[System],2026-08-28T04:04:33Z
1457767900,,,,,2b593c66-b701-450c-bd4b-6ac15d83abde,,,,False,EUR,2026-08-31T04:04:33Z,1429974818,INV-0361,False,,Storage Locker,70e8a737-071e-4944-b234-18a0a44927c1,,,2026-08-28T04:04:33Z,0.0,,Storage Locker,,,,,,,PRD-001,Product Sales,,False,False,False,False,e04f71a2-c16f-4b29-ab48-6e5869c3476e,,1,,1,False,,,2026-08-07T22:00:00Z,30.0,,,0.0,[No Tax],0.0,Storage Locker,72f2dd13-91e8-4fe8-8c54-1ca95976c6d9,30.0,[System],2026-08-28T04:04:33Z
1457768016,,,,,deb914d0-ec9e-45b0-8927-b1f8a20aa6bf,,,,False,EUR,2026-08-31T04:05:02Z,1429974918,INV-0362,False,,,,,,2026-08-28T04:05:02Z,0.0,,Flex Fortnightly,,,,,,,MEM-001,Membership Revenue,,False,False,False,False,e04f71a2-c16f-4b29-ab48-6e5869c3476e,,0,,1,False,,,2026-02-22T23:00:00Z,250.0,,Flex Fortnightly,0.0,[No Tax],0.0,Flex Fortnightly,786869e4-bfc0-4c45-9021-6fbdbc5ff997,250.0,[System],2026-08-28T04:05:02Z
1457768017,,,,,deb914d0-ec9e-45b0-8927-b1f8a20aa6bf,,,,False,EUR,2026-08-31T04:05:02Z,1429974918,INV-0362,False,,Parking Space,46a1a3e2-216e-4f86-9bfc-e880598fe559,,,2026-08-28T04:05:02Z,0.0,,Parking Space,,,,,,,PRD-001,Product Sales,,False,False,False,False,e04f71a2-c16f-4b29-ab48-6e5869c3476e,,1,,1,False,,,2026-02-22T23:00:00Z,75.0,,,0.0,[No Tax],0.0,Parking Space,c4354a99-a2af-46d3-861a-cbcbf5fae331,75.0,[System],2026-08-28T04:05:02Z
1457768186,,,,,98b2ac8f-475a-4038-8609-c3387d034106,,,,False,EUR,2026-08-31T04:05:22Z,1429974961,INV-0365,False,,,,,,2026-08-28T04:05:22Z,0.0,,Flex Weekly,,,,,,,MEM-001,Membership Revenue,,False,False,False,False,e04f71a2-c16f-4b29-ab48-6e5869c3476e,,0,,1,False,,,2025-07-19T22:00:00Z,50.0,,Flex Weekly,0.0,[No Tax],0.0,Flex Weekly,ff085482-784f-40a3-9437-8c619139accf,50.0,[System],2026-08-28T04:05:22Z
1457768187,,,,,98b2ac8f-475a-4038-8609-c3387d034106,,,,False,EUR,2026-08-31T04:05:22Z,1429974961,INV-0365,False,,Storage Locker,6dc78ced-704e-4ee2-b08b-fd597160e93f,,,2026-08-28T04:05:22Z,0.0,,Storage Locker,,,,,,,PRD-001,Product Sales,,False,False,False,False,e04f71a2-c16f-4b29-ab48-6e5869c3476e,,1,,1,False,,,2025-07-19T22:00:00Z,30.0,,,0.0,[No Tax],0.0,Storage Locker,15f2bf88-1158-4b40-b083-ea5f5651f593,30.0,[System],2026-08-28T04:05:22Z
1457768189,,,,,05d57e40-8523-4290-87a0-5c3f06ee7d2b,,,,False,EUR,2026-08-31T04:05:22Z,1429974963,INV-0366,False,,,,,,2026-08-28T04:05:22Z,0.0,,Dedicated Desk Monthly,,,,,,,MEM-001,Membership Revenue,,False,False,False,False,e04f71a2-c16f-4b29-ab48-6e5869c3476e,,0,,1,False,,,2026-03-24T23:00:00Z,329.93,,Dedicated Desk Monthly,0.0,[No Tax],0.0,Dedicated Desk Monthly,6422d1f4-269b-438e-a9c0-6a6b70b64f53,329.93,[System],2026-08-28T04:05:22Z
1457768190,,,,,05d57e40-8523-4290-87a0-5c3f06ee7d2b,,,,False,EUR,2026-08-31T04:05:22Z,1429974963,INV-0366,False,,Storage Locker,53e7d69a-5059-49a4-9491-2b3e95acaf78,,,2026-08-28T04:05:22Z,0.0,,Storage Locker,,,,,,,PRD-001,Product Sales,,False,False,False,False,e04f71a2-c16f-4b29-ab48-6e5869c3476e,,1,,1,False,,,2026-03-24T23:00:00Z,30.0,,,0.0,[No Tax],0.0,Storage Locker,aaee557a-961b-465e-9ebd-5d89ffb07b9c,30.0,[System],2026-08-28T04:05:22Z
1457768191,,,,,1657f767-e59a-49fc-a23b-effc1bee7fee,,,,False,EUR,2026-08-31T04:05:22Z,1429974964,INV-0367,False,,,,,,2026-08-28T04:05:22Z,0.0,,Private Office Large,,,,,,,MEM-001,Membership Revenue,,False,False,False,False,e04f71a2-c16f-4b29-ab48-6e5869c3476e,,0,,1,False,,,2026-07-04T22:00:00Z,2000.0,,Private Office Large,0.0,[No Tax],0.0,Private Office Large,db1b5678-93e5-42c7-8106-5bc0b1765267,2000.0,[System],2026-08-28T04:05:22Z
1457768192,,,,,cf0b2aef-9c2c-4260-89ca-d0b3369287f7,,,,False,EUR,2026-08-31T04:05:23Z,1429974965,INV-0368,False,,,,,,2026-08-28T04:05:23Z,0.0,,Flex Weekly,,,,,,,MEM-001,Membership Revenue,,False,False,False,False,e04f71a2-c16f-4b29-ab48-6e5869c3476e,,0,,1,False,,,2025-11-06T23:00:00Z,50.0,,Flex Weekly,0.0,[No Tax],0.0,Flex Weekly,4e477e99-0a7d-4e03-a587-c3c689954457,50.0,[System],2026-08-28T04:05:23Z
1457768193,,,,,cf0b2aef-9c2c-4260-89ca-d0b3369287f7,,,,False,EUR,2026-08-31T04:05:23Z,1429974965,INV-0368,False,,Storage Locker,01fd9927-8cc6-4897-94ba-4e83ca290cbf,,,2026-08-28T04:05:23Z,0.0,,Storage Locker,,,,,,,PRD-001,Product Sales,,False,False,False,False,e04f71a2-c16f-4b29-ab48-6e5869c3476e,,1,,1,False,,,2025-11-06T23:00:00Z,30.0,,,0.0,[No Tax],0.0,Storage Locker,e495f614-ed41-46fa-ae3d-a96f6c9bd11e,30.0,[System],2026-08-28T04:05:23Z
1457768095,,,,,c2034b47-1027-4fec-b92a-064d48bdd135,,,,False,EUR,2026-08-31T04:05:13Z,1429974994,INV-0363,False,,,,,,2026-08-28T04:05:13Z,0.0,,Private Office Large,,,,,,,MEM-001,Membership Revenue,,False,False,False,False,e04f71a2-c16f-4b29-ab48-6e5869c3476e,,0,,1,False,,,2026-07-05T22:00:00Z,2000.0,,Private Office Large,0.0,[No Tax],0.0,Private Office Large,759f1899-c4e2-4aa1-81bf-1d82f2ec47b3,2000.0,[System],2026-08-28T04:05:13Z
1457768096,,,,,2ea47e1e-3154-4e0a-89fd-6878233ad8fa,,,,False,EUR,2026-08-31T04:05:13Z,1429974995,INV-0364,False,,,,,,2026-08-28T04:05:13Z,0.0,,Private Office Small,,,,,,,MEM-001,Membership Revenue,,False,False,False,False,e04f71a2-c16f-4b29-ab48-6e5869c3476e,,0,,1,False,,,2026-07-08T22:00:00Z,1200.0,,Private Office Small,0.0,[No Tax],0.0,Private Office Small,d3e93fb0-b8c8-4b35-a08d-87891bf32e1a,1200.0,[System],2026-08-28T04:05:13Z
